name,category,match_type,value,source,mode,scope,evidence_level,support,confidence,notes,alias_group,tier,enabled_by_default,specificity,expected_frequency,recommended_action
NL:massbank_MSBNK-AAFC-AC000001,NL,mass_diff,1.0067,MassBank record-derived,positive,Natural Product; Fungal metabolite,medium,1,observed,Mellein; LC-ESI-ITFT; MS2; CE: 10; R=17500; [M+H]+,mass_diff:1.0050,extended,True,medium,medium,keep
CF:massbank_MSBNK-AAFC-AC000001_133_0648,CF,peak_mz,133.0648,MassBank record-derived,positive,Natural Product; Fungal metabolite,medium,1,observed,Mellein; LC-ESI-ITFT; MS2; CE: 10; R=17500; [M+H]+,peak_mz:133.0650,extended,True,medium,medium,keep
CF:massbank_MSBNK-AAFC-AC000001_151_0754,CF,peak_mz,151.0754,MassBank record-derived,positive,Natural Product; Fungal metabolite,medium,1,observed,Mellein; LC-ESI-ITFT; MS2; CE: 10; R=17500; [M+H]+,peak_mz:151.0750,extended,True,medium,medium,keep
CF:massbank_MSBNK-AAFC-AC000001_155_9743,CF,peak_mz,155.9743,MassBank record-derived,positive,Natural Product; Fungal metabolite,medium,1,observed,Mellein; LC-ESI-ITFT; MS2; CE: 10; R=17500; [M+H]+,peak_mz:155.9750,extended,True,medium,medium,keep
CF:massbank_MSBNK-AAFC-AC000002_155_9745,CF,peak_mz,155.9745,MassBank record-derived,positive,Natural Product; Fungal metabolite,medium,1,observed,Mellein; LC-ESI-ITFT; MS2; CE: 20; R=17500; [M+H]+,peak_mz:155.9750,extended,True,medium,medium,keep
CF:massbank_MSBNK-AAFC-AC000003_105_0699,CF,peak_mz,105.0699,MassBank record-derived,positive,Natural Product; Fungal metabolite,medium,1,observed,Mellein; LC-ESI-ITFT; MS2; CE: 30; R=17500; [M+H]+,peak_mz:105.0700,extended,True,medium,medium,keep
CF:massbank_MSBNK-AAFC-AC000005_115_0542,CF,peak_mz,115.0542,MassBank record-derived,positive,Natural Product; Fungal metabolite,medium,1,observed,Mellein; LC-ESI-ITFT; MS2; CE: 50; R=17500; [M+H]+,peak_mz:115.0550,extended,True,medium,medium,keep
CF:massbank_MSBNK-AAFC-AC000006_506_3324,CF,peak_mz,506.3324,MassBank record-derived,positive,Natural Product; Fungal metabolite,medium,1,observed,AAL toxin TB; LC-ESI-ITFT; MS2; CE: 10; R=17500; [M+H]+,peak_mz:506.3300,extended,True,medium,medium,keep
CF:massbank_MSBNK-AAFC-AC000007_276_2686,CF,peak_mz,276.2686,MassBank record-derived,positive,Natural Product; Fungal metabolite,medium,1,observed,AAL toxin TB; LC-ESI-ITFT; MS2; CE: 20; R=17500; [M+H]+,peak_mz:276.2700,extended,True,medium,medium,keep
CF:massbank_MSBNK-AAFC-AC000007_294_2792,CF,peak_mz,294.2792,MassBank record-derived,positive,Natural Product; Fungal metabolite,medium,1,observed,AAL toxin TB; LC-ESI-ITFT; MS2; CE: 20; R=17500; [M+H]+,peak_mz:294.2800,extended,True,medium,medium,keep
CF:massbank_MSBNK-AAFC-AC000007_312_287,CF,peak_mz,312.287,MassBank record-derived,positive,Natural Product; Fungal metabolite,medium,1,observed,AAL toxin TB; LC-ESI-ITFT; MS2; CE: 20; R=17500; [M+H]+,peak_mz:312.2850,extended,True,medium,medium,keep
CF:massbank_MSBNK-AAFC-AC000008_56_0502,CF,peak_mz,56.0502,MassBank record-derived,positive,Natural Product; Fungal metabolite,medium,1,observed,AAL toxin TB; LC-ESI-ITFT; MS2; CE: 30; R=17500; [M+H]+,peak_mz:56.0500,extended,True,medium,medium,keep
CF:massbank_MSBNK-AAFC-AC000008_57_0706,CF,peak_mz,57.0706,MassBank record-derived,positive,Natural Product; Fungal metabolite,medium,1,observed,AAL toxin TB; LC-ESI-ITFT; MS2; CE: 30; R=17500; [M+H]+,peak_mz:57.0700,extended,True,medium,medium,keep
CF:massbank_MSBNK-AAFC-AC000008_60_045,CF,peak_mz,60.045,MassBank record-derived,positive,Natural Product; Fungal metabolite,medium,1,observed,AAL toxin TB; LC-ESI-ITFT; MS2; CE: 30; R=17500; [M+H]+,peak_mz:60.0450,extended,True,medium,medium,keep
NL:massbank_MSBNK-AAFC-AC000011,NL,mass_diff,22.9887,MassBank record-derived,positive,Natural Product; Fungal metabolite,medium,1,observed,AAL toxin TB; LC-ESI-ITFT; MS2; CE: 10; R=17500; [M+Na]+,mass_diff:22.9900,extended,True,medium,medium,keep
CF:massbank_MSBNK-AAFC-AC000011_528_3143,CF,peak_mz,528.3143,MassBank record-derived,positive,Natural Product; Fungal metabolite,medium,1,observed,AAL toxin TB; LC-ESI-ITFT; MS2; CE: 10; R=17500; [M+Na]+,peak_mz:528.3150,extended,True,medium,medium,keep
CF:massbank_MSBNK-AAFC-AC000012_352_282,CF,peak_mz,352.282,MassBank record-derived,positive,Natural Product; Fungal metabolite,medium,1,observed,AAL toxin TB; LC-ESI-ITFT; MS2; CE: 20; R=17500; [M+Na]+,peak_mz:352.2800,extended,True,medium,medium,keep
CF:massbank_MSBNK-AAFC-AC000013_199_0213,CF,peak_mz,199.0213,MassBank record-derived,positive,Natural Product; Fungal metabolite,medium,1,observed,AAL toxin TB; LC-ESI-ITFT; MS2; CE: 30; R=17500; [M+Na]+,peak_mz:199.0200,extended,True,medium,medium,keep
CF:massbank_MSBNK-AAFC-AC000014_282_2037,CF,peak_mz,282.2037,MassBank record-derived,positive,Natural Product; Fungal metabolite,medium,1,observed,AAL toxin TB; LC-ESI-ITFT; MS2; CE: 35; R=17500; [M+Na]+,peak_mz:282.2050,extended,True,medium,medium,keep
CF:massbank_MSBNK-AAFC-AC000015_64_9781,CF,peak_mz,64.9781,MassBank record-derived,positive,Natural Product; Fungal metabolite,medium,1,observed,AAL toxin TB; LC-ESI-ITFT; MS2; CE: 50; R=17500; [M+Na]+,peak_mz:64.9800,extended,True,medium,medium,keep
CF:massbank_MSBNK-AAFC-AC000015_81_0699,CF,peak_mz,81.0699,MassBank record-derived,positive,Natural Product; Fungal metabolite,medium,1,observed,AAL toxin TB; LC-ESI-ITFT; MS2; CE: 50; R=17500; [M+Na]+,peak_mz:81.0700,extended,True,medium,medium,keep
CF:massbank_MSBNK-AAFC-AC000016_313_0707,CF,peak_mz,313.0707,MassBank record-derived,positive,Natural Product; Fungal metabolite,medium,1,observed,Aflatoxin B1; LC-ESI-ITFT; MS2; CE: 10; R=17500; [M+H]+,peak_mz:313.0700,extended,True,medium,medium,keep
CF:massbank_MSBNK-AAFC-AC000018_284_0679,CF,peak_mz,284.0679,MassBank record-derived,positive,Natural Product; Fungal metabolite,medium,1,observed,Aflatoxin B1; LC-ESI-ITFT; MS2; CE: 30; R=17500; [M+H]+,peak_mz:284.0700,extended,True,medium,medium,keep
CF:massbank_MSBNK-AAFC-AC000018_285_0757,CF,peak_mz,285.0757,MassBank record-derived,positive,Natural Product; Fungal metabolite,medium,1,observed,Aflatoxin B1; LC-ESI-ITFT; MS2; CE: 30; R=17500; [M+H]+,peak_mz:285.0750,extended,True,medium,medium,keep
CF:massbank_MSBNK-AAFC-AC000019_257_0808,CF,peak_mz,257.0808,MassBank record-derived,positive,Natural Product; Fungal metabolite,medium,1,observed,Aflatoxin B1; LC-ESI-ITFT; MS2; CE: 35; R=17500; [M+H]+,peak_mz:257.0800,extended,True,medium,medium,keep
CF:massbank_MSBNK-AAFC-AC000019_270_0523,CF,peak_mz,270.0523,MassBank record-derived,positive,Natural Product; Fungal metabolite,medium,1,observed,Aflatoxin B1; LC-ESI-ITFT; MS2; CE: 35; R=17500; [M+H]+,peak_mz:270.0500,extended,True,medium,medium,keep
CF:massbank_MSBNK-AAFC-AC000020_173_0961,CF,peak_mz,173.0961,MassBank record-derived,positive,Natural Product; Fungal metabolite,medium,1,observed,Aflatoxin B1; LC-ESI-ITFT; MS2; CE: 50; R=17500; [M+H]+,peak_mz:173.0950,extended,True,medium,medium,keep
CF:massbank_MSBNK-AAFC-AC000020_186_0675,CF,peak_mz,186.0675,MassBank record-derived,positive,Natural Product; Fungal metabolite,medium,1,observed,Aflatoxin B1; LC-ESI-ITFT; MS2; CE: 50; R=17500; [M+H]+,peak_mz:186.0700,extended,True,medium,medium,keep
CF:massbank_MSBNK-AAFC-AC000020_187_0754,CF,peak_mz,187.0754,MassBank record-derived,positive,Natural Product; Fungal metabolite,medium,1,observed,Aflatoxin B1; LC-ESI-ITFT; MS2; CE: 50; R=17500; [M+H]+,peak_mz:187.0750,extended,True,medium,medium,keep
NL:massbank_MSBNK-AAFC-AC000021,NL,mass_diff,22.9886,MassBank record-derived,positive,Natural Product; Fungal metabolite,medium,1,observed,Aflatoxin B1; LC-ESI-ITFT; MS2; CE: 10; R=17500; [M+Na]+,mass_diff:22.9900,extended,True,medium,medium,keep
CF:massbank_MSBNK-AAFC-AC000021_335_0526,CF,peak_mz,335.0526,MassBank record-derived,positive,Natural Product; Fungal metabolite,medium,1,observed,Aflatoxin B1; LC-ESI-ITFT; MS2; CE: 10; R=17500; [M+Na]+,peak_mz:335.0550,extended,True,medium,medium,keep
CF:massbank_MSBNK-AAFC-AC000024_306_0499,CF,peak_mz,306.0499,MassBank record-derived,positive,Natural Product; Fungal metabolite,medium,1,observed,Aflatoxin B1; LC-ESI-ITFT; MS2; CE: 35; R=17500; [M+Na]+,peak_mz:306.0500,extended,True,medium,medium,keep
CF:massbank_MSBNK-AAFC-AC000025_129_6869,CF,peak_mz,129.6869,MassBank record-derived,positive,Natural Product; Fungal metabolite,medium,1,observed,Aflatoxin B1; LC-ESI-ITFT; MS2; CE: 50; R=17500; [M+Na]+,peak_mz:129.6850,extended,True,medium,medium,keep
CF:massbank_MSBNK-AAFC-AC000025_291_0264,CF,peak_mz,291.0264,MassBank record-derived,positive,Natural Product; Fungal metabolite,medium,1,observed,Aflatoxin B1; LC-ESI-ITFT; MS2; CE: 50; R=17500; [M+Na]+,peak_mz:291.0250,extended,True,medium,medium,keep
NL:massbank_MSBNK-AAFC-AC000026,NL,mass_diff,1.0068,MassBank record-derived,positive,Natural Product; Fungal metabolite,medium,1,observed,Aflatoxin B2; LC-ESI-ITFT; MS2; CE: 20; R=17500; [M+H]+,mass_diff:1.0050,extended,True,medium,medium,keep
CF:massbank_MSBNK-AAFC-AC000026_315_0863,CF,peak_mz,315.0863,MassBank record-derived,positive,Natural Product; Fungal metabolite,medium,1,observed,Aflatoxin B2; LC-ESI-ITFT; MS2; CE: 20; R=17500; [M+H]+,peak_mz:315.0850,extended,True,medium,medium,keep
CF:massbank_MSBNK-AAFC-AC000027_287_0914,CF,peak_mz,287.0914,MassBank record-derived,positive,Natural Product; Fungal metabolite,medium,1,observed,Aflatoxin B2; LC-ESI-ITFT; MS2; CE: 30; R=17500; [M+H]+,peak_mz:287.0900,extended,True,medium,medium,keep
CF:massbank_MSBNK-AAFC-AC000028_259_0601,CF,peak_mz,259.0601,MassBank record-derived,positive,Natural Product; Fungal metabolite,medium,1,observed,Aflatoxin B2; LC-ESI-ITFT; MS2; CE: 35; R=17500; [M+H]+,peak_mz:259.0600,extended,True,medium,medium,keep
CF:massbank_MSBNK-AAFC-AC000028_297_0757,CF,peak_mz,297.0757,MassBank record-derived,positive,Natural Product; Fungal metabolite,medium,1,observed,Aflatoxin B2; LC-ESI-ITFT; MS2; CE: 35; R=17500; [M+H]+,peak_mz:297.0750,extended,True,medium,medium,keep
CF:massbank_MSBNK-AAFC-AC000029_203_0703,CF,peak_mz,203.0703,MassBank record-derived,positive,Natural Product; Fungal metabolite,medium,1,observed,Aflatoxin B2; LC-ESI-ITFT; MS2; CE: 50; R=17500; [M+H]+,peak_mz:203.0700,extended,True,medium,medium,keep
CF:massbank_MSBNK-AAFC-AC000029_213_091,CF,peak_mz,213.091,MassBank record-derived,positive,Natural Product; Fungal metabolite,medium,1,observed,Aflatoxin B2; LC-ESI-ITFT; MS2; CE: 50; R=17500; [M+H]+,peak_mz:213.0900,extended,True,medium,medium,keep
CF:massbank_MSBNK-AAFC-AC000029_217_0495,CF,peak_mz,217.0495,MassBank record-derived,positive,Natural Product; Fungal metabolite,medium,1,observed,Aflatoxin B2; LC-ESI-ITFT; MS2; CE: 50; R=17500; [M+H]+,peak_mz:217.0500,extended,True,medium,medium,keep
CF:massbank_MSBNK-AAFC-AC000030_337_0682,CF,peak_mz,337.0682,MassBank record-derived,positive,Natural Product; Fungal metabolite,medium,1,observed,Aflatoxin B2; LC-ESI-ITFT; MS2; CE: 35; R=17500; [M+Na]+,peak_mz:337.0700,extended,True,medium,medium,keep
CF:massbank_MSBNK-AAFC-AC000031_54_9536,CF,peak_mz,54.9536,MassBank record-derived,positive,Natural Product; Fungal metabolite,medium,1,observed,Aflatoxin B2; LC-ESI-ITFT; MS2; CE: 50; R=17500; [M+Na]+,peak_mz:54.9550,extended,True,medium,medium,keep
CF:massbank_MSBNK-AAFC-AC000031_64_9778,CF,peak_mz,64.9778,MassBank record-derived,positive,Natural Product; Fungal metabolite,medium,1,observed,Aflatoxin B2; LC-ESI-ITFT; MS2; CE: 50; R=17500; [M+Na]+,peak_mz:64.9800,extended,True,medium,medium,keep
CF:massbank_MSBNK-AAFC-AC000031_73_9265,CF,peak_mz,73.9265,MassBank record-derived,positive,Natural Product; Fungal metabolite,medium,1,observed,Aflatoxin B2; LC-ESI-ITFT; MS2; CE: 50; R=17500; [M+Na]+,peak_mz:73.9250,extended,True,medium,medium,keep
CF:massbank_MSBNK-AAFC-AC000032_243_0652,CF,peak_mz,243.0652,MassBank record-derived,positive,Natural Product; Fungal metabolite,medium,1,observed,Aflatoxin G1; LC-ESI-ITFT; MS2; CE: 30; R=17500; [M+H]+,peak_mz:243.0650,extended,True,medium,medium,keep
CF:massbank_MSBNK-AAFC-AC000032_283_0601,CF,peak_mz,283.0601,MassBank record-derived,positive,Natural Product; Fungal metabolite,medium,1,observed,Aflatoxin G1; LC-ESI-ITFT; MS2; CE: 30; R=17500; [M+H]+,peak_mz:283.0600,extended,True,medium,medium,keep
CF:massbank_MSBNK-AAFC-AC000032_311_055,CF,peak_mz,311.055,MassBank record-derived,positive,Natural Product; Fungal metabolite,medium,1,observed,Aflatoxin G1; LC-ESI-ITFT; MS2; CE: 30; R=17500; [M+H]+,peak_mz:311.0550,extended,True,medium,medium,keep
CF:massbank_MSBNK-AAFC-AC000033_215_0703,CF,peak_mz,215.0703,MassBank record-derived,positive,Natural Product; Fungal metabolite,medium,1,observed,Aflatoxin G1; LC-ESI-ITFT; MS2; CE: 35; R=17500; [M+H]+,peak_mz:215.0700,extended,True,medium,medium,keep
CF:massbank_MSBNK-AAFC-AC000034_185_0597,CF,peak_mz,185.0597,MassBank record-derived,positive,Natural Product; Fungal metabolite,medium,1,observed,Aflatoxin G1; LC-ESI-ITFT; MS2; CE: 50; R=17500; [M+H]+,peak_mz:185.0600,extended,True,medium,medium,keep
CF:massbank_MSBNK-AAFC-AC000034_197_0597,CF,peak_mz,197.0597,MassBank record-derived,positive,Natural Product; Fungal metabolite,medium,1,observed,Aflatoxin G1; LC-ESI-ITFT; MS2; CE: 50; R=17500; [M+H]+,peak_mz:197.0600,extended,True,medium,medium,keep
CF:massbank_MSBNK-AAFC-AC000034_199_0754,CF,peak_mz,199.0754,MassBank record-derived,positive,Natural Product; Fungal metabolite,medium,1,observed,Aflatoxin G1; LC-ESI-ITFT; MS2; CE: 50; R=17500; [M+H]+,peak_mz:199.0750,extended,True,medium,medium,keep
CF:massbank_MSBNK-AAFC-AC000035_351_0475,CF,peak_mz,351.0475,MassBank record-derived,positive,Natural Product; Fungal metabolite,medium,1,observed,Aflatoxin G1; LC-ESI-ITFT; MS2; CE: 30; R=17500; [M+Na]+,peak_mz:351.0500,extended,True,medium,medium,keep
CF:massbank_MSBNK-AAFC-AC000036_307_0213,CF,peak_mz,307.0213,MassBank record-derived,positive,Natural Product; Fungal metabolite,medium,1,observed,Aflatoxin G1; LC-ESI-ITFT; MS2; CE: 35; R=17500; [M+Na]+,peak_mz:307.0200,extended,True,medium,medium,keep
CF:massbank_MSBNK-AAFC-AC000036_322_0448,CF,peak_mz,322.0448,MassBank record-derived,positive,Natural Product; Fungal metabolite,medium,1,observed,Aflatoxin G1; LC-ESI-ITFT; MS2; CE: 35; R=17500; [M+Na]+,peak_mz:322.0450,extended,True,medium,medium,keep
CF:massbank_MSBNK-AAFC-AC000036_336_024,CF,peak_mz,336.024,MassBank record-derived,positive,Natural Product; Fungal metabolite,medium,1,observed,Aflatoxin G1; LC-ESI-ITFT; MS2; CE: 35; R=17500; [M+Na]+,peak_mz:336.0250,extended,True,medium,medium,keep
CF:massbank_MSBNK-AAFC-AC000037_90_9768,CF,peak_mz,90.9768,MassBank record-derived,positive,Natural Product; Fungal metabolite,medium,1,observed,Aflatoxin G1; LC-ESI-ITFT; MS2; CE: 50; R=17500; [M+Na]+,peak_mz:90.9750,extended,True,medium,medium,keep
CF:massbank_MSBNK-AAFC-AC000037_209_0444,CF,peak_mz,209.0444,MassBank record-derived,positive,Natural Product; Fungal metabolite,medium,1,observed,Aflatoxin G1; LC-ESI-ITFT; MS2; CE: 50; R=17500; [M+Na]+,peak_mz:209.0450,extended,True,medium,medium,keep
CF:massbank_MSBNK-AAFC-AC000037_263_0315,CF,peak_mz,263.0315,MassBank record-derived,positive,Natural Product; Fungal metabolite,medium,1,observed,Aflatoxin G1; LC-ESI-ITFT; MS2; CE: 50; R=17500; [M+Na]+,peak_mz:263.0300,extended,True,medium,medium,keep
CF:massbank_MSBNK-AAFC-AC000038_331_0812,CF,peak_mz,331.0812,MassBank record-derived,positive,Natural Product; Fungal metabolite,medium,1,observed,Aflatoxin G2; LC-ESI-ITFT; MS2; CE: 30; R=17500; [M+H]+,peak_mz:331.0800,extended,True,medium,medium,keep
CF:massbank_MSBNK-AAFC-AC000039_245_0808,CF,peak_mz,245.0808,MassBank record-derived,positive,Natural Product; Fungal metabolite,medium,1,observed,Aflatoxin G2; LC-ESI-ITFT; MS2; CE: 35; R=17500; [M+H]+,peak_mz:245.0800,extended,True,medium,medium,keep
CF:massbank_MSBNK-AAFC-AC000039_303_0863,CF,peak_mz,303.0863,MassBank record-derived,positive,Natural Product; Fungal metabolite,medium,1,observed,Aflatoxin G2; LC-ESI-ITFT; MS2; CE: 35; R=17500; [M+H]+,peak_mz:303.0850,extended,True,medium,medium,keep
CF:massbank_MSBNK-AAFC-AC000040_189_0546,CF,peak_mz,189.0546,MassBank record-derived,positive,Natural Product; Fungal metabolite,medium,1,observed,Aflatoxin G2; LC-ESI-ITFT; MS2; CE: 50; R=17500; [M+H]+,peak_mz:189.0550,extended,True,medium,medium,keep
CF:massbank_MSBNK-AAFC-AC000041_353_0632,CF,peak_mz,353.0632,MassBank record-derived,positive,Natural Product; Fungal metabolite,medium,1,observed,Aflatoxin G2; LC-ESI-ITFT; MS2; CE: 30; R=17500; [M+Na]+,peak_mz:353.0650,extended,True,medium,medium,keep
CF:massbank_MSBNK-AAFC-AC000043_220_1767,CF,peak_mz,220.1767,MassBank record-derived,positive,Natural Product; Fungal metabolite,medium,1,observed,Aflatoxin G2; LC-ESI-ITFT; MS2; CE: 50; R=17500; [M+Na]+,peak_mz:220.1750,extended,True,medium,medium,keep
CF:massbank_MSBNK-AAFC-AC000044_273_0757,CF,peak_mz,273.0757,MassBank record-derived,positive,Natural Product; Fungal metabolite,medium,1,observed,Aflatoxin M1; LC-ESI-ITFT; MS2; CE: 30; R=17500; [M+H]+,peak_mz:273.0750,extended,True,medium,medium,keep
CF:massbank_MSBNK-AAFC-AC000045_255_0652,CF,peak_mz,255.0652,MassBank record-derived,positive,Natural Product; Fungal metabolite,medium,1,observed,Aflatoxin M1; LC-ESI-ITFT; MS2; CE: 35; R=17500; [M+H]+,peak_mz:255.0650,extended,True,medium,medium,keep
CF:massbank_MSBNK-AAFC-AC000045_258_0523,CF,peak_mz,258.0523,MassBank record-derived,positive,Natural Product; Fungal metabolite,medium,1,observed,Aflatoxin M1; LC-ESI-ITFT; MS2; CE: 35; R=17500; [M+H]+,peak_mz:258.0500,extended,True,medium,medium,keep
CF:massbank_MSBNK-AAFC-AC000046_202_0624,CF,peak_mz,202.0624,MassBank record-derived,positive,Natural Product; Fungal metabolite,medium,1,observed,Aflatoxin M1; LC-ESI-ITFT; MS2; CE: 50; R=17500; [M+H]+,peak_mz:202.0600,extended,True,medium,medium,keep
CF:massbank_MSBNK-AAFC-AC000046_213_0546,CF,peak_mz,213.0546,MassBank record-derived,positive,Natural Product; Fungal metabolite,medium,1,observed,Aflatoxin M1; LC-ESI-ITFT; MS2; CE: 50; R=17500; [M+H]+,peak_mz:213.0550,extended,True,medium,medium,keep
CF:massbank_MSBNK-AAFC-AC000048_323_0526,CF,peak_mz,323.0526,MassBank record-derived,positive,Natural Product; Fungal metabolite,medium,1,observed,Aflatoxin M1; LC-ESI-ITFT; MS2; CE: 35; R=17500; [M+Na]+,peak_mz:323.0550,extended,True,medium,medium,keep
CF:massbank_MSBNK-AAFC-AC000049_55_9867,CF,peak_mz,55.9867,MassBank record-derived,positive,Natural Product; Fungal metabolite,medium,1,observed,Aflatoxin M1; LC-ESI-ITFT; MS2; CE: 50; R=17500; [M+Na]+,peak_mz:55.9850,extended,True,medium,medium,keep
CF:massbank_MSBNK-AAFC-AC000049_56_6885,CF,peak_mz,56.6885,MassBank record-derived,positive,Natural Product; Fungal metabolite,medium,1,observed,Aflatoxin M1; LC-ESI-ITFT; MS2; CE: 50; R=17500; [M+Na]+,peak_mz:56.6900,extended,True,medium,medium,keep
CF:massbank_MSBNK-AAFC-AC000049_63_6633,CF,peak_mz,63.6633,MassBank record-derived,positive,Natural Product; Fungal metabolite,medium,1,observed,Aflatoxin M1; LC-ESI-ITFT; MS2; CE: 50; R=17500; [M+Na]+,peak_mz:63.6650,extended,True,medium,medium,keep
CF:massbank_MSBNK-AAFC-AC000050_182_0812,CF,peak_mz,182.0812,MassBank record-derived,positive,Natural Product; Fungal metabolite,medium,1,observed,alpha-Cyclopiazonic acid; LC-ESI-ITFT; MS2; CE: 10; R=17500; [M+H]+,peak_mz:182.0800,extended,True,medium,medium,keep
CF:massbank_MSBNK-AAFC-AC000050_196_1121,CF,peak_mz,196.1121,MassBank record-derived,positive,Natural Product; Fungal metabolite,medium,1,observed,alpha-Cyclopiazonic acid; LC-ESI-ITFT; MS2; CE: 10; R=17500; [M+H]+,peak_mz:196.1100,extended,True,medium,medium,keep
CF:massbank_MSBNK-AAFC-AC000050_337_1547,CF,peak_mz,337.1547,MassBank record-derived,positive,Natural Product; Fungal metabolite,medium,1,observed,alpha-Cyclopiazonic acid; LC-ESI-ITFT; MS2; CE: 10; R=17500; [M+H]+,peak_mz:337.1550,extended,True,medium,medium,keep
CF:massbank_MSBNK-AAFC-AC000052_98_06,CF,peak_mz,98.06,MassBank record-derived,positive,Natural Product; Fungal metabolite,medium,1,observed,alpha-Cyclopiazonic acid; LC-ESI-ITFT; MS2; CE: 30; R=17500; [M+H]+,peak_mz:98.0600,extended,True,medium,medium,keep
CF:massbank_MSBNK-AAFC-AC000052_140_0706,CF,peak_mz,140.0706,MassBank record-derived,positive,Natural Product; Fungal metabolite,medium,1,observed,alpha-Cyclopiazonic acid; LC-ESI-ITFT; MS2; CE: 30; R=17500; [M+H]+,peak_mz:140.0700,extended,True,medium,medium,keep
CF:massbank_MSBNK-AAFC-AC000054_70_0651,CF,peak_mz,70.0651,MassBank record-derived,positive,Natural Product; Fungal metabolite,medium,1,observed,alpha-Cyclopiazonic acid; LC-ESI-ITFT; MS2; CE: 50; R=17500; [M+H]+,peak_mz:70.0650,extended,True,medium,medium,keep
CF:massbank_MSBNK-AAFC-AC000054_125_0233,CF,peak_mz,125.0233,MassBank record-derived,positive,Natural Product; Fungal metabolite,medium,1,observed,alpha-Cyclopiazonic acid; LC-ESI-ITFT; MS2; CE: 50; R=17500; [M+H]+,peak_mz:125.0250,extended,True,medium,medium,keep
CF:massbank_MSBNK-AAFC-AC000055_229_0859,CF,peak_mz,229.0859,MassBank record-derived,positive,Natural Product; Fungal metabolite,medium,1,observed,Altenuene; LC-ESI-ITFT; MS2; CE: 10; R=17500; [M+H]+,peak_mz:229.0850,extended,True,medium,medium,keep
CF:massbank_MSBNK-AAFC-AC000055_231_1016,CF,peak_mz,231.1016,MassBank record-derived,positive,Natural Product; Fungal metabolite,medium,1,observed,Altenuene; LC-ESI-ITFT; MS2; CE: 10; R=17500; [M+H]+,peak_mz:231.1000,extended,True,medium,medium,keep
CF:massbank_MSBNK-AAFC-AC000057_69_0335,CF,peak_mz,69.0335,MassBank record-derived,positive,Natural Product; Fungal metabolite,medium,1,observed,Altenuene; LC-ESI-ITFT; MS2; CE: 30; R=17500; [M+H]+,peak_mz:69.0350,extended,True,medium,medium,keep
CF:massbank_MSBNK-AAFC-AC000057_201_091,CF,peak_mz,201.091,MassBank record-derived,positive,Natural Product; Fungal metabolite,medium,1,observed,Altenuene; LC-ESI-ITFT; MS2; CE: 30; R=17500; [M+H]+,peak_mz:201.0900,extended,True,medium,medium,keep
CF:massbank_MSBNK-AAFC-AC000057_203_1067,CF,peak_mz,203.1067,MassBank record-derived,positive,Natural Product; Fungal metabolite,medium,1,observed,Altenuene; LC-ESI-ITFT; MS2; CE: 30; R=17500; [M+H]+,peak_mz:203.1050,extended,True,medium,medium,keep
CF:massbank_MSBNK-AAFC-AC000058_169_0648,CF,peak_mz,169.0648,MassBank record-derived,positive,Natural Product; Fungal metabolite,medium,1,observed,Altenuene; LC-ESI-ITFT; MS2; CE: 35; R=17500; [M+H]+,peak_mz:169.0650,extended,True,medium,medium,keep
CF:massbank_MSBNK-AAFC-AC000058_191_1067,CF,peak_mz,191.1067,MassBank record-derived,positive,Natural Product; Fungal metabolite,medium,1,observed,Altenuene; LC-ESI-ITFT; MS2; CE: 35; R=17500; [M+H]+,peak_mz:191.1050,extended,True,medium,medium,keep
CF:massbank_MSBNK-AAFC-AC000059_141_0699,CF,peak_mz,141.0699,MassBank record-derived,positive,Natural Product; Fungal metabolite,medium,1,observed,Altenuene; LC-ESI-ITFT; MS2; CE: 45; R=17500; [M+H]+,peak_mz:141.0700,extended,True,medium,medium,keep
CF:massbank_MSBNK-AAFC-AC000059_152_0621,CF,peak_mz,152.0621,MassBank record-derived,positive,Natural Product; Fungal metabolite,medium,1,observed,Altenuene; LC-ESI-ITFT; MS2; CE: 45; R=17500; [M+H]+,peak_mz:152.0600,extended,True,medium,medium,keep
CF:massbank_MSBNK-AAFC-AC000062_241_0495,CF,peak_mz,241.0495,MassBank record-derived,positive,Natural Product; Fungal metabolite,medium,1,observed,Alternariol; LC-ESI-ITFT; MS2; CE: 40; R=17500; [M+H]+,peak_mz:241.0500,extended,True,medium,medium,keep
CF:massbank_MSBNK-AAFC-AC000065_175_0754,CF,peak_mz,175.0754,MassBank record-derived,positive,Natural Product; Fungal metabolite,medium,1,observed,Alternariol methyl ether; LC-ESI-ITFT; MS2; CE: 50; R=17500; [M+H]+,peak_mz:175.0750,extended,True,medium,medium,keep
CF:massbank_MSBNK-AAFC-AC000068_151_039,CF,peak_mz,151.039,MassBank record-derived,positive,Natural Product; Fungal metabolite,medium,1,observed,Altersolanol A; LC-ESI-ITFT; MS2; CE: 30; R=17500; [M+H]+,peak_mz:151.0400,extended,True,medium,medium,keep
CF:massbank_MSBNK-AAFC-AC000068_217_0859,CF,peak_mz,217.0859,MassBank record-derived,positive,Natural Product; Fungal metabolite,medium,1,observed,Altersolanol A; LC-ESI-ITFT; MS2; CE: 30; R=17500; [M+H]+,peak_mz:217.0850,extended,True,medium,medium,keep
CF:massbank_MSBNK-AAFC-AC000069_205_0495,CF,peak_mz,205.0495,MassBank record-derived,positive,Natural Product; Fungal metabolite,medium,1,observed,Altersolanol A; LC-ESI-ITFT; MS2; CE: 35; R=17500; [M+H]+,peak_mz:205.0500,extended,True,medium,medium,keep
CF:massbank_MSBNK-AAFC-AC000070_95_0491,CF,peak_mz,95.0491,MassBank record-derived,positive,Natural Product; Fungal metabolite,medium,1,observed,Altersolanol A; LC-ESI-ITFT; MS2; CE: 50; R=17500; [M+H]+,peak_mz:95.0500,extended,True,medium,medium,keep
CF:massbank_MSBNK-AAFC-AC000070_129_0699,CF,peak_mz,129.0699,MassBank record-derived,positive,Natural Product; Fungal metabolite,medium,1,observed,Altersolanol A; LC-ESI-ITFT; MS2; CE: 50; R=17500; [M+H]+,peak_mz:129.0700,extended,True,medium,medium,keep
CF:massbank_MSBNK-AAFC-AC000071_285_0393,CF,peak_mz,285.0393,MassBank record-derived,positive,Natural Product; Fungal metabolite,medium,1,observed,Averufin; LC-ESI-ITFT; MS2; CE: 10; R=17500; [M+H]+,peak_mz:285.0400,extended,True,medium,medium,keep
CF:massbank_MSBNK-AAFC-AC000071_299_055,CF,peak_mz,299.055,MassBank record-derived,positive,Natural Product; Fungal metabolite,medium,1,observed,Averufin; LC-ESI-ITFT; MS2; CE: 10; R=17500; [M+H]+,peak_mz:299.0550,extended,True,medium,medium,keep
CF:massbank_MSBNK-AAFC-AC000072_309_0393,CF,peak_mz,309.0393,MassBank record-derived,positive,Natural Product; Fungal metabolite,medium,1,observed,Averufin; LC-ESI-ITFT; MS2; CE: 20; R=17500; [M+H]+,peak_mz:309.0400,extended,True,medium,medium,keep
CF:massbank_MSBNK-AAFC-AC000075_71_0491,CF,peak_mz,71.0491,MassBank record-derived,positive,Natural Product; Fungal metabolite,medium,1,observed,Averufin; LC-ESI-ITFT; MS2; CE: 50; R=17500; [M+H]+,peak_mz:71.0500,extended,True,medium,medium,keep
CF:massbank_MSBNK-AAFC-AC000075_95_0128,CF,peak_mz,95.0128,MassBank record-derived,positive,Natural Product; Fungal metabolite,medium,1,observed,Averufin; LC-ESI-ITFT; MS2; CE: 50; R=17500; [M+H]+,peak_mz:95.0150,extended,True,medium,medium,keep
CF:massbank_MSBNK-AAFC-AC000076_235_1441,CF,peak_mz,235.1441,MassBank record-derived,positive,Natural Product; Fungal metabolite,medium,1,observed,Brevianamide A; LC-ESI-ITFT; MS2; CE: 10; R=17500; [M+H]+,peak_mz:235.1450,extended,True,medium,medium,keep
CF:massbank_MSBNK-AAFC-AC000076_321_1598,CF,peak_mz,321.1598,MassBank record-derived,positive,Natural Product; Fungal metabolite,medium,1,observed,Brevianamide A; LC-ESI-ITFT; MS2; CE: 10; R=17500; [M+H]+,peak_mz:321.1600,extended,True,medium,medium,keep
CF:massbank_MSBNK-AAFC-AC000076_338_1863,CF,peak_mz,338.1863,MassBank record-derived,positive,Natural Product; Fungal metabolite,medium,1,observed,Brevianamide A; LC-ESI-ITFT; MS2; CE: 10; R=17500; [M+H]+,peak_mz:338.1850,extended,True,medium,medium,keep
CF:massbank_MSBNK-AAFC-AC000077_176_107,CF,peak_mz,176.107,MassBank record-derived,positive,Natural Product; Fungal metabolite,medium,1,observed,Brevianamide A; LC-ESI-ITFT; MS2; CE: 20; R=17500; [M+H]+,peak_mz:176.1050,extended,True,medium,medium,keep
CF:massbank_MSBNK-AAFC-AC000077_280_108,CF,peak_mz,280.108,MassBank record-derived,positive,Natural Product; Fungal metabolite,medium,1,observed,Brevianamide A; LC-ESI-ITFT; MS2; CE: 20; R=17500; [M+H]+,peak_mz:280.1100,extended,True,medium,medium,keep
CF:massbank_MSBNK-AAFC-AC000078_132_0444,CF,peak_mz,132.0444,MassBank record-derived,positive,Natural Product; Fungal metabolite,medium,1,observed,Brevianamide A; LC-ESI-ITFT; MS2; CE: 30; R=17500; [M+H]+,peak_mz:132.0450,extended,True,medium,medium,keep
CF:massbank_MSBNK-AAFC-AC000078_146_06,CF,peak_mz,146.06,MassBank record-derived,positive,Natural Product; Fungal metabolite,medium,1,observed,Brevianamide A; LC-ESI-ITFT; MS2; CE: 30; R=17500; [M+H]+,peak_mz:146.0600,extended,True,medium,medium,keep
CF:massbank_MSBNK-AAFC-AC000078_165_0658,CF,peak_mz,165.0658,MassBank record-derived,positive,Natural Product; Fungal metabolite,medium,1,observed,Brevianamide A; LC-ESI-ITFT; MS2; CE: 30; R=17500; [M+H]+,peak_mz:165.0650,extended,True,medium,medium,keep
CF:massbank_MSBNK-AAFC-AC000079_120_0444,CF,peak_mz,120.0444,MassBank record-derived,positive,Natural Product; Fungal metabolite,medium,1,observed,Brevianamide A; LC-ESI-ITFT; MS2; CE: 35; R=17500; [M+H]+,peak_mz:120.0450,extended,True,medium,medium,keep
CF:massbank_MSBNK-AAFC-AC000079_138_1277,CF,peak_mz,138.1277,MassBank record-derived,positive,Natural Product; Fungal metabolite,medium,1,observed,Brevianamide A; LC-ESI-ITFT; MS2; CE: 35; R=17500; [M+H]+,peak_mz:138.1300,extended,True,medium,medium,keep
CF:massbank_MSBNK-AAFC-AC000080_111_0917,CF,peak_mz,111.0917,MassBank record-derived,positive,Natural Product; Fungal metabolite,medium,1,observed,Brevianamide A; LC-ESI-ITFT; MS2; CE: 50; R=17500; [M+H]+,peak_mz:111.0900,extended,True,medium,medium,keep
CF:massbank_MSBNK-AAFC-AC000080_114_055,CF,peak_mz,114.055,MassBank record-derived,positive,Natural Product; Fungal metabolite,medium,1,observed,Brevianamide A; LC-ESI-ITFT; MS2; CE: 50; R=17500; [M+H]+,peak_mz:114.0550,extended,True,medium,medium,keep
CF:massbank_MSBNK-AAFC-AC000081_130_0651,CF,peak_mz,130.0651,MassBank record-derived,positive,Natural Product; Fungal metabolite,medium,1,observed,Chaetoglobosin A; LC-ESI-ITFT; MS2; CE: 10; R=17500; [M+H]+,peak_mz:130.0650,extended,True,medium,medium,keep
CF:massbank_MSBNK-AAFC-AC000081_185_0709,CF,peak_mz,185.0709,MassBank record-derived,positive,Natural Product; Fungal metabolite,medium,1,observed,Chaetoglobosin A; LC-ESI-ITFT; MS2; CE: 10; R=17500; [M+H]+,peak_mz:185.0700,extended,True,medium,medium,keep
CF:massbank_MSBNK-AAFC-AC000081_493_2486,CF,peak_mz,493.2486,MassBank record-derived,positive,Natural Product; Fungal metabolite,medium,1,observed,Chaetoglobosin A; LC-ESI-ITFT; MS2; CE: 10; R=17500; [M+H]+,peak_mz:493.2500,extended,True,medium,medium,keep
CF:massbank_MSBNK-AAFC-AC000082_107_0855,CF,peak_mz,107.0855,MassBank record-derived,positive,Natural Product; Fungal metabolite,medium,1,observed,Chaetoglobosin A; LC-ESI-ITFT; MS2; CE: 20; R=17500; [M+H]+,peak_mz:107.0850,extended,True,medium,medium,keep
CF:massbank_MSBNK-AAFC-AC000082_109_0648,CF,peak_mz,109.0648,MassBank record-derived,positive,Natural Product; Fungal metabolite,medium,1,observed,Chaetoglobosin A; LC-ESI-ITFT; MS2; CE: 20; R=17500; [M+H]+,peak_mz:109.0650,extended,True,medium,medium,keep
CF:massbank_MSBNK-AAFC-AC000086_551_2517,CF,peak_mz,551.2517,MassBank record-derived,positive,Natural Product; Fungal metabolite,medium,1,observed,Chaetoglobosin A; LC-ESI-ITFT; MS2; CE: 20; R=17500; [M+Na]+,peak_mz:551.2500,extended,True,medium,medium,keep
CF:massbank_MSBNK-AAFC-AC000087_523_2567,CF,peak_mz,523.2567,MassBank record-derived,positive,Natural Product; Fungal metabolite,medium,1,observed,Chaetoglobosin A; LC-ESI-ITFT; MS2; CE: 30; R=17500; [M+Na]+,peak_mz:523.2550,extended,True,medium,medium,keep
CF:massbank_MSBNK-AAFC-AC000088_160_0366,CF,peak_mz,160.0366,MassBank record-derived,positive,Natural Product; Fungal metabolite,medium,1,observed,Chaetoglobosin A; LC-ESI-ITFT; MS2; CE: 35; R=17500; [M+Na]+,peak_mz:160.0350,extended,True,medium,medium,keep
CF:massbank_MSBNK-AAFC-AC000088_240_0992,CF,peak_mz,240.0992,MassBank record-derived,positive,Natural Product; Fungal metabolite,medium,1,observed,Chaetoglobosin A; LC-ESI-ITFT; MS2; CE: 35; R=17500; [M+Na]+,peak_mz:240.1000,extended,True,medium,medium,keep
CF:massbank_MSBNK-AAFC-AC000088_287_1152,CF,peak_mz,287.1152,MassBank record-derived,positive,Natural Product; Fungal metabolite,medium,1,observed,Chaetoglobosin A; LC-ESI-ITFT; MS2; CE: 35; R=17500; [M+Na]+,peak_mz:287.1150,extended,True,medium,medium,keep
CF:massbank_MSBNK-AAFC-AC000089_57_4536,CF,peak_mz,57.4536,MassBank record-derived,positive,Natural Product; Fungal metabolite,medium,1,observed,Chaetoglobosin A; LC-ESI-ITFT; MS2; CE: 50; R=17500; [M+Na]+,peak_mz:57.4550,extended,True,medium,medium,keep
CF:massbank_MSBNK-AAFC-AC000089_57_5744,CF,peak_mz,57.5744,MassBank record-derived,positive,Natural Product; Fungal metabolite,medium,1,observed,Chaetoglobosin A; LC-ESI-ITFT; MS2; CE: 50; R=17500; [M+Na]+,peak_mz:57.5750,extended,True,medium,medium,keep
CF:massbank_MSBNK-AAFC-AC000089_64_978,CF,peak_mz,64.978,MassBank record-derived,positive,Natural Product; Fungal metabolite,medium,1,observed,Chaetoglobosin A; LC-ESI-ITFT; MS2; CE: 50; R=17500; [M+Na]+,peak_mz:64.9800,extended,True,medium,medium,keep
CF:massbank_MSBNK-AAFC-AC000090_511_2591,CF,peak_mz,511.2591,MassBank record-derived,positive,Natural Product; Fungal metabolite,medium,1,observed,Chaetoglobosin C; LC-ESI-ITFT; MS2; CE: 10; R=17500; [M+H]+,peak_mz:511.2600,extended,True,medium,medium,keep
CF:massbank_MSBNK-AAFC-AC000090_529_2697,CF,peak_mz,529.2697,MassBank record-derived,positive,Natural Product; Fungal metabolite,medium,1,observed,Chaetoglobosin C; LC-ESI-ITFT; MS2; CE: 10; R=17500; [M+H]+,peak_mz:529.2700,extended,True,medium,medium,keep
CF:massbank_MSBNK-AAFC-AC000091_132_0808,CF,peak_mz,132.0808,MassBank record-derived,positive,Natural Product; Fungal metabolite,medium,1,observed,Chaetoglobosin C; LC-ESI-ITFT; MS2; CE: 20; R=17500; [M+H]+,peak_mz:132.0800,extended,True,medium,medium,keep
CF:massbank_MSBNK-AAFC-AC000093_139_0754,CF,peak_mz,139.0754,MassBank record-derived,positive,Natural Product; Fungal metabolite,medium,1,observed,Chaetoglobosin C; LC-ESI-ITFT; MS2; CE: 35; R=17500; [M+H]+,peak_mz:139.0750,extended,True,medium,medium,keep
CF:massbank_MSBNK-AAFC-AC000095_95_0855,CF,peak_mz,95.0855,MassBank record-derived,positive,Natural Product; Fungal metabolite,medium,1,observed,Culmorin; LC-ESI-ITFT; MS2; CE: 10; R=17500; [M+H]+,peak_mz:95.0850,extended,True,medium,medium,keep
CF:massbank_MSBNK-AAFC-AC000096_89_0597,CF,peak_mz,89.0597,MassBank record-derived,positive,Natural Product; Fungal metabolite,medium,1,observed,Culmorin; LC-ESI-ITFT; MS2; CE: 20; R=17500; [M+H]+,peak_mz:89.0600,extended,True,medium,medium,keep
CF:massbank_MSBNK-AAFC-AC000097_75_5172,CF,peak_mz,75.5172,MassBank record-derived,positive,Natural Product; Fungal metabolite,medium,1,observed,Culmorin; LC-ESI-ITFT; MS2; CE: 30; R=17500; [M+H]+,peak_mz:75.5150,extended,True,medium,medium,keep
CF:massbank_MSBNK-AAFC-AC000097_81_6253,CF,peak_mz,81.6253,MassBank record-derived,positive,Natural Product; Fungal metabolite,medium,1,observed,Culmorin; LC-ESI-ITFT; MS2; CE: 30; R=17500; [M+H]+,peak_mz:81.6250,extended,True,medium,medium,keep
CF:massbank_MSBNK-AAFC-AC000098_51_6799,CF,peak_mz,51.6799,MassBank record-derived,positive,Natural Product; Fungal metabolite,medium,1,observed,Culmorin; LC-ESI-ITFT; MS2; CE: 35; R=17500; [M+H]+,peak_mz:51.6800,extended,True,medium,medium,keep
CF:massbank_MSBNK-AAFC-AC000098_61_7134,CF,peak_mz,61.7134,MassBank record-derived,positive,Natural Product; Fungal metabolite,medium,1,observed,Culmorin; LC-ESI-ITFT; MS2; CE: 35; R=17500; [M+H]+,peak_mz:61.7150,extended,True,medium,medium,keep
CF:massbank_MSBNK-AAFC-AC000098_69_0699,CF,peak_mz,69.0699,MassBank record-derived,positive,Natural Product; Fungal metabolite,medium,1,observed,Culmorin; LC-ESI-ITFT; MS2; CE: 35; R=17500; [M+H]+,peak_mz:69.0700,extended,True,medium,medium,keep
CF:massbank_MSBNK-AAFC-AC000099_51_8645,CF,peak_mz,51.8645,MassBank record-derived,positive,Natural Product; Fungal metabolite,medium,1,observed,Culmorin; LC-ESI-ITFT; MS2; CE: 40; R=17500; [M+H]+,peak_mz:51.8650,extended,True,medium,medium,keep
NL:massbank_MSBNK-AAFC-AC000100,NL,mass_diff,17.0038,MassBank record-derived,positive,Natural Product; Fungal metabolite,medium,1,observed,5-hydroxyculmorin; LC-ESI-ITFT; MS2; CE: 10; R=17500; [M-H2O+H]+,mass_diff:17.0050,extended,True,medium,medium,keep
CF:massbank_MSBNK-AAFC-AC000100_109_1012,CF,peak_mz,109.1012,MassBank record-derived,positive,Natural Product; Fungal metabolite,medium,1,observed,5-hydroxyculmorin; LC-ESI-ITFT; MS2; CE: 10; R=17500; [M-H2O+H]+,peak_mz:109.1000,extended,True,medium,medium,keep
CF:massbank_MSBNK-AAFC-AC000102_83_0855,CF,peak_mz,83.0855,MassBank record-derived,positive,Natural Product; Fungal metabolite,medium,1,observed,5-hydroxyculmorin; LC-ESI-ITFT; MS2; CE: 30; R=17500; [M-H2O+H]+,peak_mz:83.0850,extended,True,medium,medium,keep
CF:massbank_MSBNK-AAFC-AC000103_59_0498,CF,peak_mz,59.0498,MassBank record-derived,positive,Natural Product; Fungal metabolite,medium,1,observed,5-hydroxyculmorin; LC-ESI-ITFT; MS2; CE: 35; R=17500; [M-H2O+H]+,peak_mz:59.0500,extended,True,medium,medium,keep
CF:massbank_MSBNK-AAFC-AC000103_67_0542,CF,peak_mz,67.0542,MassBank record-derived,positive,Natural Product; Fungal metabolite,medium,1,observed,5-hydroxyculmorin; LC-ESI-ITFT; MS2; CE: 35; R=17500; [M-H2O+H]+,peak_mz:67.0550,extended,True,medium,medium,keep
NL:massbank_MSBNK-AAFC-AC000105,NL,mass_diff,35.0144,MassBank record-derived,positive,Natural Product; Fungal metabolite,medium,1,observed,5-hydroxyculmorin; LC-ESI-ITFT; MS2; CE: 10; R=17500; [M-2H2O+H]+,mass_diff:35.0150,extended,True,medium,medium,keep
CF:massbank_MSBNK-AAFC-AC000107_93_0699,CF,peak_mz,93.0699,MassBank record-derived,positive,Natural Product; Fungal metabolite,medium,1,observed,5-hydroxyculmorin; LC-ESI-ITFT; MS2; CE: 30; R=17500; [M-2H2O+H]+,peak_mz:93.0700,extended,True,medium,medium,keep
CF:massbank_MSBNK-AAFC-AC000108_83_0491,CF,peak_mz,83.0491,MassBank record-derived,positive,Natural Product; Fungal metabolite,medium,1,observed,5-hydroxyculmorin; LC-ESI-ITFT; MS2; CE: 35; R=17500; [M-2H2O+H]+,peak_mz:83.0500,extended,True,medium,medium,keep
CF:massbank_MSBNK-AAFC-AC000110_97_0648,CF,peak_mz,97.0648,MassBank record-derived,positive,Natural Product; Fungal metabolite,medium,1,observed,Deoxynivalenol; LC-ESI-ITFT; MS2; CE: 10; R=17500; [M+H]+,peak_mz:97.0650,extended,True,medium,medium,keep
CF:massbank_MSBNK-AAFC-AC000112_79_0542,CF,peak_mz,79.0542,MassBank record-derived,positive,Natural Product; Fungal metabolite,medium,1,observed,Deoxynivalenol; LC-ESI-ITFT; MS2; CE: 30; R=17500; [M+H]+,peak_mz:79.0550,extended,True,medium,medium,keep
CF:massbank_MSBNK-AAFC-AC000113_55_0185,CF,peak_mz,55.0185,MassBank record-derived,positive,Natural Product; Fungal metabolite,medium,1,observed,Deoxynivalenol; LC-ESI-ITFT; MS2; CE: 35; R=17500; [M+H]+,peak_mz:55.0200,extended,True,medium,medium,keep
CF:massbank_MSBNK-AAFC-AC000113_55_0549,CF,peak_mz,55.0549,MassBank record-derived,positive,Natural Product; Fungal metabolite,medium,1,observed,Deoxynivalenol; LC-ESI-ITFT; MS2; CE: 35; R=17500; [M+H]+,peak_mz:55.0550,extended,True,medium,medium,keep
CF:massbank_MSBNK-AAFC-AC000113_57_0341,CF,peak_mz,57.0341,MassBank record-derived,positive,Natural Product; Fungal metabolite,medium,1,observed,Deoxynivalenol; LC-ESI-ITFT; MS2; CE: 35; R=17500; [M+H]+,peak_mz:57.0350,extended,True,medium,medium,keep
CF:massbank_MSBNK-AAFC-AC000114_55_0186,CF,peak_mz,55.0186,MassBank record-derived,positive,Natural Product; Fungal metabolite,medium,1,observed,Deoxynivalenol; LC-ESI-ITFT; MS2; CE: 50; R=17500; [M+H]+,peak_mz:55.0200,extended,True,medium,medium,keep
CF:massbank_MSBNK-AAFC-AC000114_57_0342,CF,peak_mz,57.0342,MassBank record-derived,positive,Natural Product; Fungal metabolite,medium,1,observed,Deoxynivalenol; LC-ESI-ITFT; MS2; CE: 50; R=17500; [M+H]+,peak_mz:57.0350,extended,True,medium,medium,keep
CF:massbank_MSBNK-AAFC-AC000115_125_0597,CF,peak_mz,125.0597,MassBank record-derived,positive,Natural Product; Fungal metabolite,medium,1,observed,"3,15-Diacetyldeoxynivalenol; LC-ESI-ITFT; MS2; CE: 10; R=17500; [M+H]+",peak_mz:125.0600,extended,True,medium,medium,keep
CF:massbank_MSBNK-AAFC-AC000125_389_1571,CF,peak_mz,389.1571,MassBank record-derived,positive,Natural Product; Fungal metabolite,medium,1,observed,Diacetoxyscirpenol; LC-ESI-ITFT; MS2; CE: 10; R=17500; [M+Na]+,peak_mz:389.1550,extended,True,medium,medium,keep
CF:massbank_MSBNK-AAFC-AC000129_52_4519,CF,peak_mz,52.4519,MassBank record-derived,positive,Natural Product; Fungal metabolite,medium,1,observed,Diacetoxyscirpenol; LC-ESI-ITFT; MS2; CE: 50; R=17500; [M+Na]+,peak_mz:52.4500,extended,True,medium,medium,keep
CF:massbank_MSBNK-AAFC-AC000129_66_9538,CF,peak_mz,66.9538,MassBank record-derived,positive,Natural Product; Fungal metabolite,medium,1,observed,Diacetoxyscirpenol; LC-ESI-ITFT; MS2; CE: 50; R=17500; [M+Na]+,peak_mz:66.9550,extended,True,medium,medium,keep
CF:massbank_MSBNK-AAFC-AC000130_271_0601,CF,peak_mz,271.0601,MassBank record-derived,positive,Natural Product; Fungal metabolite,medium,1,observed,Emodin; LC-ESI-ITFT; MS2; CE: 10; R=17500; [M+H]+,peak_mz:271.0600,extended,True,medium,medium,keep
CF:massbank_MSBNK-AAFC-AC000132_229_0495,CF,peak_mz,229.0495,MassBank record-derived,positive,Natural Product; Fungal metabolite,medium,1,observed,Emodin; LC-ESI-ITFT; MS2; CE: 30; R=17500; [M+H]+,peak_mz:229.0500,extended,True,medium,medium,keep
CF:massbank_MSBNK-AAFC-AC000133_201_0546,CF,peak_mz,201.0546,MassBank record-derived,positive,Natural Product; Fungal metabolite,medium,1,observed,Emodin; LC-ESI-ITFT; MS2; CE: 35; R=17500; [M+H]+,peak_mz:201.0550,extended,True,medium,medium,keep
CF:massbank_MSBNK-AAFC-AC000135_97_0284,CF,peak_mz,97.0284,MassBank record-derived,positive,Natural Product; Fungal metabolite,medium,1,observed,Frequentin; LC-ESI-ITFT; MS2; CE: 10; R=17500; [M+H]+,peak_mz:97.0300,extended,True,medium,medium,keep
CF:massbank_MSBNK-AAFC-AC000136_97_1012,CF,peak_mz,97.1012,MassBank record-derived,positive,Natural Product; Fungal metabolite,medium,1,observed,Frequentin; LC-ESI-ITFT; MS2; CE: 20; R=17500; [M+H]+,peak_mz:97.1000,extended,True,medium,medium,keep
CF:massbank_MSBNK-AAFC-AC000136_111_0441,CF,peak_mz,111.0441,MassBank record-derived,positive,Natural Product; Fungal metabolite,medium,1,observed,Frequentin; LC-ESI-ITFT; MS2; CE: 20; R=17500; [M+H]+,peak_mz:111.0450,extended,True,medium,medium,keep
CF:massbank_MSBNK-AAFC-AC000140_99_0441,CF,peak_mz,99.0441,MassBank record-derived,positive,Natural Product; Fungal metabolite,medium,1,observed,Fusarenone-X; LC-ESI-ITFT; MS2; CE: 10; R=17500; [M+H]+,peak_mz:99.0450,extended,True,medium,medium,keep
CF:massbank_MSBNK-AAFC-AC000140_137_0597,CF,peak_mz,137.0597,MassBank record-derived,positive,Natural Product; Fungal metabolite,medium,1,observed,Fusarenone-X; LC-ESI-ITFT; MS2; CE: 10; R=17500; [M+H]+,peak_mz:137.0600,extended,True,medium,medium,keep
CF:massbank_MSBNK-AAFC-AC000141_85_0284,CF,peak_mz,85.0284,MassBank record-derived,positive,Natural Product; Fungal metabolite,medium,1,observed,Fusarenone-X; LC-ESI-ITFT; MS2; CE: 20; R=17500; [M+H]+,peak_mz:85.0300,extended,True,medium,medium,keep
CF:massbank_MSBNK-AAFC-AC000145_377_1207,CF,peak_mz,377.1207,MassBank record-derived,positive,Natural Product; Fungal metabolite,medium,1,observed,Fusarenone-X; LC-ESI-ITFT; MS2; CE: 10; R=17500; [M+Na]+,peak_mz:377.1200,extended,True,medium,medium,keep
CF:massbank_MSBNK-AAFC-AC000148_287_089,CF,peak_mz,287.089,MassBank record-derived,positive,Natural Product; Fungal metabolite,medium,1,observed,Fusarenone-X; LC-ESI-ITFT; MS2; CE: 35; R=17500; [M+Na]+,peak_mz:287.0900,extended,True,medium,medium,keep
CF:massbank_MSBNK-AAFC-AC000149_56_7096,CF,peak_mz,56.7096,MassBank record-derived,positive,Natural Product; Fungal metabolite,medium,1,observed,Fusarenone-X; LC-ESI-ITFT; MS2; CE: 50; R=17500; [M+Na]+,peak_mz:56.7100,extended,True,medium,medium,keep
CF:massbank_MSBNK-AAFC-AC000149_64_3086,CF,peak_mz,64.3086,MassBank record-derived,positive,Natural Product; Fungal metabolite,medium,1,observed,Fusarenone-X; LC-ESI-ITFT; MS2; CE: 50; R=17500; [M+Na]+,peak_mz:64.3100,extended,True,medium,medium,keep
CF:massbank_MSBNK-AAFC-AC000149_77_3993,CF,peak_mz,77.3993,MassBank record-derived,positive,Natural Product; Fungal metabolite,medium,1,observed,Fusarenone-X; LC-ESI-ITFT; MS2; CE: 50; R=17500; [M+Na]+,peak_mz:77.4000,extended,True,medium,medium,keep
CF:massbank_MSBNK-AAFC-AC000150_85_0648,CF,peak_mz,85.0648,MassBank record-derived,positive,Natural Product; Fungal metabolite,medium,1,observed,HT-2 Toxin; LC-ESI-ITFT; MS2; CE: 10; R=17500; [M+H]+,peak_mz:85.0650,extended,True,medium,medium,keep
CF:massbank_MSBNK-AAFC-AC000151_57_0705,CF,peak_mz,57.0705,MassBank record-derived,positive,Natural Product; Fungal metabolite,medium,1,observed,HT-2 Toxin; LC-ESI-ITFT; MS2; CE: 20; R=17500; [M+H]+,peak_mz:57.0700,extended,True,medium,medium,keep
CF:massbank_MSBNK-AAFC-AC000151_71_0128,CF,peak_mz,71.0128,MassBank record-derived,positive,Natural Product; Fungal metabolite,medium,1,observed,HT-2 Toxin; LC-ESI-ITFT; MS2; CE: 20; R=17500; [M+H]+,peak_mz:71.0150,extended,True,medium,medium,keep
CF:massbank_MSBNK-AAFC-AC000155_345_1309,CF,peak_mz,345.1309,MassBank record-derived,positive,Natural Product; Fungal metabolite,medium,1,observed,HT-2 Toxin; LC-ESI-ITFT; MS2; CE: 10; R=17500; [M+Na]+,peak_mz:345.1300,extended,True,medium,medium,keep
CF:massbank_MSBNK-AAFC-AC000155_447_1989,CF,peak_mz,447.1989,MassBank record-derived,positive,Natural Product; Fungal metabolite,medium,1,observed,HT-2 Toxin; LC-ESI-ITFT; MS2; CE: 10; R=17500; [M+Na]+,peak_mz:447.2000,extended,True,medium,medium,keep
CF:massbank_MSBNK-AAFC-AC000156_285_1097,CF,peak_mz,285.1097,MassBank record-derived,positive,Natural Product; Fungal metabolite,medium,1,observed,HT-2 Toxin; LC-ESI-ITFT; MS2; CE: 20; R=17500; [M+Na]+,peak_mz:285.1100,extended,True,medium,medium,keep
CF:massbank_MSBNK-AAFC-AC000157_157_1012,CF,peak_mz,157.1012,MassBank record-derived,positive,Natural Product; Fungal metabolite,medium,1,observed,HT-2 Toxin; LC-ESI-ITFT; MS2; CE: 30; R=17500; [M+Na]+,peak_mz:157.1000,extended,True,medium,medium,keep
CF:massbank_MSBNK-AAFC-AC000157_185_0961,CF,peak_mz,185.0961,MassBank record-derived,positive,Natural Product; Fungal metabolite,medium,1,observed,HT-2 Toxin; LC-ESI-ITFT; MS2; CE: 30; R=17500; [M+Na]+,peak_mz:185.0950,extended,True,medium,medium,keep
CF:massbank_MSBNK-AAFC-AC000157_213_0886,CF,peak_mz,213.0886,MassBank record-derived,positive,Natural Product; Fungal metabolite,medium,1,observed,HT-2 Toxin; LC-ESI-ITFT; MS2; CE: 30; R=17500; [M+Na]+,peak_mz:213.0900,extended,True,medium,medium,keep
CF:massbank_MSBNK-AAFC-AC000158_83_0103,CF,peak_mz,83.0103,MassBank record-derived,positive,Natural Product; Fungal metabolite,medium,1,observed,HT-2 Toxin; LC-ESI-ITFT; MS2; CE: 35; R=17500; [M+Na]+,peak_mz:83.0100,extended,True,medium,medium,keep
CF:massbank_MSBNK-AAFC-AC000160_245_0444,CF,peak_mz,245.0444,MassBank record-derived,positive,Natural Product; Fungal metabolite,medium,1,observed,Isomarticin; LC-ESI-ITFT; MS2; CE: 10; R=17500; [M+H]+,peak_mz:245.0450,extended,True,medium,medium,keep
CF:massbank_MSBNK-AAFC-AC000160_287_055,CF,peak_mz,287.055,MassBank record-derived,positive,Natural Product; Fungal metabolite,medium,1,observed,Isomarticin; LC-ESI-ITFT; MS2; CE: 10; R=17500; [M+H]+,peak_mz:287.0550,extended,True,medium,medium,keep
CF:massbank_MSBNK-AAFC-AC000161_253_0495,CF,peak_mz,253.0495,MassBank record-derived,positive,Natural Product; Fungal metabolite,medium,1,observed,Isomarticin; LC-ESI-ITFT; MS2; CE: 20; R=17500; [M+H]+,peak_mz:253.0500,extended,True,medium,medium,keep
CF:massbank_MSBNK-AAFC-AC000163_225_0546,CF,peak_mz,225.0546,MassBank record-derived,positive,Natural Product; Fungal metabolite,medium,1,observed,Isomarticin; LC-ESI-ITFT; MS2; CE: 35; R=17500; [M+H]+,peak_mz:225.0550,extended,True,medium,medium,keep
CF:massbank_MSBNK-AAFC-AC000163_239_0339,CF,peak_mz,239.0339,MassBank record-derived,positive,Natural Product; Fungal metabolite,medium,1,observed,Isomarticin; LC-ESI-ITFT; MS2; CE: 35; R=17500; [M+H]+,peak_mz:239.0350,extended,True,medium,medium,keep
CF:massbank_MSBNK-AAFC-AC000164_167_0339,CF,peak_mz,167.0339,MassBank record-derived,positive,Natural Product; Fungal metabolite,medium,1,observed,Isomarticin; LC-ESI-ITFT; MS2; CE: 50; R=17500; [M+H]+,peak_mz:167.0350,extended,True,medium,medium,keep
CF:massbank_MSBNK-AAFC-AC000164_183_0441,CF,peak_mz,183.0441,MassBank record-derived,positive,Natural Product; Fungal metabolite,medium,1,observed,Isomarticin; LC-ESI-ITFT; MS2; CE: 50; R=17500; [M+H]+,peak_mz:183.0450,extended,True,medium,medium,keep
CF:massbank_MSBNK-AAFC-AC000165_107_0491,CF,peak_mz,107.0491,MassBank record-derived,positive,Natural Product; Fungal metabolite,medium,1,observed,Koninginin A; LC-ESI-ITFT; MS2; CE: 10; R=17500; [M+H]+,peak_mz:107.0500,extended,True,medium,medium,keep
CF:massbank_MSBNK-AAFC-AC000166_85_1012,CF,peak_mz,85.1012,MassBank record-derived,positive,Natural Product; Fungal metabolite,medium,1,observed,Koninginin A; LC-ESI-ITFT; MS2; CE: 20; R=17500; [M+H]+,peak_mz:85.1000,extended,True,medium,medium,keep
CF:massbank_MSBNK-AAFC-AC000168_54_1058,CF,peak_mz,54.1058,MassBank record-derived,positive,Natural Product; Fungal metabolite,medium,1,observed,Koninginin A; LC-ESI-ITFT; MS2; CE: 35; R=17500; [M+H]+,peak_mz:54.1050,extended,True,medium,medium,keep
CF:massbank_MSBNK-AAFC-AC000168_54_3577,CF,peak_mz,54.3577,MassBank record-derived,positive,Natural Product; Fungal metabolite,medium,1,observed,Koninginin A; LC-ESI-ITFT; MS2; CE: 35; R=17500; [M+H]+,peak_mz:54.3600,extended,True,medium,medium,keep
CF:massbank_MSBNK-AAFC-AC000168_54_7629,CF,peak_mz,54.7629,MassBank record-derived,positive,Natural Product; Fungal metabolite,medium,1,observed,Koninginin A; LC-ESI-ITFT; MS2; CE: 35; R=17500; [M+H]+,peak_mz:54.7650,extended,True,medium,medium,keep
CF:massbank_MSBNK-AAFC-AC000170_113_0961,CF,peak_mz,113.0961,MassBank record-derived,positive,Natural Product; Fungal metabolite,medium,1,observed,Koninginin E; LC-ESI-ITFT; MS2; CE: 10; R=17500; [M+H]+,peak_mz:113.0950,extended,True,medium,medium,keep
CF:massbank_MSBNK-AAFC-AC000170_135_0804,CF,peak_mz,135.0804,MassBank record-derived,positive,Natural Product; Fungal metabolite,medium,1,observed,Koninginin E; LC-ESI-ITFT; MS2; CE: 10; R=17500; [M+H]+,peak_mz:135.0800,extended,True,medium,medium,keep
CF:massbank_MSBNK-AAFC-AC000174_53_0029,CF,peak_mz,53.0029,MassBank record-derived,positive,Natural Product; Fungal metabolite,medium,1,observed,Koninginin E; LC-ESI-ITFT; MS2; CE: 50; R=17500; [M+H]+,peak_mz:53.0050,extended,True,medium,medium,keep
CF:massbank_MSBNK-AAFC-AC000175_439_1387,CF,peak_mz,439.1387,MassBank record-derived,positive,Natural Product; Fungal metabolite,medium,1,observed,Kotanin; LC-ESI-ITFT; MS2; CE: 10; R=17500; [M+H]+,peak_mz:439.1400,extended,True,medium,medium,keep
CF:massbank_MSBNK-AAFC-AC000176_397_1282,CF,peak_mz,397.1282,MassBank record-derived,positive,Natural Product; Fungal metabolite,medium,1,observed,Kotanin; LC-ESI-ITFT; MS2; CE: 20; R=17500; [M+H]+,peak_mz:397.1300,extended,True,medium,medium,keep
CF:massbank_MSBNK-AAFC-AC000177_365_102,CF,peak_mz,365.102,MassBank record-derived,positive,Natural Product; Fungal metabolite,medium,1,observed,Kotanin; LC-ESI-ITFT; MS2; CE: 30; R=17500; [M+H]+,peak_mz:365.1000,extended,True,medium,medium,keep
CF:massbank_MSBNK-AAFC-AC000177_383_1125,CF,peak_mz,383.1125,MassBank record-derived,positive,Natural Product; Fungal metabolite,medium,1,observed,Kotanin; LC-ESI-ITFT; MS2; CE: 30; R=17500; [M+H]+,peak_mz:383.1100,extended,True,medium,medium,keep
CF:massbank_MSBNK-AAFC-AC000178_294_1251,CF,peak_mz,294.1251,MassBank record-derived,positive,Natural Product; Fungal metabolite,medium,1,observed,Kotanin; LC-ESI-ITFT; MS2; CE: 35; R=17500; [M+H]+,peak_mz:294.1250,extended,True,medium,medium,keep
CF:massbank_MSBNK-AAFC-AC000178_321_1121,CF,peak_mz,321.1121,MassBank record-derived,positive,Natural Product; Fungal metabolite,medium,1,observed,Kotanin; LC-ESI-ITFT; MS2; CE: 35; R=17500; [M+H]+,peak_mz:321.1100,extended,True,medium,medium,keep
CF:massbank_MSBNK-AAFC-AC000178_338_1149,CF,peak_mz,338.1149,MassBank record-derived,positive,Natural Product; Fungal metabolite,medium,1,observed,Kotanin; LC-ESI-ITFT; MS2; CE: 35; R=17500; [M+H]+,peak_mz:338.1150,extended,True,medium,medium,keep
CF:massbank_MSBNK-AAFC-AC000179_221_0961,CF,peak_mz,221.0961,MassBank record-derived,positive,Natural Product; Fungal metabolite,medium,1,observed,Kotanin; LC-ESI-ITFT; MS2; CE: 50; R=17500; [M+H]+,peak_mz:221.0950,extended,True,medium,medium,keep
CF:massbank_MSBNK-AAFC-AC000179_223_1118,CF,peak_mz,223.1118,MassBank record-derived,positive,Natural Product; Fungal metabolite,medium,1,observed,Kotanin; LC-ESI-ITFT; MS2; CE: 50; R=17500; [M+H]+,peak_mz:223.1100,extended,True,medium,medium,keep
CF:massbank_MSBNK-AAFC-AC000179_232_0883,CF,peak_mz,232.0883,MassBank record-derived,positive,Natural Product; Fungal metabolite,medium,1,observed,Kotanin; LC-ESI-ITFT; MS2; CE: 50; R=17500; [M+H]+,peak_mz:232.0900,extended,True,medium,medium,keep
CF:massbank_MSBNK-AAFC-AC000180_461_1207,CF,peak_mz,461.1207,MassBank record-derived,positive,Natural Product; Fungal metabolite,medium,1,observed,Kotanin; LC-ESI-ITFT; MS2; CE: 10; R=17500; [M+Na]+,peak_mz:461.1200,extended,True,medium,medium,keep
CF:massbank_MSBNK-AAFC-AC000183_415_0788,CF,peak_mz,415.0788,MassBank record-derived,positive,Natural Product; Fungal metabolite,medium,1,observed,Kotanin; LC-ESI-ITFT; MS2; CE: 35; R=17500; [M+Na]+,peak_mz:415.0800,extended,True,medium,medium,keep
CF:massbank_MSBNK-AAFC-AC000184_400_0553,CF,peak_mz,400.0553,MassBank record-derived,positive,Natural Product; Fungal metabolite,medium,1,observed,Kotanin; LC-ESI-ITFT; MS2; CE: 50; R=17500; [M+Na]+,peak_mz:400.0550,extended,True,medium,medium,keep
CF:massbank_MSBNK-AAFC-AC000188_91_0542,CF,peak_mz,91.0542,MassBank record-derived,positive,Natural Product; Fungal metabolite,medium,1,observed,Macrosporin; LC-ESI-ITFT; MS2; CE: 45; R=17500; [M+H]+,peak_mz:91.0550,extended,True,medium,medium,keep
CF:massbank_MSBNK-AAFC-AC000189_334_0934,CF,peak_mz,334.0934,MassBank record-derived,positive,Natural Product; Fungal metabolite,medium,1,observed,Meleagrin; LC-ESI-ITFT; MS2; CE: 10; R=17500; [M+H]+,peak_mz:334.0950,extended,True,medium,medium,keep
CF:massbank_MSBNK-AAFC-AC000189_335_1013,CF,peak_mz,335.1013,MassBank record-derived,positive,Natural Product; Fungal metabolite,medium,1,observed,Meleagrin; LC-ESI-ITFT; MS2; CE: 10; R=17500; [M+H]+,peak_mz:335.1000,extended,True,medium,medium,keep
CF:massbank_MSBNK-AAFC-AC000189_403_1639,CF,peak_mz,403.1639,MassBank record-derived,positive,Natural Product; Fungal metabolite,medium,1,observed,Meleagrin; LC-ESI-ITFT; MS2; CE: 10; R=17500; [M+H]+,peak_mz:403.1650,extended,True,medium,medium,keep
CF:massbank_MSBNK-AAFC-AC000190_214_1213,CF,peak_mz,214.1213,MassBank record-derived,positive,Natural Product; Fungal metabolite,medium,1,observed,Meleagrin; LC-ESI-ITFT; MS2; CE: 20; R=17500; [M+H]+,peak_mz:214.1200,extended,True,medium,medium,keep
CF:massbank_MSBNK-AAFC-AC000190_278_1036,CF,peak_mz,278.1036,MassBank record-derived,positive,Natural Product; Fungal metabolite,medium,1,observed,Meleagrin; LC-ESI-ITFT; MS2; CE: 20; R=17500; [M+H]+,peak_mz:278.1050,extended,True,medium,medium,keep
CF:massbank_MSBNK-AAFC-AC000190_289_072,CF,peak_mz,289.072,MassBank record-derived,positive,Natural Product; Fungal metabolite,medium,1,observed,Meleagrin; LC-ESI-ITFT; MS2; CE: 20; R=17500; [M+H]+,peak_mz:289.0700,extended,True,medium,medium,keep
CF:massbank_MSBNK-AAFC-AC000191_162_0536,CF,peak_mz,162.0536,MassBank record-derived,positive,Natural Product; Fungal metabolite,medium,1,observed,Meleagrin; LC-ESI-ITFT; MS2; CE: 30; R=17500; [M+H]+,peak_mz:162.0550,extended,True,medium,medium,keep
CF:massbank_MSBNK-AAFC-AC000191_163_0614,CF,peak_mz,163.0614,MassBank record-derived,positive,Natural Product; Fungal metabolite,medium,1,observed,Meleagrin; LC-ESI-ITFT; MS2; CE: 30; R=17500; [M+H]+,peak_mz:163.0600,extended,True,medium,medium,keep
CF:massbank_MSBNK-AAFC-AC000191_203_0801,CF,peak_mz,203.0801,MassBank record-derived,positive,Natural Product; Fungal metabolite,medium,1,observed,Meleagrin; LC-ESI-ITFT; MS2; CE: 30; R=17500; [M+H]+,peak_mz:203.0800,extended,True,medium,medium,keep
CF:massbank_MSBNK-AAFC-AC000193_81_0447,CF,peak_mz,81.0447,MassBank record-derived,positive,Natural Product; Fungal metabolite,medium,1,observed,Meleagrin; LC-ESI-ITFT; MS2; CE: 50; R=17500; [M+H]+,peak_mz:81.0450,extended,True,medium,medium,keep
CF:massbank_MSBNK-AAFC-AC000193_107_0478,CF,peak_mz,107.0478,MassBank record-derived,positive,Natural Product; Fungal metabolite,medium,1,observed,Meleagrin; LC-ESI-ITFT; MS2; CE: 50; R=17500; [M+H]+,peak_mz:107.0500,extended,True,medium,medium,keep
CF:massbank_MSBNK-AAFC-AC000193_108_0556,CF,peak_mz,108.0556,MassBank record-derived,positive,Natural Product; Fungal metabolite,medium,1,observed,Meleagrin; LC-ESI-ITFT; MS2; CE: 50; R=17500; [M+H]+,peak_mz:108.0550,extended,True,medium,medium,keep
CF:massbank_MSBNK-AAFC-AC000194_121_0648,CF,peak_mz,121.0648,MassBank record-derived,positive,Natural Product; Fungal metabolite,medium,1,observed,Neosolaniol; LC-ESI-ITFT; MS2; CE: 10; R=17500; [M+H]+,peak_mz:121.0650,extended,True,medium,medium,keep
CF:massbank_MSBNK-AAFC-AC000195_75_9574,CF,peak_mz,75.9574,MassBank record-derived,positive,Natural Product; Fungal metabolite,medium,1,observed,Neosolaniol; LC-ESI-ITFT; MS2; CE: 20; R=17500; [M+H]+,peak_mz:75.9550,extended,True,medium,medium,keep
CF:massbank_MSBNK-AAFC-AC000195_83_6886,CF,peak_mz,83.6886,MassBank record-derived,positive,Natural Product; Fungal metabolite,medium,1,observed,Neosolaniol; LC-ESI-ITFT; MS2; CE: 20; R=17500; [M+H]+,peak_mz:83.6900,extended,True,medium,medium,keep
CF:massbank_MSBNK-AAFC-AC000195_87_9703,CF,peak_mz,87.9703,MassBank record-derived,positive,Natural Product; Fungal metabolite,medium,1,observed,Neosolaniol; LC-ESI-ITFT; MS2; CE: 20; R=17500; [M+H]+,peak_mz:87.9700,extended,True,medium,medium,keep
CF:massbank_MSBNK-AAFC-AC000196_66_1815,CF,peak_mz,66.1815,MassBank record-derived,positive,Natural Product; Fungal metabolite,medium,1,observed,Neosolaniol; LC-ESI-ITFT; MS2; CE: 30; R=17500; [M+H]+,peak_mz:66.1800,extended,True,medium,medium,keep
CF:massbank_MSBNK-AAFC-AC000196_70_2179,CF,peak_mz,70.2179,MassBank record-derived,positive,Natural Product; Fungal metabolite,medium,1,observed,Neosolaniol; LC-ESI-ITFT; MS2; CE: 30; R=17500; [M+H]+,peak_mz:70.2200,extended,True,medium,medium,keep
CF:massbank_MSBNK-AAFC-AC000197_50_0091,CF,peak_mz,50.0091,MassBank record-derived,positive,Natural Product; Fungal metabolite,medium,1,observed,Neosolaniol; LC-ESI-ITFT; MS2; CE: 35; R=17500; [M+H]+,peak_mz:50.0100,extended,True,medium,medium,keep
CF:massbank_MSBNK-AAFC-AC000197_50_2367,CF,peak_mz,50.2367,MassBank record-derived,positive,Natural Product; Fungal metabolite,medium,1,observed,Neosolaniol; LC-ESI-ITFT; MS2; CE: 35; R=17500; [M+H]+,peak_mz:50.2350,extended,True,medium,medium,keep
CF:massbank_MSBNK-AAFC-AC000197_53_7868,CF,peak_mz,53.7868,MassBank record-derived,positive,Natural Product; Fungal metabolite,medium,1,observed,Neosolaniol; LC-ESI-ITFT; MS2; CE: 35; R=17500; [M+H]+,peak_mz:53.7850,extended,True,medium,medium,keep
CF:massbank_MSBNK-AAFC-AC000198_60_8855,CF,peak_mz,60.8855,MassBank record-derived,positive,Natural Product; Fungal metabolite,medium,1,observed,Neosolaniol; LC-ESI-ITFT; MS2; CE: 50; R=17500; [M+H]+,peak_mz:60.8850,extended,True,medium,medium,keep
CF:massbank_MSBNK-AAFC-AC000198_66_3954,CF,peak_mz,66.3954,MassBank record-derived,positive,Natural Product; Fungal metabolite,medium,1,observed,Neosolaniol; LC-ESI-ITFT; MS2; CE: 50; R=17500; [M+H]+,peak_mz:66.3950,extended,True,medium,medium,keep
CF:massbank_MSBNK-AAFC-AC000199_405_152,CF,peak_mz,405.152,MassBank record-derived,positive,Natural Product; Fungal metabolite,medium,1,observed,Neosolaniol; LC-ESI-ITFT; MS2; CE: 10; R=17500; [M+Na]+,peak_mz:405.1500,extended,True,medium,medium,keep
CF:massbank_MSBNK-AAFC-AC000203_50_8377,CF,peak_mz,50.8377,MassBank record-derived,positive,Natural Product; Fungal metabolite,medium,1,observed,Neosolaniol; LC-ESI-ITFT; MS2; CE: 50; R=17500; [M+Na]+,peak_mz:50.8400,extended,True,medium,medium,keep
CF:massbank_MSBNK-AAFC-AC000203_55_9765,CF,peak_mz,55.9765,MassBank record-derived,positive,Natural Product; Fungal metabolite,medium,1,observed,Neosolaniol; LC-ESI-ITFT; MS2; CE: 50; R=17500; [M+Na]+,peak_mz:55.9750,extended,True,medium,medium,keep
CF:massbank_MSBNK-AAFC-AC000203_59_5508,CF,peak_mz,59.5508,MassBank record-derived,positive,Natural Product; Fungal metabolite,medium,1,observed,Neosolaniol; LC-ESI-ITFT; MS2; CE: 50; R=17500; [M+Na]+,peak_mz:59.5500,extended,True,medium,medium,keep
CF:massbank_MSBNK-AAFC-AC000204_120_0808,CF,peak_mz,120.0808,MassBank record-derived,positive,Natural Product; Fungal metabolite,medium,1,observed,Ochratoxin A; LC-ESI-ITFT; MS2; CE: 10; R=17500; [M+H]+,peak_mz:120.0800,extended,True,medium,medium,keep
CF:massbank_MSBNK-AAFC-AC000204_239_0106,CF,peak_mz,239.0106,MassBank record-derived,positive,Natural Product; Fungal metabolite,medium,1,observed,Ochratoxin A; LC-ESI-ITFT; MS2; CE: 10; R=17500; [M+H]+,peak_mz:239.0100,extended,True,medium,medium,keep
CF:massbank_MSBNK-AAFC-AC000204_257_0211,CF,peak_mz,257.0211,MassBank record-derived,positive,Natural Product; Fungal metabolite,medium,1,observed,Ochratoxin A; LC-ESI-ITFT; MS2; CE: 10; R=17500; [M+H]+,peak_mz:257.0200,extended,True,medium,medium,keep
CF:massbank_MSBNK-AAFC-AC000208_137_0153,CF,peak_mz,137.0153,MassBank record-derived,positive,Natural Product; Fungal metabolite,medium,1,observed,Ochratoxin A; LC-ESI-ITFT; MS2; CE: 50; R=17500; [M+H]+,peak_mz:137.0150,extended,True,medium,medium,keep
CF:massbank_MSBNK-AAFC-AC000208_165_0102,CF,peak_mz,165.0102,MassBank record-derived,positive,Natural Product; Fungal metabolite,medium,1,observed,Ochratoxin A; LC-ESI-ITFT; MS2; CE: 50; R=17500; [M+H]+,peak_mz:165.0100,extended,True,medium,medium,keep
CF:massbank_MSBNK-AAFC-AC000209_260_9925,CF,peak_mz,260.9925,MassBank record-derived,positive,Natural Product; Fungal metabolite,medium,1,observed,Ochratoxin A; LC-ESI-ITFT; MS2; CE: 10; R=17500; [M+Na]+,peak_mz:260.9900,extended,True,medium,medium,keep
CF:massbank_MSBNK-AAFC-AC000209_426_0715,CF,peak_mz,426.0715,MassBank record-derived,positive,Natural Product; Fungal metabolite,medium,1,observed,Ochratoxin A; LC-ESI-ITFT; MS2; CE: 10; R=17500; [M+Na]+,peak_mz:426.0700,extended,True,medium,medium,keep
CF:massbank_MSBNK-AAFC-AC000210_279_0031,CF,peak_mz,279.0031,MassBank record-derived,positive,Natural Product; Fungal metabolite,medium,1,observed,Ochratoxin A; LC-ESI-ITFT; MS2; CE: 20; R=17500; [M+Na]+,peak_mz:279.0050,extended,True,medium,medium,keep
CF:massbank_MSBNK-AAFC-AC000214_322_1298,CF,peak_mz,322.1298,MassBank record-derived,positive,Natural Product; Fungal metabolite,medium,1,observed,Roquefortine C; LC-ESI-ITFT; MS2; CE: 10; R=17500; [M+H]+,peak_mz:322.1300,extended,True,medium,medium,keep
CF:massbank_MSBNK-AAFC-AC000214_390_1924,CF,peak_mz,390.1924,MassBank record-derived,positive,Natural Product; Fungal metabolite,medium,1,observed,Roquefortine C; LC-ESI-ITFT; MS2; CE: 10; R=17500; [M+H]+,peak_mz:390.1900,extended,True,medium,medium,keep
CF:massbank_MSBNK-AAFC-AC000215_193_072,CF,peak_mz,193.072,MassBank record-derived,positive,Natural Product; Fungal metabolite,medium,1,observed,Roquefortine C; LC-ESI-ITFT; MS2; CE: 20; R=17500; [M+H]+,peak_mz:193.0700,extended,True,medium,medium,keep
CF:massbank_MSBNK-AAFC-AC000216_191_0563,CF,peak_mz,191.0563,MassBank record-derived,positive,Natural Product; Fungal metabolite,medium,1,observed,Roquefortine C; LC-ESI-ITFT; MS2; CE: 30; R=17500; [M+H]+,peak_mz:191.0550,extended,True,medium,medium,keep
CF:massbank_MSBNK-AAFC-AC000216_192_0642,CF,peak_mz,192.0642,MassBank record-derived,positive,Natural Product; Fungal metabolite,medium,1,observed,Roquefortine C; LC-ESI-ITFT; MS2; CE: 30; R=17500; [M+H]+,peak_mz:192.0650,extended,True,medium,medium,keep
CF:massbank_MSBNK-AAFC-AC000217_162_0298,CF,peak_mz,162.0298,MassBank record-derived,positive,Natural Product; Fungal metabolite,medium,1,observed,Roquefortine C; LC-ESI-ITFT; MS2; CE: 35; R=17500; [M+H]+,peak_mz:162.0300,extended,True,medium,medium,keep
CF:massbank_MSBNK-AAFC-AC000218_69_0447,CF,peak_mz,69.0447,MassBank record-derived,positive,Natural Product; Fungal metabolite,medium,1,observed,Roquefortine C; LC-ESI-ITFT; MS2; CE: 50; R=17500; [M+H]+,peak_mz:69.0450,extended,True,medium,medium,keep
CF:massbank_MSBNK-AAFC-AC000219_412_1744,CF,peak_mz,412.1744,MassBank record-derived,positive,Natural Product; Fungal metabolite,medium,1,observed,Roquefortine C; LC-ESI-ITFT; MS2; CE: 10; R=17500; [M+Na]+,peak_mz:412.1750,extended,True,medium,medium,keep
CF:massbank_MSBNK-AAFC-AC000221_213_0383,CF,peak_mz,213.0383,MassBank record-derived,positive,Natural Product; Fungal metabolite,medium,1,observed,Roquefortine C; LC-ESI-ITFT; MS2; CE: 30; R=17500; [M+Na]+,peak_mz:213.0400,extended,True,medium,medium,keep
CF:massbank_MSBNK-AAFC-AC000221_214_0461,CF,peak_mz,214.0461,MassBank record-derived,positive,Natural Product; Fungal metabolite,medium,1,observed,Roquefortine C; LC-ESI-ITFT; MS2; CE: 30; R=17500; [M+Na]+,peak_mz:214.0450,extended,True,medium,medium,keep
CF:massbank_MSBNK-AAFC-AC000221_344_1118,CF,peak_mz,344.1118,MassBank record-derived,positive,Natural Product; Fungal metabolite,medium,1,observed,Roquefortine C; LC-ESI-ITFT; MS2; CE: 30; R=17500; [M+Na]+,peak_mz:344.1100,extended,True,medium,medium,keep
CF:massbank_MSBNK-AAFC-AC000224_325_0707,CF,peak_mz,325.0707,MassBank record-derived,positive,Natural Product; Fungal metabolite,medium,1,observed,Sterigmatocystin; LC-ESI-ITFT; MS2; CE: 10; R=17500; [M+H]+,peak_mz:325.0700,extended,True,medium,medium,keep
CF:massbank_MSBNK-AAFC-AC000225_310_0472,CF,peak_mz,310.0472,MassBank record-derived,positive,Natural Product; Fungal metabolite,medium,1,observed,Sterigmatocystin; LC-ESI-ITFT; MS2; CE: 20; R=17500; [M+H]+,peak_mz:310.0450,extended,True,medium,medium,keep
CF:massbank_MSBNK-AAFC-AC000226_281_0444,CF,peak_mz,281.0444,MassBank record-derived,positive,Natural Product; Fungal metabolite,medium,1,observed,Sterigmatocystin; LC-ESI-ITFT; MS2; CE: 30; R=17500; [M+H]+,peak_mz:281.0450,extended,True,medium,medium,keep
CF:massbank_MSBNK-AAFC-AC000227_282_0523,CF,peak_mz,282.0523,MassBank record-derived,positive,Natural Product; Fungal metabolite,medium,1,observed,Sterigmatocystin; LC-ESI-ITFT; MS2; CE: 35; R=17500; [M+H]+,peak_mz:282.0500,extended,True,medium,medium,keep
CF:massbank_MSBNK-AAFC-AC000228_254_0574,CF,peak_mz,254.0574,MassBank record-derived,positive,Natural Product; Fungal metabolite,medium,1,observed,Sterigmatocystin; LC-ESI-ITFT; MS2; CE: 50; R=17500; [M+H]+,peak_mz:254.0550,extended,True,medium,medium,keep
CF:massbank_MSBNK-AAFC-AC000229_183_0288,CF,peak_mz,183.0288,MassBank record-derived,positive,Natural Product; Fungal metabolite,medium,1,observed,Stipitatic acid; LC-ESI-ITFT; MS2; CE: 10; R=17500; [M+H]+,peak_mz:183.0300,extended,True,medium,medium,keep
CF:massbank_MSBNK-AAFC-AC000231_137_0233,CF,peak_mz,137.0233,MassBank record-derived,positive,Natural Product; Fungal metabolite,medium,1,observed,Stipitatic acid; LC-ESI-ITFT; MS2; CE: 35; R=17500; [M+H]+,peak_mz:137.0250,extended,True,medium,medium,keep
CF:massbank_MSBNK-AAFC-AC000233_57_0707,CF,peak_mz,57.0707,MassBank record-derived,positive,Natural Product; Fungal metabolite,medium,1,observed,T-2 Toxin; LC-ESI-ITFT; MS2; CE: 10; R=17500; [M+H]+,peak_mz:57.0700,extended,True,medium,medium,keep
CF:massbank_MSBNK-AAFC-AC000238_489_2095,CF,peak_mz,489.2095,MassBank record-derived,positive,Natural Product; Fungal metabolite,medium,1,observed,T-2 Toxin; LC-ESI-ITFT; MS2; CE: 10; R=17500; [M+Na]+,peak_mz:489.2100,extended,True,medium,medium,keep
CF:massbank_MSBNK-AAFC-AC000239_245_1172,CF,peak_mz,245.1172,MassBank record-derived,positive,Natural Product; Fungal metabolite,medium,1,observed,T-2 Toxin; LC-ESI-ITFT; MS2; CE: 20; R=17500; [M+Na]+,peak_mz:245.1150,extended,True,medium,medium,keep
CF:massbank_MSBNK-AAFC-AC000239_267_0992,CF,peak_mz,267.0992,MassBank record-derived,positive,Natural Product; Fungal metabolite,medium,1,observed,T-2 Toxin; LC-ESI-ITFT; MS2; CE: 20; R=17500; [M+Na]+,peak_mz:267.1000,extended,True,medium,medium,keep
CF:massbank_MSBNK-AAFC-AC000239_327_1203,CF,peak_mz,327.1203,MassBank record-derived,positive,Natural Product; Fungal metabolite,medium,1,observed,T-2 Toxin; LC-ESI-ITFT; MS2; CE: 20; R=17500; [M+Na]+,peak_mz:327.1200,extended,True,medium,medium,keep
CF:massbank_MSBNK-AAFC-AC000240_143_0855,CF,peak_mz,143.0855,MassBank record-derived,positive,Natural Product; Fungal metabolite,medium,1,observed,T-2 Toxin; LC-ESI-ITFT; MS2; CE: 30; R=17500; [M+Na]+,peak_mz:143.0850,extended,True,medium,medium,keep
CF:massbank_MSBNK-AAFC-AC000240_171_1168,CF,peak_mz,171.1168,MassBank record-derived,positive,Natural Product; Fungal metabolite,medium,1,observed,T-2 Toxin; LC-ESI-ITFT; MS2; CE: 30; R=17500; [M+Na]+,peak_mz:171.1150,extended,True,medium,medium,keep
CF:massbank_MSBNK-AAFC-AC000243_173_1325,CF,peak_mz,173.1325,MassBank record-derived,positive,Natural Product; Fungal metabolite,medium,1,observed,Traversianal; LC-ESI-ITFT; MS2; CE: 10; R=17500; [M+H]+,peak_mz:173.1300,extended,True,medium,medium,keep
CF:massbank_MSBNK-AAFC-AC000243_175_1481,CF,peak_mz,175.1481,MassBank record-derived,positive,Natural Product; Fungal metabolite,medium,1,observed,Traversianal; LC-ESI-ITFT; MS2; CE: 10; R=17500; [M+H]+,peak_mz:175.1500,extended,True,medium,medium,keep
CF:massbank_MSBNK-AAFC-AC000243_183_1168,CF,peak_mz,183.1168,MassBank record-derived,positive,Natural Product; Fungal metabolite,medium,1,observed,Traversianal; LC-ESI-ITFT; MS2; CE: 10; R=17500; [M+H]+,peak_mz:183.1150,extended,True,medium,medium,keep
CF:massbank_MSBNK-AAFC-AC000244_121_1012,CF,peak_mz,121.1012,MassBank record-derived,positive,Natural Product; Fungal metabolite,medium,1,observed,Traversianal; LC-ESI-ITFT; MS2; CE: 20; R=17500; [M+H]+,peak_mz:121.1000,extended,True,medium,medium,keep
CF:massbank_MSBNK-AAFC-AC000250_66_3667,CF,peak_mz,66.3667,MassBank record-derived,positive,Natural Product; Fungal metabolite,medium,1,observed,Trichoverrol A; LC-ESI-ITFT; MS2; CE: 30; R=17500; [M+H]+,peak_mz:66.3650,extended,True,medium,medium,keep
CF:massbank_MSBNK-AAFC-AC000250_69_0342,CF,peak_mz,69.0342,MassBank record-derived,positive,Natural Product; Fungal metabolite,medium,1,observed,Trichoverrol A; LC-ESI-ITFT; MS2; CE: 30; R=17500; [M+H]+,peak_mz:69.0350,extended,True,medium,medium,keep
CF:massbank_MSBNK-AAFC-AC000251_53_2301,CF,peak_mz,53.2301,MassBank record-derived,positive,Natural Product; Fungal metabolite,medium,1,observed,Trichoverrol A; LC-ESI-ITFT; MS2; CE: 35; R=17500; [M+H]+,peak_mz:53.2300,extended,True,medium,medium,keep
CF:massbank_MSBNK-AAFC-AC000252_63_128,CF,peak_mz,63.128,MassBank record-derived,positive,Natural Product; Fungal metabolite,medium,1,observed,Trichoverrol A; LC-ESI-ITFT; MS2; CE: 50; R=17500; [M+H]+,peak_mz:63.1300,extended,True,medium,medium,keep
CF:massbank_MSBNK-AAFC-AC000253_195_0628,CF,peak_mz,195.0628,MassBank record-derived,positive,Natural Product; Fungal metabolite,medium,1,observed,Trichoverrol A; LC-ESI-ITFT; MS2; CE: 10; R=17500; [M+Na]+,peak_mz:195.0650,extended,True,medium,medium,keep
CF:massbank_MSBNK-AAFC-AC000253_443_204,CF,peak_mz,443.204,MassBank record-derived,positive,Natural Product; Fungal metabolite,medium,1,observed,Trichoverrol A; LC-ESI-ITFT; MS2; CE: 10; R=17500; [M+Na]+,peak_mz:443.2050,extended,True,medium,medium,keep
CF:massbank_MSBNK-AAFC-AC000258_113_0597,CF,peak_mz,113.0597,MassBank record-derived,positive,Natural Product; Fungal metabolite,medium,1,observed,Verrucarin J; LC-ESI-ITFT; MS2; CE: 10; R=17500; [M+H]+,peak_mz:113.0600,extended,True,medium,medium,keep
CF:massbank_MSBNK-AAFC-AC000258_231_138,CF,peak_mz,231.138,MassBank record-derived,positive,Natural Product; Fungal metabolite,medium,1,observed,Verrucarin J; LC-ESI-ITFT; MS2; CE: 10; R=17500; [M+H]+,peak_mz:231.1400,extended,True,medium,medium,keep
CF:massbank_MSBNK-AAFC-AC000262_65_0386,CF,peak_mz,65.0386,MassBank record-derived,positive,Natural Product; Fungal metabolite,medium,1,observed,Verrucarin J; LC-ESI-ITFT; MS2; CE: 50; R=17500; [M+H]+,peak_mz:65.0400,extended,True,medium,medium,keep
CF:massbank_MSBNK-AAFC-AC000263_507_1989,CF,peak_mz,507.1989,MassBank record-derived,positive,Natural Product; Fungal metabolite,medium,1,observed,Verrucarin J; LC-ESI-ITFT; MS2; CE: 10; R=17500; [M+Na]+,peak_mz:507.2000,extended,True,medium,medium,keep
CF:massbank_MSBNK-AAFC-AC000264_135_0417,CF,peak_mz,135.0417,MassBank record-derived,positive,Natural Product; Fungal metabolite,medium,1,observed,Verrucarin J; LC-ESI-ITFT; MS2; CE: 20; R=17500; [M+Na]+,peak_mz:135.0400,extended,True,medium,medium,keep
CF:massbank_MSBNK-AAFC-AC000265_147_0053,CF,peak_mz,147.0053,MassBank record-derived,positive,Natural Product; Fungal metabolite,medium,1,observed,Verrucarin J; LC-ESI-ITFT; MS2; CE: 30; R=17500; [M+Na]+,peak_mz:147.0050,extended,True,medium,medium,keep
CF:massbank_MSBNK-AAFC-AC000265_165_0158,CF,peak_mz,165.0158,MassBank record-derived,positive,Natural Product; Fungal metabolite,medium,1,observed,Verrucarin J; LC-ESI-ITFT; MS2; CE: 30; R=17500; [M+Na]+,peak_mz:165.0150,extended,True,medium,medium,keep
CF:massbank_MSBNK-AAFC-AC000273_238_0863,CF,peak_mz,238.0863,MassBank record-derived,positive,Natural Product; Fungal metabolite,medium,1,observed,Viridicatin; LC-ESI-ITFT; MS2; CE: 10; R=17500; [M+H]+,peak_mz:238.0850,extended,True,medium,medium,keep
CF:massbank_MSBNK-AAFC-AC000276_192_0808,CF,peak_mz,192.0808,MassBank record-derived,positive,Natural Product; Fungal metabolite,medium,1,observed,Viridicatin; LC-ESI-ITFT; MS2; CE: 35; R=17500; [M+H]+,peak_mz:192.0800,extended,True,medium,medium,keep
CF:massbank_MSBNK-AAFC-AC000277_105_0335,CF,peak_mz,105.0335,MassBank record-derived,positive,Natural Product; Fungal metabolite,medium,1,observed,Viridicatin; LC-ESI-ITFT; MS2; CE: 50; R=17500; [M+H]+,peak_mz:105.0350,extended,True,medium,medium,keep
CF:massbank_MSBNK-AAFC-AC000277_165_0699,CF,peak_mz,165.0699,MassBank record-derived,positive,Natural Product; Fungal metabolite,medium,1,observed,Viridicatin; LC-ESI-ITFT; MS2; CE: 50; R=17500; [M+H]+,peak_mz:165.0700,extended,True,medium,medium,keep
CF:massbank_MSBNK-AAFC-AC000282_55_055,CF,peak_mz,55.055,MassBank record-derived,positive,Natural Product; Fungal metabolite,medium,1,observed,Walleminone; LC-ESI-ITFT; MS2; CE: 40; R=17500; [M+H]+,peak_mz:55.0550,extended,True,medium,medium,keep
CF:massbank_MSBNK-AAFC-AC000285_69_0706,CF,peak_mz,69.0706,MassBank record-derived,positive,Natural Product; Fungal metabolite,medium,1,observed,Walleminone; LC-ESI-ITFT; MS2; CE: 30; R=17500; [M-H2O+H]+,peak_mz:69.0700,extended,True,medium,medium,keep
CF:massbank_MSBNK-AAFC-AC000288_165_0182,CF,peak_mz,165.0182,MassBank record-derived,positive,Natural Product; Fungal metabolite,medium,1,observed,Zearalenone; LC-ESI-ITFT; MS2; CE: 10; R=17500; [M+H]+,peak_mz:165.0200,extended,True,medium,medium,keep
CF:massbank_MSBNK-AAFC-AC000292_68_9971,CF,peak_mz,68.9971,MassBank record-derived,positive,Natural Product; Fungal metabolite,medium,1,observed,Zearalenone; LC-ESI-ITFT; MS2; CE: 50; R=17500; [M+H]+,peak_mz:68.9950,extended,True,medium,medium,keep
CF:massbank_MSBNK-AAFC-AC000293_544_2918,CF,peak_mz,544.2918,MassBank record-derived,positive,Natural Product; Fungal metabolite,medium,1,observed,Ergocorninine; LC-ESI-ITFT; MS2; CE: 10; R=17500; [M+H]+,peak_mz:544.2900,extended,True,medium,medium,keep
CF:massbank_MSBNK-AAFC-AC000293_562_3024,CF,peak_mz,562.3024,MassBank record-derived,positive,Natural Product; Fungal metabolite,medium,1,observed,Ergocorninine; LC-ESI-ITFT; MS2; CE: 10; R=17500; [M+H]+,peak_mz:562.3000,extended,True,medium,medium,keep
CF:massbank_MSBNK-AAFC-AC000294_223_123,CF,peak_mz,223.123,MassBank record-derived,positive,Natural Product; Fungal metabolite,medium,1,observed,Ergocorninine; LC-ESI-ITFT; MS2; CE: 20; R=17500; [M+H]+,peak_mz:223.1250,extended,True,medium,medium,keep
CF:massbank_MSBNK-AAFC-AC000294_225_1009,CF,peak_mz,225.1009,MassBank record-derived,positive,Natural Product; Fungal metabolite,medium,1,observed,Ergocorninine; LC-ESI-ITFT; MS2; CE: 20; R=17500; [M+H]+,peak_mz:225.1000,extended,True,medium,medium,keep
CF:massbank_MSBNK-AAFC-AC000294_261_1386,CF,peak_mz,261.1386,MassBank record-derived,positive,Natural Product; Fungal metabolite,medium,1,observed,Ergocorninine; LC-ESI-ITFT; MS2; CE: 20; R=17500; [M+H]+,peak_mz:261.1400,extended,True,medium,medium,keep
CF:massbank_MSBNK-AAFC-AC000295_167_1165,CF,peak_mz,167.1165,MassBank record-derived,positive,Natural Product; Fungal metabolite,medium,1,observed,Ergocorninine; LC-ESI-ITFT; MS2; CE: 30; R=17500; [M+H]+,peak_mz:167.1150,extended,True,medium,medium,keep
CF:massbank_MSBNK-AAFC-AC000295_191_073,CF,peak_mz,191.073,MassBank record-derived,positive,Natural Product; Fungal metabolite,medium,1,observed,Ergocorninine; LC-ESI-ITFT; MS2; CE: 30; R=17500; [M+H]+,peak_mz:191.0750,extended,True,medium,medium,keep
CF:massbank_MSBNK-AAFC-AC000296_153_0645,CF,peak_mz,153.0645,MassBank record-derived,positive,Natural Product; Fungal metabolite,medium,1,observed,Ergocorninine; LC-ESI-ITFT; MS2; CE: 35; R=17500; [M+H]+,peak_mz:153.0650,extended,True,medium,medium,keep
CF:massbank_MSBNK-AAFC-AC000297_139_123,CF,peak_mz,139.123,MassBank record-derived,positive,Natural Product; Fungal metabolite,medium,1,observed,Ergocorninine; LC-ESI-ITFT; MS2; CE: 50; R=17500; [M+H]+,peak_mz:139.1250,extended,True,medium,medium,keep
CF:massbank_MSBNK-AAFC-AC000298_290_1248,CF,peak_mz,290.1248,MassBank record-derived,positive,Natural Product; Fungal metabolite,medium,1,observed,Ergocorninine; LC-ESI-ITFT; MS2; CE: 10; R=17500; [M+Na]+,peak_mz:290.1250,extended,True,medium,medium,keep
CF:massbank_MSBNK-AAFC-AC000298_584_2843,CF,peak_mz,584.2843,MassBank record-derived,positive,Natural Product; Fungal metabolite,medium,1,observed,Ergocorninine; LC-ESI-ITFT; MS2; CE: 10; R=17500; [M+Na]+,peak_mz:584.2850,extended,True,medium,medium,keep
CF:massbank_MSBNK-AAFC-AC000299_362_1665,CF,peak_mz,362.1665,MassBank record-derived,positive,Natural Product; Fungal metabolite,medium,1,observed,Ergocorninine; LC-ESI-ITFT; MS2; CE: 20; R=17500; [M+Na]+,peak_mz:362.1650,extended,True,medium,medium,keep
CF:massbank_MSBNK-AAFC-AC000299_541_2421,CF,peak_mz,541.2421,MassBank record-derived,positive,Natural Product; Fungal metabolite,medium,1,observed,Ergocorninine; LC-ESI-ITFT; MS2; CE: 20; R=17500; [M+Na]+,peak_mz:541.2400,extended,True,medium,medium,keep
CF:massbank_MSBNK-AAFC-AC000300_138_0523,CF,peak_mz,138.0523,MassBank record-derived,positive,Natural Product; Fungal metabolite,medium,1,observed,Ergocorninine; LC-ESI-ITFT; MS2; CE: 30; R=17500; [M+Na]+,peak_mz:138.0500,extended,True,medium,medium,keep
CF:massbank_MSBNK-AAFC-AC000300_247_0828,CF,peak_mz,247.0828,MassBank record-derived,positive,Natural Product; Fungal metabolite,medium,1,observed,Ergocorninine; LC-ESI-ITFT; MS2; CE: 30; R=17500; [M+Na]+,peak_mz:247.0850,extended,True,medium,medium,keep
CF:massbank_MSBNK-AAFC-AC000301_237_1196,CF,peak_mz,237.1196,MassBank record-derived,positive,Natural Product; Fungal metabolite,medium,1,observed,Ergocorninine; LC-ESI-ITFT; MS2; CE: 35; R=17500; [M+Na]+,peak_mz:237.1200,extended,True,medium,medium,keep
CF:massbank_MSBNK-AAFC-AC000302_72_0808,CF,peak_mz,72.0808,MassBank record-derived,positive,Natural Product; Fungal metabolite,medium,1,observed,Ergocorninine; LC-ESI-ITFT; MS2; CE: 50; R=17500; [M+Na]+,peak_mz:72.0800,extended,True,medium,medium,keep
CF:massbank_MSBNK-AAFC-AC000303_558_3075,CF,peak_mz,558.3075,MassBank record-derived,positive,Natural Product; Fungal metabolite,medium,1,observed,Ergocryptinine; LC-ESI-ITFT; MS2; CE: 10; R=17500; [M+H]+,peak_mz:558.3100,extended,True,medium,medium,keep
CF:massbank_MSBNK-AAFC-AC000303_576_318,CF,peak_mz,576.318,MassBank record-derived,positive,Natural Product; Fungal metabolite,medium,1,observed,Ergocryptinine; LC-ESI-ITFT; MS2; CE: 10; R=17500; [M+H]+,peak_mz:576.3200,extended,True,medium,medium,keep
CF:massbank_MSBNK-AAFC-AC000304_261_1359,CF,peak_mz,261.1359,MassBank record-derived,positive,Natural Product; Fungal metabolite,medium,1,observed,Ergocryptinine; LC-ESI-ITFT; MS2; CE: 20; R=17500; [M+H]+,peak_mz:261.1350,extended,True,medium,medium,keep
CF:massbank_MSBNK-AAFC-AC000305_181_1322,CF,peak_mz,181.1322,MassBank record-derived,positive,Natural Product; Fungal metabolite,medium,1,observed,Ergocryptinine; LC-ESI-ITFT; MS2; CE: 30; R=17500; [M+H]+,peak_mz:181.1300,extended,True,medium,medium,keep
CF:massbank_MSBNK-AAFC-AC000307_153_1386,CF,peak_mz,153.1386,MassBank record-derived,positive,Natural Product; Fungal metabolite,medium,1,observed,Ergocryptinine; LC-ESI-ITFT; MS2; CE: 50; R=17500; [M+H]+,peak_mz:153.1400,extended,True,medium,medium,keep
CF:massbank_MSBNK-AAFC-AC000308_598_3,CF,peak_mz,598.3,MassBank record-derived,positive,Natural Product; Fungal metabolite,medium,1,observed,Ergocryptinine; LC-ESI-ITFT; MS2; CE: 10; R=17500; [M+Na]+,peak_mz:598.3000,extended,True,medium,medium,keep
CF:massbank_MSBNK-AAFC-AC000309_376_1822,CF,peak_mz,376.1822,MassBank record-derived,positive,Natural Product; Fungal metabolite,medium,1,observed,Ergocryptinine; LC-ESI-ITFT; MS2; CE: 20; R=17500; [M+Na]+,peak_mz:376.1800,extended,True,medium,medium,keep
CF:massbank_MSBNK-AAFC-AC000309_555_2578,CF,peak_mz,555.2578,MassBank record-derived,positive,Natural Product; Fungal metabolite,medium,1,observed,Ergocryptinine; LC-ESI-ITFT; MS2; CE: 20; R=17500; [M+Na]+,peak_mz:555.2600,extended,True,medium,medium,keep
CF:massbank_MSBNK-AAFC-AC000310_348_1873,CF,peak_mz,348.1873,MassBank record-derived,positive,Natural Product; Fungal metabolite,medium,1,observed,Ergocryptinine; LC-ESI-ITFT; MS2; CE: 30; R=17500; [M+Na]+,peak_mz:348.1850,extended,True,medium,medium,keep
CF:massbank_MSBNK-AAFC-AC000311_251_1366,CF,peak_mz,251.1366,MassBank record-derived,positive,Natural Product; Fungal metabolite,medium,1,observed,Ergocryptinine; LC-ESI-ITFT; MS2; CE: 35; R=17500; [M+Na]+,peak_mz:251.1350,extended,True,medium,medium,keep
CF:massbank_MSBNK-AAFC-AC000312_116_0706,CF,peak_mz,116.0706,MassBank record-derived,positive,Natural Product; Fungal metabolite,medium,1,observed,Ergocryptinine; LC-ESI-ITFT; MS2; CE: 50; R=17500; [M+Na]+,peak_mz:116.0700,extended,True,medium,medium,keep
CF:massbank_MSBNK-AAFC-AC000313_326_1863,CF,peak_mz,326.1863,MassBank record-derived,positive,Natural Product; Fungal metabolite,medium,1,observed,Ergometrine; LC-ESI-ITFT; MS2; CE: 10; R=17500; [M+H]+,peak_mz:326.1850,extended,True,medium,medium,keep
CF:massbank_MSBNK-AAFC-AC000314_283_1441,CF,peak_mz,283.1441,MassBank record-derived,positive,Natural Product; Fungal metabolite,medium,1,observed,Ergometrine; LC-ESI-ITFT; MS2; CE: 20; R=17500; [M+H]+,peak_mz:283.1450,extended,True,medium,medium,keep
CF:massbank_MSBNK-AAFC-AC000315_197_1073,CF,peak_mz,197.1073,MassBank record-derived,positive,Natural Product; Fungal metabolite,medium,1,observed,Ergometrine; LC-ESI-ITFT; MS2; CE: 30; R=17500; [M+H]+,peak_mz:197.1050,extended,True,medium,medium,keep
CF:massbank_MSBNK-AAFC-AC000315_208_0757,CF,peak_mz,208.0757,MassBank record-derived,positive,Natural Product; Fungal metabolite,medium,1,observed,Ergometrine; LC-ESI-ITFT; MS2; CE: 30; R=17500; [M+H]+,peak_mz:208.0750,extended,True,medium,medium,keep
CF:massbank_MSBNK-AAFC-AC000316_180_0808,CF,peak_mz,180.0808,MassBank record-derived,positive,Natural Product; Fungal metabolite,medium,1,observed,Ergometrine; LC-ESI-ITFT; MS2; CE: 40; R=17500; [M+H]+,peak_mz:180.0800,extended,True,medium,medium,keep
CF:massbank_MSBNK-AAFC-AC000317_167_073,CF,peak_mz,167.073,MassBank record-derived,positive,Natural Product; Fungal metabolite,medium,1,observed,Ergometrine; LC-ESI-ITFT; MS2; CE: 55; R=17500; [M+H]+,peak_mz:167.0750,extended,True,medium,medium,keep
CF:massbank_MSBNK-AAFC-AC000317_168_0808,CF,peak_mz,168.0808,MassBank record-derived,positive,Natural Product; Fungal metabolite,medium,1,observed,Ergometrine; LC-ESI-ITFT; MS2; CE: 55; R=17500; [M+H]+,peak_mz:168.0800,extended,True,medium,medium,keep
CF:massbank_MSBNK-AAFC-AC000319_265_1335,CF,peak_mz,265.1335,MassBank record-derived,positive,Natural Product; Fungal metabolite,medium,1,observed,Ergometrinine; LC-ESI-ITFT; MS2; CE: 20; R=17500; [M+H]+,peak_mz:265.1350,extended,True,medium,medium,keep
CF:massbank_MSBNK-AAFC-AC000322_182_0839,CF,peak_mz,182.0839,MassBank record-derived,positive,Natural Product; Fungal metabolite,medium,1,observed,Ergometrinine; LC-ESI-ITFT; MS2; CE: 55; R=17500; [M+H]+,peak_mz:182.0850,extended,True,medium,medium,keep
CF:massbank_MSBNK-AAFC-AC000323_208_1121,CF,peak_mz,208.1121,MassBank record-derived,positive,Natural Product; Fungal metabolite,medium,1,observed,Chanoclavine-I; LC-ESI-ITFT; MS2; CE: 10; R=17500; [M+H]+,peak_mz:208.1100,extended,True,medium,medium,keep
CF:massbank_MSBNK-AAFC-AC000323_226_1226,CF,peak_mz,226.1226,MassBank record-derived,positive,Natural Product; Fungal metabolite,medium,1,observed,Chanoclavine-I; LC-ESI-ITFT; MS2; CE: 10; R=17500; [M+H]+,peak_mz:226.1250,extended,True,medium,medium,keep
CF:massbank_MSBNK-AAFC-AC000323_239_1543,CF,peak_mz,239.1543,MassBank record-derived,positive,Natural Product; Fungal metabolite,medium,1,observed,Chanoclavine-I; LC-ESI-ITFT; MS2; CE: 10; R=17500; [M+H]+,peak_mz:239.1550,extended,True,medium,medium,keep
CF:massbank_MSBNK-AAFC-AC000325_156_0808,CF,peak_mz,156.0808,MassBank record-derived,positive,Natural Product; Fungal metabolite,medium,1,observed,Chanoclavine-I; LC-ESI-ITFT; MS2; CE: 30; R=17500; [M+H]+,peak_mz:156.0800,extended,True,medium,medium,keep
CF:massbank_MSBNK-AAFC-AC000325_183_0917,CF,peak_mz,183.0917,MassBank record-derived,positive,Natural Product; Fungal metabolite,medium,1,observed,Chanoclavine-I; LC-ESI-ITFT; MS2; CE: 30; R=17500; [M+H]+,peak_mz:183.0900,extended,True,medium,medium,keep
CF:massbank_MSBNK-AAFC-AC000326_54_8087,CF,peak_mz,54.8087,MassBank record-derived,positive,Natural Product; Fungal metabolite,medium,1,observed,Chanoclavine-I; LC-ESI-ITFT; MS2; CE: 40; R=17500; [M+H]+,peak_mz:54.8100,extended,True,medium,medium,keep
CF:massbank_MSBNK-AAFC-AC000326_57_0278,CF,peak_mz,57.0278,MassBank record-derived,positive,Natural Product; Fungal metabolite,medium,1,observed,Chanoclavine-I; LC-ESI-ITFT; MS2; CE: 40; R=17500; [M+H]+,peak_mz:57.0300,extended,True,medium,medium,keep
CF:massbank_MSBNK-AAFC-AC000326_58_5704,CF,peak_mz,58.5704,MassBank record-derived,positive,Natural Product; Fungal metabolite,medium,1,observed,Chanoclavine-I; LC-ESI-ITFT; MS2; CE: 40; R=17500; [M+H]+,peak_mz:58.5700,extended,True,medium,medium,keep
CF:massbank_MSBNK-AAFC-AC000327_516_2605,CF,peak_mz,516.2605,MassBank record-derived,positive,Natural Product; Fungal metabolite,medium,1,observed,Ergovaline; LC-ESI-ITFT; MS2; CE: 10; R=17500; [M+H]+,peak_mz:516.2600,extended,True,medium,medium,keep
CF:massbank_MSBNK-AAFC-AC000327_534_2711,CF,peak_mz,534.2711,MassBank record-derived,positive,Natural Product; Fungal metabolite,medium,1,observed,Ergovaline; LC-ESI-ITFT; MS2; CE: 10; R=17500; [M+H]+,peak_mz:534.2700,extended,True,medium,medium,keep
CF:massbank_MSBNK-AAFC-AC000328_225_1022,CF,peak_mz,225.1022,MassBank record-derived,positive,Natural Product; Fungal metabolite,medium,1,observed,Ergovaline; LC-ESI-ITFT; MS2; CE: 20; R=17500; [M+H]+,peak_mz:225.1000,extended,True,medium,medium,keep
CF:massbank_MSBNK-AAFC-AC000330_70_0659,CF,peak_mz,70.0659,MassBank record-derived,positive,Natural Product; Fungal metabolite,medium,1,observed,Ergovaline; LC-ESI-ITFT; MS2; CE: 40; R=17500; [M+H]+,peak_mz:70.0650,extended,True,medium,medium,keep
CF:massbank_MSBNK-AAFC-AC000332_530_2762,CF,peak_mz,530.2762,MassBank record-derived,positive,Natural Product; Fungal metabolite,medium,1,observed,Ergosine; LC-ESI-ITFT; MS2; CE: 10; R=17500; [M+H]+,peak_mz:530.2750,extended,True,medium,medium,keep
CF:massbank_MSBNK-AAFC-AC000332_548_2867,CF,peak_mz,548.2867,MassBank record-derived,positive,Natural Product; Fungal metabolite,medium,1,observed,Ergosine; LC-ESI-ITFT; MS2; CE: 10; R=17500; [M+H]+,peak_mz:548.2850,extended,True,medium,medium,keep
CF:massbank_MSBNK-AAFC-AC000334_221_1073,CF,peak_mz,221.1073,MassBank record-derived,positive,Natural Product; Fungal metabolite,medium,1,observed,Ergosine; LC-ESI-ITFT; MS2; CE: 30; R=17500; [M+H]+,peak_mz:221.1050,extended,True,medium,medium,keep
CF:massbank_MSBNK-AAFC-AC000336_86_0964,CF,peak_mz,86.0964,MassBank record-derived,positive,Natural Product; Fungal metabolite,medium,1,observed,Ergosine; LC-ESI-ITFT; MS2; CE: 55; R=17500; [M+H]+,peak_mz:86.0950,extended,True,medium,medium,keep
CF:massbank_MSBNK-AAFC-AC000340_181_1335,CF,peak_mz,181.1335,MassBank record-derived,positive,Natural Product; Fungal metabolite,medium,1,observed,Ergocryptine; LC-ESI-ITFT; MS2; CE: 40; R=17500; [M+H]+,peak_mz:181.1350,extended,True,medium,medium,keep
CF:massbank_MSBNK-AAFC-AC000341_178_0651,CF,peak_mz,178.0651,MassBank record-derived,positive,Natural Product; Fungal metabolite,medium,1,observed,Ergocryptine; LC-ESI-ITFT; MS2; CE: 55; R=17500; [M+H]+,peak_mz:178.0650,extended,True,medium,medium,keep
CF:massbank_MSBNK-AAFC-AC000342_564_2605,CF,peak_mz,564.2605,MassBank record-derived,positive,Natural Product; Fungal metabolite,medium,1,observed,Ergotamine; LC-ESI-ITFT; MS2; CE: 10; R=17500; [M+H]+,peak_mz:564.2600,extended,True,medium,medium,keep
CF:massbank_MSBNK-AAFC-AC000342_582_2711,CF,peak_mz,582.2711,MassBank record-derived,positive,Natural Product; Fungal metabolite,medium,1,observed,Ergotamine; LC-ESI-ITFT; MS2; CE: 10; R=17500; [M+H]+,peak_mz:582.2700,extended,True,medium,medium,keep
CF:massbank_MSBNK-AAFC-AC000347_350_1863,CF,peak_mz,350.1863,MassBank record-derived,positive,Natural Product; Fungal metabolite,medium,1,observed,Ergocristam; LC-ESI-ITFT; MS2; CE: 10; R=17500; [M+H]+,peak_mz:350.1850,extended,True,medium,medium,keep
CF:massbank_MSBNK-AAFC-AC000347_594_3075,CF,peak_mz,594.3075,MassBank record-derived,positive,Natural Product; Fungal metabolite,medium,1,observed,Ergocristam; LC-ESI-ITFT; MS2; CE: 10; R=17500; [M+H]+,peak_mz:594.3100,extended,True,medium,medium,keep
CF:massbank_MSBNK-AAFC-AC000352_610_3024,CF,peak_mz,610.3024,MassBank record-derived,positive,Natural Product; Fungal metabolite,medium,1,observed,Ergocristine; LC-ESI-ITFT; MS2; CE: 10; R=17500; [M+H]+,peak_mz:610.3000,extended,True,medium,medium,keep
CF:massbank_MSBNK-AAFC-AC000357_592_2918,CF,peak_mz,592.2918,MassBank record-derived,positive,Natural Product; Fungal metabolite,medium,1,observed,Ergocristinine; LC-ESI-ITFT; MS2; CE: 10; R=17500; [M+H]+,peak_mz:592.2900,extended,True,medium,medium,keep
CF:massbank_MSBNK-AAFC-AC000362_219_1016,CF,peak_mz,219.1016,MassBank record-derived,positive,Natural Product; Fungal metabolite,medium,1,observed,Deoxynivalenol-3-glucoside; LC-APCI-ITFT; MS2; CE: 10; R=17500; [M+H]+,peak_mz:219.1000,extended,True,medium,medium,keep
CF:massbank_MSBNK-AAFC-AC000362_249_1121,CF,peak_mz,249.1121,MassBank record-derived,positive,Natural Product; Fungal metabolite,medium,1,observed,Deoxynivalenol-3-glucoside; LC-APCI-ITFT; MS2; CE: 10; R=17500; [M+H]+,peak_mz:249.1100,extended,True,medium,medium,keep
CF:massbank_MSBNK-AAFC-AC000364_81_0707,CF,peak_mz,81.0707,MassBank record-derived,positive,Natural Product; Fungal metabolite,medium,1,observed,Deoxynivalenol-3-glucoside; LC-APCI-ITFT; MS2; CE: 30; R=17500; [M+H]+,peak_mz:81.0700,extended,True,medium,medium,keep
CF:massbank_MSBNK-AAFC-AC000365_55_0188,CF,peak_mz,55.0188,MassBank record-derived,positive,Natural Product; Fungal metabolite,medium,1,observed,Deoxynivalenol-3-glucoside; LC-APCI-ITFT; MS2; CE: 40; R=17500; [M+H]+,peak_mz:55.0200,extended,True,medium,medium,keep
CF:massbank_MSBNK-AAFC-AC000365_61_0295,CF,peak_mz,61.0295,MassBank record-derived,positive,Natural Product; Fungal metabolite,medium,1,observed,Deoxynivalenol-3-glucoside; LC-APCI-ITFT; MS2; CE: 40; R=17500; [M+H]+,peak_mz:61.0300,extended,True,medium,medium,keep
CF:massbank_MSBNK-AAFC-AC000365_61_7987,CF,peak_mz,61.7987,MassBank record-derived,positive,Natural Product; Fungal metabolite,medium,1,observed,Deoxynivalenol-3-glucoside; LC-APCI-ITFT; MS2; CE: 40; R=17500; [M+H]+,peak_mz:61.8000,extended,True,medium,medium,keep
CF:massbank_MSBNK-AAFC-AC000366_54_2819,CF,peak_mz,54.2819,MassBank record-derived,positive,Natural Product; Fungal metabolite,medium,1,observed,Deoxynivalenol-3-glucoside; LC-APCI-ITFT; MS2; CE: 55; R=17500; [M+H]+,peak_mz:54.2800,extended,True,medium,medium,keep
CF:massbank_MSBNK-AAFC-AC000366_57_0344,CF,peak_mz,57.0344,MassBank record-derived,positive,Natural Product; Fungal metabolite,medium,1,observed,Deoxynivalenol-3-glucoside; LC-APCI-ITFT; MS2; CE: 55; R=17500; [M+H]+,peak_mz:57.0350,extended,True,medium,medium,keep
NL:massbank_MSBNK-AAFC-AC000367,NL,mass_diff,44.9982,MassBank record-derived,negative,Natural Product; Fungal metabolite,medium,1,observed,Deoxynivalenol-3-glucoside; LC-APCI-ITFT; MS2; CE: 10; R=17500; [M+FA]-,mass_diff:45.0000,extended,True,medium,medium,keep
CF:massbank_MSBNK-AAFC-AC000367_427_1609,CF,peak_mz,427.1609,MassBank record-derived,negative,Natural Product; Fungal metabolite,medium,1,observed,Deoxynivalenol-3-glucoside; LC-APCI-ITFT; MS2; CE: 10; R=17500; [M+FA]-,peak_mz:427.1600,extended,True,medium,medium,keep
CF:massbank_MSBNK-AAFC-AC000367_457_1715,CF,peak_mz,457.1715,MassBank record-derived,negative,Natural Product; Fungal metabolite,medium,1,observed,Deoxynivalenol-3-glucoside; LC-APCI-ITFT; MS2; CE: 10; R=17500; [M+FA]-,peak_mz:457.1700,extended,True,medium,medium,keep
CF:massbank_MSBNK-AAFC-AC000367_503_177,CF,peak_mz,503.177,MassBank record-derived,negative,Natural Product; Fungal metabolite,medium,1,observed,Deoxynivalenol-3-glucoside; LC-APCI-ITFT; MS2; CE: 10; R=17500; [M+FA]-,peak_mz:503.1750,extended,True,medium,medium,keep
CF:massbank_MSBNK-AAFC-AC000368_59_012,CF,peak_mz,59.012,MassBank record-derived,negative,Natural Product; Fungal metabolite,medium,1,observed,Deoxynivalenol-3-glucoside; LC-APCI-ITFT; MS2; CE: 20; R=17500; [M+FA]-,peak_mz:59.0100,extended,True,medium,medium,keep
CF:massbank_MSBNK-AAFC-AC000368_71_0124,CF,peak_mz,71.0124,MassBank record-derived,negative,Natural Product; Fungal metabolite,medium,1,observed,Deoxynivalenol-3-glucoside; LC-APCI-ITFT; MS2; CE: 20; R=17500; [M+FA]-,peak_mz:71.0100,extended,True,medium,medium,keep
CF:massbank_MSBNK-AAFC-AC000368_89_0227,CF,peak_mz,89.0227,MassBank record-derived,negative,Natural Product; Fungal metabolite,medium,1,observed,Deoxynivalenol-3-glucoside; LC-APCI-ITFT; MS2; CE: 20; R=17500; [M+FA]-,peak_mz:89.0250,extended,True,medium,medium,keep
CF:massbank_MSBNK-AAFC-AC000369_59_0121,CF,peak_mz,59.0121,MassBank record-derived,negative,Natural Product; Fungal metabolite,medium,1,observed,Deoxynivalenol-3-glucoside; LC-APCI-ITFT; MS2; CE: 30; R=17500; [M+FA]-,peak_mz:59.0100,extended,True,medium,medium,keep
CF:massbank_MSBNK-AAFC-AC000369_71_012,CF,peak_mz,71.012,MassBank record-derived,negative,Natural Product; Fungal metabolite,medium,1,observed,Deoxynivalenol-3-glucoside; LC-APCI-ITFT; MS2; CE: 30; R=17500; [M+FA]-,peak_mz:71.0100,extended,True,medium,medium,keep
CF:massbank_MSBNK-AAFC-AC000369_89_0222,CF,peak_mz,89.0222,MassBank record-derived,negative,Natural Product; Fungal metabolite,medium,1,observed,Deoxynivalenol-3-glucoside; LC-APCI-ITFT; MS2; CE: 30; R=17500; [M+FA]-,peak_mz:89.0200,extended,True,medium,medium,keep
CF:massbank_MSBNK-AAFC-AC000370_71_0119,CF,peak_mz,71.0119,MassBank record-derived,negative,Natural Product; Fungal metabolite,medium,1,observed,Deoxynivalenol-3-glucoside; LC-APCI-ITFT; MS2; CE: 40; R=17500; [M+FA]-,peak_mz:71.0100,extended,True,medium,medium,keep
CF:massbank_MSBNK-AAFC-AC000370_72_9911,CF,peak_mz,72.9911,MassBank record-derived,negative,Natural Product; Fungal metabolite,medium,1,observed,Deoxynivalenol-3-glucoside; LC-APCI-ITFT; MS2; CE: 40; R=17500; [M+FA]-,peak_mz:72.9900,extended,True,medium,medium,keep
CF:massbank_MSBNK-AAFC-AC000371_57_033,CF,peak_mz,57.033,MassBank record-derived,negative,Natural Product; Fungal metabolite,medium,1,observed,Deoxynivalenol-3-glucoside; LC-APCI-ITFT; MS2; CE: 55; R=17500; [M+FA]-,peak_mz:57.0350,extended,True,medium,medium,keep
CF:massbank_MSBNK-AAFC-AC000372_58_0676,CF,peak_mz,58.0676,MassBank record-derived,positive,Natural Product; Fungal metabolite,medium,1,observed,15-Acetyldeoxynivalenol; LC-APCI-ITFT; MS2; CE: 10; R=17500; [M+H]+,peak_mz:58.0700,extended,True,medium,medium,keep
CF:massbank_MSBNK-AAFC-AC000372_87_6372,CF,peak_mz,87.6372,MassBank record-derived,positive,Natural Product; Fungal metabolite,medium,1,observed,15-Acetyldeoxynivalenol; LC-APCI-ITFT; MS2; CE: 10; R=17500; [M+H]+,peak_mz:87.6350,extended,True,medium,medium,keep
CF:massbank_MSBNK-AAFC-AC000372_94_3012,CF,peak_mz,94.3012,MassBank record-derived,positive,Natural Product; Fungal metabolite,medium,1,observed,15-Acetyldeoxynivalenol; LC-APCI-ITFT; MS2; CE: 10; R=17500; [M+H]+,peak_mz:94.3000,extended,True,medium,medium,keep
CF:massbank_MSBNK-AAFC-AC000373_58_8245,CF,peak_mz,58.8245,MassBank record-derived,positive,Natural Product; Fungal metabolite,medium,1,observed,15-Acetyldeoxynivalenol; LC-APCI-ITFT; MS2; CE: 20; R=17500; [M+H]+,peak_mz:58.8250,extended,True,medium,medium,keep
CF:massbank_MSBNK-AAFC-AC000373_60_9568,CF,peak_mz,60.9568,MassBank record-derived,positive,Natural Product; Fungal metabolite,medium,1,observed,15-Acetyldeoxynivalenol; LC-APCI-ITFT; MS2; CE: 20; R=17500; [M+H]+,peak_mz:60.9550,extended,True,medium,medium,keep
CF:massbank_MSBNK-AAFC-AC000373_77_343,CF,peak_mz,77.343,MassBank record-derived,positive,Natural Product; Fungal metabolite,medium,1,observed,15-Acetyldeoxynivalenol; LC-APCI-ITFT; MS2; CE: 20; R=17500; [M+H]+,peak_mz:77.3450,extended,True,medium,medium,keep
CF:massbank_MSBNK-AAFC-AC000374_60_8837,CF,peak_mz,60.8837,MassBank record-derived,positive,Natural Product; Fungal metabolite,medium,1,observed,15-Acetyldeoxynivalenol; LC-APCI-ITFT; MS2; CE: 30; R=17500; [M+H]+,peak_mz:60.8850,extended,True,medium,medium,keep
CF:massbank_MSBNK-AAFC-AC000374_62_6884,CF,peak_mz,62.6884,MassBank record-derived,positive,Natural Product; Fungal metabolite,medium,1,observed,15-Acetyldeoxynivalenol; LC-APCI-ITFT; MS2; CE: 30; R=17500; [M+H]+,peak_mz:62.6900,extended,True,medium,medium,keep
CF:massbank_MSBNK-AAFC-AC000374_63_4058,CF,peak_mz,63.4058,MassBank record-derived,positive,Natural Product; Fungal metabolite,medium,1,observed,15-Acetyldeoxynivalenol; LC-APCI-ITFT; MS2; CE: 30; R=17500; [M+H]+,peak_mz:63.4050,extended,True,medium,medium,keep
CF:massbank_MSBNK-AAFC-AC000375_51_5368,CF,peak_mz,51.5368,MassBank record-derived,positive,Natural Product; Fungal metabolite,medium,1,observed,15-Acetyldeoxynivalenol; LC-APCI-ITFT; MS2; CE: 40; R=17500; [M+H]+,peak_mz:51.5350,extended,True,medium,medium,keep
CF:massbank_MSBNK-AAFC-AC000375_54_5266,CF,peak_mz,54.5266,MassBank record-derived,positive,Natural Product; Fungal metabolite,medium,1,observed,15-Acetyldeoxynivalenol; LC-APCI-ITFT; MS2; CE: 40; R=17500; [M+H]+,peak_mz:54.5250,extended,True,medium,medium,keep
CF:massbank_MSBNK-AAFC-AC000375_67_055,CF,peak_mz,67.055,MassBank record-derived,positive,Natural Product; Fungal metabolite,medium,1,observed,15-Acetyldeoxynivalenol; LC-APCI-ITFT; MS2; CE: 40; R=17500; [M+H]+,peak_mz:67.0550,extended,True,medium,medium,keep
CF:massbank_MSBNK-AAFC-AC000376_54_8948,CF,peak_mz,54.8948,MassBank record-derived,positive,Natural Product; Fungal metabolite,medium,1,observed,15-Acetyldeoxynivalenol; LC-APCI-ITFT; MS2; CE: 55; R=17500; [M+H]+,peak_mz:54.8950,extended,True,medium,medium,keep
CF:massbank_MSBNK-AAFC-AC000376_59_5789,CF,peak_mz,59.5789,MassBank record-derived,positive,Natural Product; Fungal metabolite,medium,1,observed,15-Acetyldeoxynivalenol; LC-APCI-ITFT; MS2; CE: 55; R=17500; [M+H]+,peak_mz:59.5800,extended,True,medium,medium,keep
CF:massbank_MSBNK-AAFC-AC000376_59_6675,CF,peak_mz,59.6675,MassBank record-derived,positive,Natural Product; Fungal metabolite,medium,1,observed,15-Acetyldeoxynivalenol; LC-APCI-ITFT; MS2; CE: 55; R=17500; [M+H]+,peak_mz:59.6700,extended,True,medium,medium,keep
CF:massbank_MSBNK-AAFC-AC000377_215_1067,CF,peak_mz,215.1067,MassBank record-derived,positive,Natural Product; Fungal metabolite,medium,1,observed,15-Acetyldeoxynivalenol; LC-APCI-ITFT; MS2; CE: 10; R=17500; [M-H2O+H]+,peak_mz:215.1050,extended,True,medium,medium,keep
CF:massbank_MSBNK-AAFC-AC000379_51_3733,CF,peak_mz,51.3733,MassBank record-derived,positive,Natural Product; Fungal metabolite,medium,1,observed,15-Acetyldeoxynivalenol; LC-APCI-ITFT; MS2; CE: 30; R=17500; [M-H2O+H]+,peak_mz:51.3750,extended,True,medium,medium,keep
CF:massbank_MSBNK-AAFC-AC000379_51_7342,CF,peak_mz,51.7342,MassBank record-derived,positive,Natural Product; Fungal metabolite,medium,1,observed,15-Acetyldeoxynivalenol; LC-APCI-ITFT; MS2; CE: 30; R=17500; [M-H2O+H]+,peak_mz:51.7350,extended,True,medium,medium,keep
CF:massbank_MSBNK-AAFC-AC000380_69_0343,CF,peak_mz,69.0343,MassBank record-derived,positive,Natural Product; Fungal metabolite,medium,1,observed,15-Acetyldeoxynivalenol; LC-APCI-ITFT; MS2; CE: 40; R=17500; [M-H2O+H]+,peak_mz:69.0350,extended,True,medium,medium,keep
CF:massbank_MSBNK-AAFC-AC000381_74_4645,CF,peak_mz,74.4645,MassBank record-derived,positive,Natural Product; Fungal metabolite,medium,1,observed,15-Acetyldeoxynivalenol; LC-APCI-ITFT; MS2; CE: 55; R=17500; [M-H2O+H]+,peak_mz:74.4650,extended,True,medium,medium,keep
CF:massbank_MSBNK-AAFC-AC000386_55_0189,CF,peak_mz,55.0189,MassBank record-derived,positive,Natural Product; Fungal metabolite,medium,1,observed,3-Acetyldeoxynivalenol; LC-APCI-ITFT; MS2; CE: 55; R=17500; [M+H]+,peak_mz:55.0200,extended,True,medium,medium,keep
CF:massbank_MSBNK-AAFC-AC000386_67_0551,CF,peak_mz,67.0551,MassBank record-derived,positive,Natural Product; Fungal metabolite,medium,1,observed,3-Acetyldeoxynivalenol; LC-APCI-ITFT; MS2; CE: 55; R=17500; [M+H]+,peak_mz:67.0550,extended,True,medium,medium,keep
CF:massbank_MSBNK-AAFC-AC000387_163_0754,CF,peak_mz,163.0754,MassBank record-derived,positive,Natural Product; Fungal metabolite,medium,1,observed,3-Acetyldeoxynivalenol; LC-APCI-ITFT; MS2; CE: 10; R=17500; [M-H2O+H]+,peak_mz:163.0750,extended,True,medium,medium,keep
CF:massbank_MSBNK-AAFC-AC000390_52_893,CF,peak_mz,52.893,MassBank record-derived,positive,Natural Product; Fungal metabolite,medium,1,observed,3-Acetyldeoxynivalenol; LC-APCI-ITFT; MS2; CE: 40; R=17500; [M-H2O+H]+,peak_mz:52.8950,extended,True,medium,medium,keep
CF:massbank_MSBNK-AAFC-AC000390_53_0396,CF,peak_mz,53.0396,MassBank record-derived,positive,Natural Product; Fungal metabolite,medium,1,observed,3-Acetyldeoxynivalenol; LC-APCI-ITFT; MS2; CE: 40; R=17500; [M-H2O+H]+,peak_mz:53.0400,extended,True,medium,medium,keep
CF:massbank_MSBNK-AAFC-AC000390_53_5396,CF,peak_mz,53.5396,MassBank record-derived,positive,Natural Product; Fungal metabolite,medium,1,observed,3-Acetyldeoxynivalenol; LC-APCI-ITFT; MS2; CE: 40; R=17500; [M-H2O+H]+,peak_mz:53.5400,extended,True,medium,medium,keep
CF:massbank_MSBNK-AAFC-AC000391_59_6295,CF,peak_mz,59.6295,MassBank record-derived,positive,Natural Product; Fungal metabolite,medium,1,observed,3-Acetyldeoxynivalenol; LC-APCI-ITFT; MS2; CE: 55; R=17500; [M-H2O+H]+,peak_mz:59.6300,extended,True,medium,medium,keep
CF:massbank_MSBNK-AAFC-AC000393_81_0708,CF,peak_mz,81.0708,MassBank record-derived,positive,Natural Product; Fungal metabolite,medium,1,observed,NX2 toxin; LC-APCI-ITFT; MS2; CE: 20; R=17500; [M+H]+,peak_mz:81.0700,extended,True,medium,medium,keep
CF:massbank_MSBNK-AAFC-AC000394_69_0345,CF,peak_mz,69.0345,MassBank record-derived,positive,Natural Product; Fungal metabolite,medium,1,observed,NX2 toxin; LC-APCI-ITFT; MS2; CE: 30; R=17500; [M+H]+,peak_mz:69.0350,extended,True,medium,medium,keep
CF:massbank_MSBNK-AAFC-AC000394_71_05,CF,peak_mz,71.05,MassBank record-derived,positive,Natural Product; Fungal metabolite,medium,1,observed,NX2 toxin; LC-APCI-ITFT; MS2; CE: 30; R=17500; [M+H]+,peak_mz:71.0500,extended,True,medium,medium,keep
CF:massbank_MSBNK-AAFC-AC000395_67_0552,CF,peak_mz,67.0552,MassBank record-derived,positive,Natural Product; Fungal metabolite,medium,1,observed,NX2 toxin; LC-APCI-ITFT; MS2; CE: 40; R=17500; [M+H]+,peak_mz:67.0550,extended,True,medium,medium,keep
CF:massbank_MSBNK-AAFC-AC000395_69_0344,CF,peak_mz,69.0344,MassBank record-derived,positive,Natural Product; Fungal metabolite,medium,1,observed,NX2 toxin; LC-APCI-ITFT; MS2; CE: 40; R=17500; [M+H]+,peak_mz:69.0350,extended,True,medium,medium,keep
CF:massbank_MSBNK-AAFC-AC000396_69_0709,CF,peak_mz,69.0709,MassBank record-derived,positive,Natural Product; Fungal metabolite,medium,1,observed,NX2 toxin; LC-APCI-ITFT; MS2; CE: 55; R=17500; [M+H]+,peak_mz:69.0700,extended,True,medium,medium,keep
CF:massbank_MSBNK-AAFC-AC000397_79_0551,CF,peak_mz,79.0551,MassBank record-derived,positive,Natural Product; Fungal metabolite,medium,1,observed,NX2 toxin; LC-APCI-ITFT; MS2; CE: 10; R=17500; [M-H2O+H]+,peak_mz:79.0550,extended,True,medium,medium,keep
CF:massbank_MSBNK-AAFC-AC000399_83_05,CF,peak_mz,83.05,MassBank record-derived,positive,Natural Product; Fungal metabolite,medium,1,observed,NX2 toxin; LC-APCI-ITFT; MS2; CE: 30; R=17500; [M-H2O+H]+,peak_mz:83.0500,extended,True,medium,medium,keep
NL:massbank_MSBNK-AAFC-AC000402,NL,mass_diff,17.0039,MassBank record-derived,positive,Natural Product; Fungal metabolite,medium,1,observed,"7,8-Dihydroxy calonectrin; LC-ESI-ITFT; MS2; CE: 10; R=17500; [M-H2O+H]+",mass_diff:17.0050,extended,True,medium,medium,keep
CF:massbank_MSBNK-AAFC-AC000402_365_1595,CF,peak_mz,365.1595,MassBank record-derived,positive,Natural Product; Fungal metabolite,medium,1,observed,"7,8-Dihydroxy calonectrin; LC-ESI-ITFT; MS2; CE: 10; R=17500; [M-H2O+H]+",peak_mz:365.1600,extended,True,medium,medium,keep
CF:massbank_MSBNK-AAFC-AC000403_127_0754,CF,peak_mz,127.0754,MassBank record-derived,positive,Natural Product; Fungal metabolite,medium,1,observed,"7,8-Dihydroxy calonectrin; LC-ESI-ITFT; MS2; CE: 20; R=17500; [M-H2O+H]+",peak_mz:127.0750,extended,True,medium,medium,keep
CF:massbank_MSBNK-AAFC-AC000404_63_1929,CF,peak_mz,63.1929,MassBank record-derived,positive,Natural Product; Fungal metabolite,medium,1,observed,"7,8-Dihydroxy calonectrin; LC-ESI-ITFT; MS2; CE: 30; R=17500; [M-H2O+H]+",peak_mz:63.1950,extended,True,medium,medium,keep
CF:massbank_MSBNK-AAFC-AC000404_65_2997,CF,peak_mz,65.2997,MassBank record-derived,positive,Natural Product; Fungal metabolite,medium,1,observed,"7,8-Dihydroxy calonectrin; LC-ESI-ITFT; MS2; CE: 30; R=17500; [M-H2O+H]+",peak_mz:65.3000,extended,True,medium,medium,keep
CF:massbank_MSBNK-AAFC-AC000404_70_8642,CF,peak_mz,70.8642,MassBank record-derived,positive,Natural Product; Fungal metabolite,medium,1,observed,"7,8-Dihydroxy calonectrin; LC-ESI-ITFT; MS2; CE: 30; R=17500; [M-H2O+H]+",peak_mz:70.8650,extended,True,medium,medium,keep
CF:massbank_MSBNK-AAFC-AC000405_51_6738,CF,peak_mz,51.6738,MassBank record-derived,positive,Natural Product; Fungal metabolite,medium,1,observed,"7,8-Dihydroxy calonectrin; LC-ESI-ITFT; MS2; CE: 40; R=17500; [M-H2O+H]+",peak_mz:51.6750,extended,True,medium,medium,keep
CF:massbank_MSBNK-AAFC-AC000405_60_7192,CF,peak_mz,60.7192,MassBank record-derived,positive,Natural Product; Fungal metabolite,medium,1,observed,"7,8-Dihydroxy calonectrin; LC-ESI-ITFT; MS2; CE: 40; R=17500; [M-H2O+H]+",peak_mz:60.7200,extended,True,medium,medium,keep
CF:massbank_MSBNK-AAFC-AC000406_56_7321,CF,peak_mz,56.7321,MassBank record-derived,positive,Natural Product; Fungal metabolite,medium,1,observed,"7,8-Dihydroxy calonectrin; LC-ESI-ITFT; MS2; CE: 55; R=17500; [M-H2O+H]+",peak_mz:56.7300,extended,True,medium,medium,keep
CF:massbank_MSBNK-AAFC-AC000406_59_133,CF,peak_mz,59.133,MassBank record-derived,positive,Natural Product; Fungal metabolite,medium,1,observed,"7,8-Dihydroxy calonectrin; LC-ESI-ITFT; MS2; CE: 55; R=17500; [M-H2O+H]+",peak_mz:59.1350,extended,True,medium,medium,keep
CF:massbank_MSBNK-AAFC-AC000406_67_0553,CF,peak_mz,67.0553,MassBank record-derived,positive,Natural Product; Fungal metabolite,medium,1,observed,"7,8-Dihydroxy calonectrin; LC-ESI-ITFT; MS2; CE: 55; R=17500; [M-H2O+H]+",peak_mz:67.0550,extended,True,medium,medium,keep
CF:massbank_MSBNK-AAFC-AC000407_228_0767,CF,peak_mz,228.0767,MassBank record-derived,positive,Natural Product; Fungal metabolite,medium,1,observed,Alantrypinone; LC-ESI-ITFT; MS2; CE: 10; R=17500; [M+H]+,peak_mz:228.0750,extended,True,medium,medium,keep
CF:massbank_MSBNK-AAFC-AC000407_373_1295,CF,peak_mz,373.1295,MassBank record-derived,positive,Natural Product; Fungal metabolite,medium,1,observed,Alantrypinone; LC-ESI-ITFT; MS2; CE: 10; R=17500; [M+H]+,peak_mz:373.1300,extended,True,medium,medium,keep
CF:massbank_MSBNK-AAFC-AC000409_200_0818,CF,peak_mz,200.0818,MassBank record-derived,positive,Natural Product; Fungal metabolite,medium,1,observed,Alantrypinone; LC-ESI-ITFT; MS2; CE: 30; R=17500; [M+H]+,peak_mz:200.0800,extended,True,medium,medium,keep
CF:massbank_MSBNK-AAFC-AC000410_173_0709,CF,peak_mz,173.0709,MassBank record-derived,positive,Natural Product; Fungal metabolite,medium,1,observed,Alantrypinone; LC-ESI-ITFT; MS2; CE: 40; R=17500; [M+H]+,peak_mz:173.0700,extended,True,medium,medium,keep
CF:massbank_MSBNK-AAFC-AC000412_250_06,CF,peak_mz,250.06,MassBank record-derived,positive,Natural Product; Fungal metabolite,medium,1,observed,Alantrypinone; LC-ESI-ITFT; MS2; CE: 10; R=17500; [M+Na]+,peak_mz:250.0600,extended,True,medium,medium,keep
CF:massbank_MSBNK-AAFC-AC000412_395_1115,CF,peak_mz,395.1115,MassBank record-derived,positive,Natural Product; Fungal metabolite,medium,1,observed,Alantrypinone; LC-ESI-ITFT; MS2; CE: 10; R=17500; [M+Na]+,peak_mz:395.1100,extended,True,medium,medium,keep
CF:massbank_MSBNK-AAFC-AC000414_50_0571,CF,peak_mz,50.0571,MassBank record-derived,positive,Natural Product; Fungal metabolite,medium,1,observed,Alantrypinone; LC-ESI-ITFT; MS2; CE: 30; R=17500; [M+Na]+,peak_mz:50.0550,extended,True,medium,medium,keep
CF:massbank_MSBNK-AAFC-AC000414_63_5181,CF,peak_mz,63.5181,MassBank record-derived,positive,Natural Product; Fungal metabolite,medium,1,observed,Alantrypinone; LC-ESI-ITFT; MS2; CE: 30; R=17500; [M+Na]+,peak_mz:63.5200,extended,True,medium,medium,keep
CF:massbank_MSBNK-AAFC-AC000414_65_3046,CF,peak_mz,65.3046,MassBank record-derived,positive,Natural Product; Fungal metabolite,medium,1,observed,Alantrypinone; LC-ESI-ITFT; MS2; CE: 30; R=17500; [M+Na]+,peak_mz:65.3050,extended,True,medium,medium,keep
NL:massbank_MSBNK-AAFC-AC000415,NL,mass_diff,18.0333,MassBank record-derived,positive,Natural Product; Fungal metabolite,medium,1,observed,Bassanolide; LC-ESI-ITFT; MS2; CE: 10; R=17500; [M+NH4]+,mass_diff:18.0350,extended,True,medium,medium,keep
CF:massbank_MSBNK-AAFC-AC000416_200_1645,CF,peak_mz,200.1645,MassBank record-derived,positive,Natural Product; Fungal metabolite,medium,1,observed,Bassanolide; LC-ESI-ITFT; MS2; CE: 20; R=17500; [M+NH4]+,peak_mz:200.1650,extended,True,medium,medium,keep
CF:massbank_MSBNK-AAFC-AC000416_210_1489,CF,peak_mz,210.1489,MassBank record-derived,positive,Natural Product; Fungal metabolite,medium,1,observed,Bassanolide; LC-ESI-ITFT; MS2; CE: 20; R=17500; [M+NH4]+,peak_mz:210.1500,extended,True,medium,medium,keep
CF:massbank_MSBNK-AAFC-AC000416_228_1594,CF,peak_mz,228.1594,MassBank record-derived,positive,Natural Product; Fungal metabolite,medium,1,observed,Bassanolide; LC-ESI-ITFT; MS2; CE: 20; R=17500; [M+NH4]+,peak_mz:228.1600,extended,True,medium,medium,keep
CF:massbank_MSBNK-AAFC-AC000417_100_1121,CF,peak_mz,100.1121,MassBank record-derived,positive,Natural Product; Fungal metabolite,medium,1,observed,Bassanolide; LC-ESI-ITFT; MS2; CE: 30; R=17500; [M+NH4]+,peak_mz:100.1100,extended,True,medium,medium,keep
CF:massbank_MSBNK-AAFC-AC000417_126_0913,CF,peak_mz,126.0913,MassBank record-derived,positive,Natural Product; Fungal metabolite,medium,1,observed,Bassanolide; LC-ESI-ITFT; MS2; CE: 30; R=17500; [M+NH4]+,peak_mz:126.0900,extended,True,medium,medium,keep
CF:massbank_MSBNK-AAFC-AC000417_168_1019,CF,peak_mz,168.1019,MassBank record-derived,positive,Natural Product; Fungal metabolite,medium,1,observed,Bassanolide; LC-ESI-ITFT; MS2; CE: 30; R=17500; [M+NH4]+,peak_mz:168.1000,extended,True,medium,medium,keep
CF:massbank_MSBNK-AAFC-AC000418_126_055,CF,peak_mz,126.055,MassBank record-derived,positive,Natural Product; Fungal metabolite,medium,1,observed,Bassanolide; LC-ESI-ITFT; MS2; CE: 40; R=17500; [M+NH4]+,peak_mz:126.0550,extended,True,medium,medium,keep
CF:massbank_MSBNK-AAFC-AC000422_577_3486,CF,peak_mz,577.3486,MassBank record-derived,positive,Natural Product; Fungal metabolite,medium,1,observed,Bassanolide; LC-ESI-ITFT; MS2; CE: 30; R=17500; [M+Na]+,peak_mz:577.3500,extended,True,medium,medium,keep
CF:massbank_MSBNK-AAFC-AC000423_182_154,CF,peak_mz,182.154,MassBank record-derived,positive,Natural Product; Fungal metabolite,medium,1,observed,Bassanolide; LC-ESI-ITFT; MS2; CE: 40; R=17500; [M+Na]+,peak_mz:182.1550,extended,True,medium,medium,keep
CF:massbank_MSBNK-AAFC-AC000424_83_0501,CF,peak_mz,83.0501,MassBank record-derived,positive,Natural Product; Fungal metabolite,medium,1,observed,Bassanolide; LC-ESI-ITFT; MS2; CE: 55; R=17500; [M+Na]+,peak_mz:83.0500,extended,True,medium,medium,keep
CF:massbank_MSBNK-AAFC-AC000424_122_094,CF,peak_mz,122.094,MassBank record-derived,positive,Natural Product; Fungal metabolite,medium,1,observed,Bassanolide; LC-ESI-ITFT; MS2; CE: 55; R=17500; [M+Na]+,peak_mz:122.0950,extended,True,medium,medium,keep
CF:massbank_MSBNK-AAFC-AC000425_205_085,CF,peak_mz,205.085,MassBank record-derived,negative,Natural Product; Fungal metabolite,medium,1,observed,Citrinin; LC-ESI-ITFT; MS2; CE: 10; R=17500; [M-H]-,peak_mz:205.0850,extended,True,medium,medium,keep
CF:massbank_MSBNK-AAFC-AC000425_231_0663,CF,peak_mz,231.0663,MassBank record-derived,negative,Natural Product; Fungal metabolite,medium,1,observed,Citrinin; LC-ESI-ITFT; MS2; CE: 10; R=17500; [M-H]-,peak_mz:231.0650,extended,True,medium,medium,keep
CF:massbank_MSBNK-AAFC-AC000425_249_0751,CF,peak_mz,249.0751,MassBank record-derived,negative,Natural Product; Fungal metabolite,medium,1,observed,Citrinin; LC-ESI-ITFT; MS2; CE: 10; R=17500; [M-H]-,peak_mz:249.0750,extended,True,medium,medium,keep
CF:massbank_MSBNK-AAFC-AC000427_161_0951,CF,peak_mz,161.0951,MassBank record-derived,negative,Natural Product; Fungal metabolite,medium,1,observed,Citrinin; LC-ESI-ITFT; MS2; CE: 30; R=17500; [M-H]-,peak_mz:161.0950,extended,True,medium,medium,keep
CF:massbank_MSBNK-AAFC-AC000427_177_09,CF,peak_mz,177.09,MassBank record-derived,negative,Natural Product; Fungal metabolite,medium,1,observed,Citrinin; LC-ESI-ITFT; MS2; CE: 30; R=17500; [M-H]-,peak_mz:177.0900,extended,True,medium,medium,keep
CF:massbank_MSBNK-AAFC-AC000427_205_0506,CF,peak_mz,205.0506,MassBank record-derived,negative,Natural Product; Fungal metabolite,medium,1,observed,Citrinin; LC-ESI-ITFT; MS2; CE: 30; R=17500; [M-H]-,peak_mz:205.0500,extended,True,medium,medium,keep
CF:massbank_MSBNK-AAFC-AC000428_105_0326,CF,peak_mz,105.0326,MassBank record-derived,negative,Natural Product; Fungal metabolite,medium,1,observed,Citrinin; LC-ESI-ITFT; MS2; CE: 40; R=17500; [M-H]-,peak_mz:105.0350,extended,True,medium,medium,keep
CF:massbank_MSBNK-AAFC-AC000428_135_0794,CF,peak_mz,135.0794,MassBank record-derived,negative,Natural Product; Fungal metabolite,medium,1,observed,Citrinin; LC-ESI-ITFT; MS2; CE: 40; R=17500; [M-H]-,peak_mz:135.0800,extended,True,medium,medium,keep
CF:massbank_MSBNK-AAFC-AC000428_161_095,CF,peak_mz,161.095,MassBank record-derived,negative,Natural Product; Fungal metabolite,medium,1,observed,Citrinin; LC-ESI-ITFT; MS2; CE: 40; R=17500; [M-H]-,peak_mz:161.0950,extended,True,medium,medium,keep
CF:massbank_MSBNK-AAFC-AC000429_68_9963,CF,peak_mz,68.9963,MassBank record-derived,negative,Natural Product; Fungal metabolite,medium,1,observed,Citrinin; LC-ESI-ITFT; MS2; CE: 55; R=17500; [M-H]-,peak_mz:68.9950,extended,True,medium,medium,keep
CF:massbank_MSBNK-AAFC-AC000429_77_0376,CF,peak_mz,77.0376,MassBank record-derived,negative,Natural Product; Fungal metabolite,medium,1,observed,Citrinin; LC-ESI-ITFT; MS2; CE: 55; R=17500; [M-H]-,peak_mz:77.0400,extended,True,medium,medium,keep
CF:massbank_MSBNK-AAFC-AC000429_79_0169,CF,peak_mz,79.0169,MassBank record-derived,negative,Natural Product; Fungal metabolite,medium,1,observed,Citrinin; LC-ESI-ITFT; MS2; CE: 55; R=17500; [M-H]-,peak_mz:79.0150,extended,True,medium,medium,keep
CF:massbank_MSBNK-AAFC-AC000430_233_0808,CF,peak_mz,233.0808,MassBank record-derived,positive,Natural Product; Fungal metabolite,medium,1,observed,Citrinin; LC-ESI-ITFT; MS2; CE: 10; R=17500; [M+H]+,peak_mz:233.0800,extended,True,medium,medium,keep
CF:massbank_MSBNK-AAFC-AC000430_251_0914,CF,peak_mz,251.0914,MassBank record-derived,positive,Natural Product; Fungal metabolite,medium,1,observed,Citrinin; LC-ESI-ITFT; MS2; CE: 10; R=17500; [M+H]+,peak_mz:251.0900,extended,True,medium,medium,keep
CF:massbank_MSBNK-AAFC-AC000433_147_0804,CF,peak_mz,147.0804,MassBank record-derived,positive,Natural Product; Fungal metabolite,medium,1,observed,Citrinin; LC-ESI-ITFT; MS2; CE: 40; R=17500; [M+H]+,peak_mz:147.0800,extended,True,medium,medium,keep
CF:massbank_MSBNK-AAFC-AC000433_191_0703,CF,peak_mz,191.0703,MassBank record-derived,positive,Natural Product; Fungal metabolite,medium,1,observed,Citrinin; LC-ESI-ITFT; MS2; CE: 40; R=17500; [M+H]+,peak_mz:191.0700,extended,True,medium,medium,keep
CF:massbank_MSBNK-AAFC-AC000433_205_0859,CF,peak_mz,205.0859,MassBank record-derived,positive,Natural Product; Fungal metabolite,medium,1,observed,Citrinin; LC-ESI-ITFT; MS2; CE: 40; R=17500; [M+H]+,peak_mz:205.0850,extended,True,medium,medium,keep
CF:massbank_MSBNK-AAFC-AC000434_95_0865,CF,peak_mz,95.0865,MassBank record-derived,positive,Natural Product; Fungal metabolite,medium,1,observed,Citrinin; LC-ESI-ITFT; MS2; CE: 55; R=17500; [M+H]+,peak_mz:95.0850,extended,True,medium,medium,keep
CF:massbank_MSBNK-AAFC-AC000434_107_0503,CF,peak_mz,107.0503,MassBank record-derived,positive,Natural Product; Fungal metabolite,medium,1,observed,Citrinin; LC-ESI-ITFT; MS2; CE: 55; R=17500; [M+H]+,peak_mz:107.0500,extended,True,medium,medium,keep
CF:massbank_MSBNK-AAFC-AC000435_196_1332,CF,peak_mz,196.1332,MassBank record-derived,positive,Natural Product; Fungal metabolite,medium,1,observed,Enniatin A1; LC-ESI-ITFT; MS2; CE: 10; R=17500; [M+H]+,peak_mz:196.1350,extended,True,medium,medium,keep
CF:massbank_MSBNK-AAFC-AC000437_186_1489,CF,peak_mz,186.1489,MassBank record-derived,positive,Natural Product; Fungal metabolite,medium,1,observed,Enniatin A1; LC-ESI-ITFT; MS2; CE: 30; R=17500; [M+H]+,peak_mz:186.1500,extended,True,medium,medium,keep
CF:massbank_MSBNK-AAFC-AC000439_98_0964,CF,peak_mz,98.0964,MassBank record-derived,positive,Natural Product; Fungal metabolite,medium,1,observed,Enniatin A1; LC-ESI-ITFT; MS2; CE: 50; R=17500; [M+H]+,peak_mz:98.0950,extended,True,medium,medium,keep
CF:massbank_MSBNK-AAFC-AC000440_690_43,CF,peak_mz,690.43,MassBank record-derived,positive,Natural Product; Fungal metabolite,medium,1,observed,Enniatin A1; LC-ESI-ITFT; MS2; CE: 20; R=17500; [M+Na]+,peak_mz:690.4300,extended,True,medium,medium,keep
CF:massbank_MSBNK-AAFC-AC000441_563_3303,CF,peak_mz,563.3303,MassBank record-derived,positive,Natural Product; Fungal metabolite,medium,1,observed,Enniatin A1; LC-ESI-ITFT; MS2; CE: 30; R=17500; [M+Na]+,peak_mz:563.3300,extended,True,medium,medium,keep
CF:massbank_MSBNK-AAFC-AC000442_232_1292,CF,peak_mz,232.1292,MassBank record-derived,positive,Natural Product; Fungal metabolite,medium,1,observed,Enniatin A1; LC-ESI-ITFT; MS2; CE: 35; R=17500; [M+Na]+,peak_mz:232.1300,extended,True,medium,medium,keep
CF:massbank_MSBNK-AAFC-AC000442_336_1765,CF,peak_mz,336.1765,MassBank record-derived,positive,Natural Product; Fungal metabolite,medium,1,observed,Enniatin A1; LC-ESI-ITFT; MS2; CE: 35; R=17500; [M+Na]+,peak_mz:336.1750,extended,True,medium,medium,keep
CF:massbank_MSBNK-AAFC-AC000442_350_1922,CF,peak_mz,350.1922,MassBank record-derived,positive,Natural Product; Fungal metabolite,medium,1,observed,Enniatin A1; LC-ESI-ITFT; MS2; CE: 35; R=17500; [M+Na]+,peak_mz:350.1900,extended,True,medium,medium,keep
CF:massbank_MSBNK-AAFC-AC000444_555_364,CF,peak_mz,555.364,MassBank record-derived,positive,Natural Product; Fungal metabolite,medium,1,observed,Enniatin A; LC-ESI-ITFT; MS2; CE: 10; R=17500; [M+H]+,peak_mz:555.3650,extended,True,medium,medium,keep
CF:massbank_MSBNK-AAFC-AC000448_166_0863,CF,peak_mz,166.0863,MassBank record-derived,positive,Natural Product; Fungal metabolite,medium,1,observed,Enniatin A; LC-ESI-ITFT; MS2; CE: 50; R=17500; [M+H]+,peak_mz:166.0850,extended,True,medium,medium,keep
CF:massbank_MSBNK-AAFC-AC000450_350_1935,CF,peak_mz,350.1935,MassBank record-derived,positive,Natural Product; Fungal metabolite,medium,1,observed,Enniatin A; LC-ESI-ITFT; MS2; CE: 30; R=17500; [M+Na]+,peak_mz:350.1950,extended,True,medium,medium,keep
CF:massbank_MSBNK-AAFC-AC000450_577_3459,CF,peak_mz,577.3459,MassBank record-derived,positive,Natural Product; Fungal metabolite,medium,1,observed,Enniatin A; LC-ESI-ITFT; MS2; CE: 30; R=17500; [M+Na]+,peak_mz:577.3450,extended,True,medium,medium,keep
CF:massbank_MSBNK-AAFC-AC000451_232_1305,CF,peak_mz,232.1305,MassBank record-derived,positive,Natural Product; Fungal metabolite,medium,1,observed,Enniatin A; LC-ESI-ITFT; MS2; CE: 35; R=17500; [M+Na]+,peak_mz:232.1300,extended,True,medium,medium,keep
CF:massbank_MSBNK-AAFC-AC000453_214_1438,CF,peak_mz,214.1438,MassBank record-derived,positive,Natural Product; Fungal metabolite,medium,1,observed,Enniatin B; LC-ESI-ITFT; MS2; CE: 10; R=17500; [M+H]+,peak_mz:214.1450,extended,True,medium,medium,keep
CF:massbank_MSBNK-AAFC-AC000453_640_4168,CF,peak_mz,640.4168,MassBank record-derived,positive,Natural Product; Fungal metabolite,medium,1,observed,Enniatin B; LC-ESI-ITFT; MS2; CE: 10; R=17500; [M+H]+,peak_mz:640.4150,extended,True,medium,medium,keep
CF:massbank_MSBNK-AAFC-AC000455_168_1383,CF,peak_mz,168.1383,MassBank record-derived,positive,Natural Product; Fungal metabolite,medium,1,observed,Enniatin B; LC-ESI-ITFT; MS2; CE: 30; R=17500; [M+H]+,peak_mz:168.1400,extended,True,medium,medium,keep
CF:massbank_MSBNK-AAFC-AC000457_84_0808,CF,peak_mz,84.0808,MassBank record-derived,positive,Natural Product; Fungal metabolite,medium,1,observed,Enniatin B; LC-ESI-ITFT; MS2; CE: 50; R=17500; [M+H]+,peak_mz:84.0800,extended,True,medium,medium,keep
CF:massbank_MSBNK-AAFC-AC000458_662_3987,CF,peak_mz,662.3987,MassBank record-derived,positive,Natural Product; Fungal metabolite,medium,1,observed,Enniatin B; LC-ESI-ITFT; MS2; CE: 20; R=17500; [M+Na]+,peak_mz:662.4000,extended,True,medium,medium,keep
CF:massbank_MSBNK-AAFC-AC000459_549_3146,CF,peak_mz,549.3146,MassBank record-derived,positive,Natural Product; Fungal metabolite,medium,1,observed,Enniatin B; LC-ESI-ITFT; MS2; CE: 30; R=17500; [M+Na]+,peak_mz:549.3150,extended,True,medium,medium,keep
CF:massbank_MSBNK-AAFC-AC000460_218_1135,CF,peak_mz,218.1135,MassBank record-derived,positive,Natural Product; Fungal metabolite,medium,1,observed,Enniatin B; LC-ESI-ITFT; MS2; CE: 35; R=17500; [M+Na]+,peak_mz:218.1150,extended,True,medium,medium,keep
CF:massbank_MSBNK-AAFC-AC000460_354_1871,CF,peak_mz,354.1871,MassBank record-derived,positive,Natural Product; Fungal metabolite,medium,1,observed,Enniatin B; LC-ESI-ITFT; MS2; CE: 35; R=17500; [M+Na]+,peak_mz:354.1850,extended,True,medium,medium,keep
CF:massbank_MSBNK-AAFC-AC000461_123_0417,CF,peak_mz,123.0417,MassBank record-derived,positive,Natural Product; Fungal metabolite,medium,1,observed,Enniatin B; LC-ESI-ITFT; MS2; CE: 50; R=17500; [M+Na]+,peak_mz:123.0400,extended,True,medium,medium,keep
CF:massbank_MSBNK-AAFC-AC000467_676_4144,CF,peak_mz,676.4144,MassBank record-derived,positive,Natural Product; Fungal metabolite,medium,1,observed,Enniatin B1; LC-ESI-ITFT; MS2; CE: 20; R=17500; [M+Na]+,peak_mz:676.4150,extended,True,medium,medium,keep
CF:massbank_MSBNK-AAFC-AC000472_334_3078,CF,peak_mz,334.3078,MassBank record-derived,positive,Natural Product; Fungal metabolite,medium,1,observed,Fumonisin B1; LC-ESI-ITFT; MS2; CE: 20; R=17500; [M+H]+,peak_mz:334.3100,extended,True,medium,medium,keep
CF:massbank_MSBNK-AAFC-AC000472_352_3183,CF,peak_mz,352.3183,MassBank record-derived,positive,Natural Product; Fungal metabolite,medium,1,observed,Fumonisin B1; LC-ESI-ITFT; MS2; CE: 20; R=17500; [M+H]+,peak_mz:352.3200,extended,True,medium,medium,keep
CF:massbank_MSBNK-AAFC-AC000472_370_3289,CF,peak_mz,370.3289,MassBank record-derived,positive,Natural Product; Fungal metabolite,medium,1,observed,Fumonisin B1; LC-ESI-ITFT; MS2; CE: 20; R=17500; [M+H]+,peak_mz:370.3300,extended,True,medium,medium,keep
CF:massbank_MSBNK-AAFC-AC000477_568_3429,CF,peak_mz,568.3429,MassBank record-derived,positive,Natural Product; Fungal metabolite,medium,1,observed,Fumonisin B1; LC-ESI-ITFT; MS2; CE: 20; R=17500; [M+Na]+,peak_mz:568.3450,extended,True,medium,medium,keep
CF:massbank_MSBNK-AAFC-AC000478_392_3133,CF,peak_mz,392.3133,MassBank record-derived,positive,Natural Product; Fungal metabolite,medium,1,observed,Fumonisin B1; LC-ESI-ITFT; MS2; CE: 30; R=17500; [M+Na]+,peak_mz:392.3150,extended,True,medium,medium,keep
CF:massbank_MSBNK-AAFC-AC000478_410_3238,CF,peak_mz,410.3238,MassBank record-derived,positive,Natural Product; Fungal metabolite,medium,1,observed,Fumonisin B1; LC-ESI-ITFT; MS2; CE: 30; R=17500; [M+Na]+,peak_mz:410.3250,extended,True,medium,medium,keep
CF:massbank_MSBNK-AAFC-AC000479_226_1411,CF,peak_mz,226.1411,MassBank record-derived,positive,Natural Product; Fungal metabolite,medium,1,observed,Fumonisin B1; LC-ESI-ITFT; MS2; CE: 35; R=17500; [M+Na]+,peak_mz:226.1400,extended,True,medium,medium,keep
CF:massbank_MSBNK-AAFC-AC000479_312_2145,CF,peak_mz,312.2145,MassBank record-derived,positive,Natural Product; Fungal metabolite,medium,1,observed,Fumonisin B1; LC-ESI-ITFT; MS2; CE: 35; R=17500; [M+Na]+,peak_mz:312.2150,extended,True,medium,medium,keep
CF:massbank_MSBNK-AAFC-AC000481_74_06,CF,peak_mz,74.06,MassBank record-derived,positive,Natural Product; Fungal metabolite,medium,1,observed,Fumonisin B2; LC-ESI-ITFT; MS2; CE: 20; R=17500; [M+H]+,peak_mz:74.0600,extended,True,medium,medium,keep
CF:massbank_MSBNK-AAFC-AC000481_318_3129,CF,peak_mz,318.3129,MassBank record-derived,positive,Natural Product; Fungal metabolite,medium,1,observed,Fumonisin B2; LC-ESI-ITFT; MS2; CE: 20; R=17500; [M+H]+,peak_mz:318.3150,extended,True,medium,medium,keep
CF:massbank_MSBNK-AAFC-AC000481_336_3234,CF,peak_mz,336.3234,MassBank record-derived,positive,Natural Product; Fungal metabolite,medium,1,observed,Fumonisin B2; LC-ESI-ITFT; MS2; CE: 20; R=17500; [M+H]+,peak_mz:336.3250,extended,True,medium,medium,keep
CF:massbank_MSBNK-AAFC-AC000486_376_3159,CF,peak_mz,376.3159,MassBank record-derived,positive,Natural Product; Fungal metabolite,medium,1,observed,Fumonisin B2; LC-ESI-ITFT; MS2; CE: 20; R=17500; [M+Na]+,peak_mz:376.3150,extended,True,medium,medium,keep
CF:massbank_MSBNK-AAFC-AC000486_552_348,CF,peak_mz,552.348,MassBank record-derived,positive,Natural Product; Fungal metabolite,medium,1,observed,Fumonisin B2; LC-ESI-ITFT; MS2; CE: 20; R=17500; [M+Na]+,peak_mz:552.3500,extended,True,medium,medium,keep
CF:massbank_MSBNK-AAFC-AC000487_296_2193,CF,peak_mz,296.2193,MassBank record-derived,positive,Natural Product; Fungal metabolite,medium,1,observed,Fumonisin B2; LC-ESI-ITFT; MS2; CE: 30; R=17500; [M+Na]+,peak_mz:296.2200,extended,True,medium,medium,keep
CF:massbank_MSBNK-AAFC-AC000488_318_3156,CF,peak_mz,318.3156,MassBank record-derived,positive,Natural Product; Fungal metabolite,medium,1,observed,Fumonisin B2; LC-ESI-ITFT; MS2; CE: 35; R=17500; [M+Na]+,peak_mz:318.3150,extended,True,medium,medium,keep
CF:massbank_MSBNK-AAFC-AC000490_354_334,CF,peak_mz,354.334,MassBank record-derived,positive,Natural Product; Fungal metabolite,medium,1,observed,Fumonisin B3; LC-ESI-ITFT; MS2; CE: 20; R=17500; [M+H]+,peak_mz:354.3350,extended,True,medium,medium,keep
CF:massbank_MSBNK-AAFC-AC000490_512_3555,CF,peak_mz,512.3555,MassBank record-derived,positive,Natural Product; Fungal metabolite,medium,1,observed,Fumonisin B3; LC-ESI-ITFT; MS2; CE: 20; R=17500; [M+H]+,peak_mz:512.3550,extended,True,medium,medium,keep
CF:massbank_MSBNK-AAFC-AC000493_58_0651,CF,peak_mz,58.0651,MassBank record-derived,positive,Natural Product; Fungal metabolite,medium,1,observed,Fumonisin B3; LC-ESI-ITFT; MS2; CE: 50; R=17500; [M+H]+,peak_mz:58.0650,extended,True,medium,medium,keep
CF:massbank_MSBNK-AAFC-AC000496_394_3265,CF,peak_mz,394.3265,MassBank record-derived,positive,Natural Product; Fungal metabolite,medium,1,observed,Fumonisin B3; LC-ESI-ITFT; MS2; CE: 30; R=17500; [M+Na]+,peak_mz:394.3250,extended,True,medium,medium,keep
CF:massbank_MSBNK-AAFC-AC000497_210_1462,CF,peak_mz,210.1462,MassBank record-derived,positive,Natural Product; Fungal metabolite,medium,1,observed,Fumonisin B3; LC-ESI-ITFT; MS2; CE: 35; R=17500; [M+Na]+,peak_mz:210.1450,extended,True,medium,medium,keep
CF:massbank_MSBNK-AAFC-AC000499_558_2401,CF,peak_mz,558.2401,MassBank record-derived,positive,Natural Product; Fungal metabolite,medium,1,observed,Penitrem A; LC-ESI-ITFT; MS2; CE: 10; R=17500; [M+H]+,peak_mz:558.2400,extended,True,medium,medium,keep
CF:massbank_MSBNK-AAFC-AC000499_616_2824,CF,peak_mz,616.2824,MassBank record-derived,positive,Natural Product; Fungal metabolite,medium,1,observed,Penitrem A; LC-ESI-ITFT; MS2; CE: 10; R=17500; [M+H]+,peak_mz:616.2800,extended,True,medium,medium,keep
CF:massbank_MSBNK-AAFC-AC000499_634_293,CF,peak_mz,634.293,MassBank record-derived,positive,Natural Product; Fungal metabolite,medium,1,observed,Penitrem A; LC-ESI-ITFT; MS2; CE: 10; R=17500; [M+H]+,peak_mz:634.2950,extended,True,medium,medium,keep
CF:massbank_MSBNK-AAFC-AC000500_540_2273,CF,peak_mz,540.2273,MassBank record-derived,positive,Natural Product; Fungal metabolite,medium,1,observed,Penitrem A; LC-ESI-ITFT; MS2; CE: 20; R=17500; [M+H]+,peak_mz:540.2250,extended,True,medium,medium,keep
CF:massbank_MSBNK-AAFC-AC000500_548_2193,CF,peak_mz,548.2193,MassBank record-derived,positive,Natural Product; Fungal metabolite,medium,1,observed,Penitrem A; LC-ESI-ITFT; MS2; CE: 20; R=17500; [M+H]+,peak_mz:548.2200,extended,True,medium,medium,keep
CF:massbank_MSBNK-AAFC-AC000501_83_0496,CF,peak_mz,83.0496,MassBank record-derived,positive,Natural Product; Fungal metabolite,medium,1,observed,Penitrem A; LC-ESI-ITFT; MS2; CE: 30; R=17500; [M+H]+,peak_mz:83.0500,extended,True,medium,medium,keep
CF:massbank_MSBNK-AAFC-AC000501_85_0653,CF,peak_mz,85.0653,MassBank record-derived,positive,Natural Product; Fungal metabolite,medium,1,observed,Penitrem A; LC-ESI-ITFT; MS2; CE: 30; R=17500; [M+H]+,peak_mz:85.0650,extended,True,medium,medium,keep
CF:massbank_MSBNK-AAFC-AC000503_56_755,CF,peak_mz,56.755,MassBank record-derived,positive,Natural Product; Fungal metabolite,medium,1,observed,Bostrycin; LC-ESI-ITFT; MS2; CE: 10; R=17500; [M+H]+,peak_mz:56.7550,extended,True,medium,medium,keep
CF:massbank_MSBNK-AAFC-AC000503_73_4877,CF,peak_mz,73.4877,MassBank record-derived,positive,Natural Product; Fungal metabolite,medium,1,observed,Bostrycin; LC-ESI-ITFT; MS2; CE: 10; R=17500; [M+H]+,peak_mz:73.4900,extended,True,medium,medium,keep
CF:massbank_MSBNK-AAFC-AC000503_86_6279,CF,peak_mz,86.6279,MassBank record-derived,positive,Natural Product; Fungal metabolite,medium,1,observed,Bostrycin; LC-ESI-ITFT; MS2; CE: 10; R=17500; [M+H]+,peak_mz:86.6300,extended,True,medium,medium,keep
CF:massbank_MSBNK-AAFC-AC000504_89_2229,CF,peak_mz,89.2229,MassBank record-derived,positive,Natural Product; Fungal metabolite,medium,1,observed,Bostrycin; LC-ESI-ITFT; MS2; CE: 20; R=17500; [M+H]+,peak_mz:89.2250,extended,True,medium,medium,keep
CF:massbank_MSBNK-AAFC-AC000508_165_0546,CF,peak_mz,165.0546,MassBank record-derived,positive,Natural Product; Fungal metabolite,medium,1,observed,Griseofulvin; LC-ESI-ITFT; MS2; CE: 10; R=17500; [M+H]+,peak_mz:165.0550,extended,True,medium,medium,keep
CF:massbank_MSBNK-AAFC-AC000508_215_0106,CF,peak_mz,215.0106,MassBank record-derived,positive,Natural Product; Fungal metabolite,medium,1,observed,Griseofulvin; LC-ESI-ITFT; MS2; CE: 10; R=17500; [M+H]+,peak_mz:215.0100,extended,True,medium,medium,keep
CF:massbank_MSBNK-AAFC-AC000508_285_0524,CF,peak_mz,285.0524,MassBank record-derived,positive,Natural Product; Fungal metabolite,medium,1,observed,Griseofulvin; LC-ESI-ITFT; MS2; CE: 10; R=17500; [M+H]+,peak_mz:285.0500,extended,True,medium,medium,keep
CF:massbank_MSBNK-AAFC-AC000512_122_0362,CF,peak_mz,122.0362,MassBank record-derived,positive,Natural Product; Fungal metabolite,medium,1,observed,Griseofulvin; LC-ESI-ITFT; MS2; CE: 50; R=17500; [M+H]+,peak_mz:122.0350,extended,True,medium,medium,keep
CF:massbank_MSBNK-AAFC-AC000512_150_0311,CF,peak_mz,150.0311,MassBank record-derived,positive,Natural Product; Fungal metabolite,medium,1,observed,Griseofulvin; LC-ESI-ITFT; MS2; CE: 50; R=17500; [M+H]+,peak_mz:150.0300,extended,True,medium,medium,keep
CF:massbank_MSBNK-AAFC-AC000514_52_3831,CF,peak_mz,52.3831,MassBank record-derived,positive,Natural Product; Fungal metabolite,medium,1,observed,Nivalenol; LC-ESI-ITFT; MS2; CE: 20; R=17500; [M+H]+,peak_mz:52.3850,extended,True,medium,medium,keep
CF:massbank_MSBNK-AAFC-AC000514_58_5277,CF,peak_mz,58.5277,MassBank record-derived,positive,Natural Product; Fungal metabolite,medium,1,observed,Nivalenol; LC-ESI-ITFT; MS2; CE: 20; R=17500; [M+H]+,peak_mz:58.5300,extended,True,medium,medium,keep
CF:massbank_MSBNK-AAFC-AC000514_58_6567,CF,peak_mz,58.6567,MassBank record-derived,positive,Natural Product; Fungal metabolite,medium,1,observed,Nivalenol; LC-ESI-ITFT; MS2; CE: 20; R=17500; [M+H]+,peak_mz:58.6550,extended,True,medium,medium,keep
CF:massbank_MSBNK-AAFC-AC000515_51_1973,CF,peak_mz,51.1973,MassBank record-derived,positive,Natural Product; Fungal metabolite,medium,1,observed,Nivalenol; LC-ESI-ITFT; MS2; CE: 30; R=17500; [M+H]+,peak_mz:51.1950,extended,True,medium,medium,keep
CF:massbank_MSBNK-AAFC-AC000515_52_253,CF,peak_mz,52.253,MassBank record-derived,positive,Natural Product; Fungal metabolite,medium,1,observed,Nivalenol; LC-ESI-ITFT; MS2; CE: 30; R=17500; [M+H]+,peak_mz:52.2550,extended,True,medium,medium,keep
CF:massbank_MSBNK-AAFC-AC000515_64_5777,CF,peak_mz,64.5777,MassBank record-derived,positive,Natural Product; Fungal metabolite,medium,1,observed,Nivalenol; LC-ESI-ITFT; MS2; CE: 30; R=17500; [M+H]+,peak_mz:64.5800,extended,True,medium,medium,keep
CF:massbank_MSBNK-AAFC-AC000516_59_2743,CF,peak_mz,59.2743,MassBank record-derived,positive,Natural Product; Fungal metabolite,medium,1,observed,Nivalenol; LC-ESI-ITFT; MS2; CE: 35; R=17500; [M+H]+,peak_mz:59.2750,extended,True,medium,medium,keep
CF:massbank_MSBNK-AAFC-AC000516_69_9229,CF,peak_mz,69.9229,MassBank record-derived,positive,Natural Product; Fungal metabolite,medium,1,observed,Nivalenol; LC-ESI-ITFT; MS2; CE: 35; R=17500; [M+H]+,peak_mz:69.9250,extended,True,medium,medium,keep
CF:massbank_MSBNK-AAFC-AC000516_84_96,CF,peak_mz,84.96,MassBank record-derived,positive,Natural Product; Fungal metabolite,medium,1,observed,Nivalenol; LC-ESI-ITFT; MS2; CE: 35; R=17500; [M+H]+,peak_mz:84.9600,extended,True,medium,medium,keep
CF:massbank_MSBNK-AAFC-AC000517_335_1101,CF,peak_mz,335.1101,MassBank record-derived,positive,Natural Product; Fungal metabolite,medium,1,observed,Nivalenol; LC-ESI-ITFT; MS2; CE: 10; R=17500; [M+Na]+,peak_mz:335.1100,extended,True,medium,medium,keep
CF:massbank_MSBNK-AAFC-AC000519_63_9298,CF,peak_mz,63.9298,MassBank record-derived,positive,Natural Product; Fungal metabolite,medium,1,observed,Nivalenol; LC-ESI-ITFT; MS2; CE: 30; R=17500; [M+Na]+,peak_mz:63.9300,extended,True,medium,medium,keep
CF:massbank_MSBNK-AAFC-AC000519_68_3585,CF,peak_mz,68.3585,MassBank record-derived,positive,Natural Product; Fungal metabolite,medium,1,observed,Nivalenol; LC-ESI-ITFT; MS2; CE: 30; R=17500; [M+Na]+,peak_mz:68.3600,extended,True,medium,medium,keep
CF:massbank_MSBNK-AAFC-AC000524_55_0187,CF,peak_mz,55.0187,MassBank record-derived,positive,Natural Product; Fungal metabolite,medium,1,observed,iso-Roridine E; LC-ESI-ITFT; MS2; CE: 50; R=17500; [M+H]+,peak_mz:55.0200,extended,True,medium,medium,keep
CF:massbank_MSBNK-AAFC-AC000524_56_8596,CF,peak_mz,56.8596,MassBank record-derived,positive,Natural Product; Fungal metabolite,medium,1,observed,iso-Roridine E; LC-ESI-ITFT; MS2; CE: 50; R=17500; [M+H]+,peak_mz:56.8600,extended,True,medium,medium,keep
CF:massbank_MSBNK-AAFC-AC000524_57_0708,CF,peak_mz,57.0708,MassBank record-derived,positive,Natural Product; Fungal metabolite,medium,1,observed,iso-Roridine E; LC-ESI-ITFT; MS2; CE: 50; R=17500; [M+H]+,peak_mz:57.0700,extended,True,medium,medium,keep
CF:massbank_MSBNK-AAFC-AC000525_537_2459,CF,peak_mz,537.2459,MassBank record-derived,positive,Natural Product; Fungal metabolite,medium,1,observed,iso-Roridine E; LC-ESI-ITFT; MS2; CE: 10; R=17500; [M+Na]+,peak_mz:537.2450,extended,True,medium,medium,keep
CF:massbank_MSBNK-AAFC-AC000527_177_0522,CF,peak_mz,177.0522,MassBank record-derived,positive,Natural Product; Fungal metabolite,medium,1,observed,iso-Roridine E; LC-ESI-ITFT; MS2; CE: 30; R=17500; [M+Na]+,peak_mz:177.0500,extended,True,medium,medium,keep
CF:massbank_MSBNK-AAFC-AC000527_289_1046,CF,peak_mz,289.1046,MassBank record-derived,positive,Natural Product; Fungal metabolite,medium,1,observed,iso-Roridine E; LC-ESI-ITFT; MS2; CE: 30; R=17500; [M+Na]+,peak_mz:289.1050,extended,True,medium,medium,keep
CF:massbank_MSBNK-AAFC-AC000528_231_1356,CF,peak_mz,231.1356,MassBank record-derived,positive,Natural Product; Fungal metabolite,medium,1,observed,iso-Roridine E; LC-ESI-ITFT; MS2; CE: 35; R=17500; [M+Na]+,peak_mz:231.1350,extended,True,medium,medium,keep
CF:massbank_MSBNK-AAFC-AC000529_51_3467,CF,peak_mz,51.3467,MassBank record-derived,positive,Natural Product; Fungal metabolite,medium,1,observed,iso-Roridine E; LC-ESI-ITFT; MS2; CE: 50; R=17500; [M+Na]+,peak_mz:51.3450,extended,True,medium,medium,keep
CF:massbank_MSBNK-AAFC-AC000529_61_9354,CF,peak_mz,61.9354,MassBank record-derived,positive,Natural Product; Fungal metabolite,medium,1,observed,iso-Roridine E; LC-ESI-ITFT; MS2; CE: 50; R=17500; [M+Na]+,peak_mz:61.9350,extended,True,medium,medium,keep
CF:massbank_MSBNK-AAFC-AC000530_287_0561,CF,peak_mz,287.0561,MassBank record-derived,negative,Natural Product; Fungal metabolite,medium,1,observed,Marticin; LC-ESI-ITFT; MS2; CE: 10; R=17500; [M-H]-,peak_mz:287.0550,extended,True,medium,medium,keep
CF:massbank_MSBNK-AAFC-AC000530_301_0717,CF,peak_mz,301.0717,MassBank record-derived,negative,Natural Product; Fungal metabolite,medium,1,observed,Marticin; LC-ESI-ITFT; MS2; CE: 10; R=17500; [M-H]-,peak_mz:301.0700,extended,True,medium,medium,keep
CF:massbank_MSBNK-AAFC-AC000530_331_0809,CF,peak_mz,331.0809,MassBank record-derived,negative,Natural Product; Fungal metabolite,medium,1,observed,Marticin; LC-ESI-ITFT; MS2; CE: 10; R=17500; [M-H]-,peak_mz:331.0800,extended,True,medium,medium,keep
CF:massbank_MSBNK-AAFC-AC000531_274_0483,CF,peak_mz,274.0483,MassBank record-derived,negative,Natural Product; Fungal metabolite,medium,1,observed,Marticin; LC-ESI-ITFT; MS2; CE: 20; R=17500; [M-H]-,peak_mz:274.0500,extended,True,medium,medium,keep
CF:massbank_MSBNK-AAFC-AC000531_283_0612,CF,peak_mz,283.0612,MassBank record-derived,negative,Natural Product; Fungal metabolite,medium,1,observed,Marticin; LC-ESI-ITFT; MS2; CE: 20; R=17500; [M-H]-,peak_mz:283.0600,extended,True,medium,medium,keep
CF:massbank_MSBNK-AAFC-AC000531_285_0404,CF,peak_mz,285.0404,MassBank record-derived,negative,Natural Product; Fungal metabolite,medium,1,observed,Marticin; LC-ESI-ITFT; MS2; CE: 20; R=17500; [M-H]-,peak_mz:285.0400,extended,True,medium,medium,keep
CF:massbank_MSBNK-AAFC-AC000532_259_0248,CF,peak_mz,259.0248,MassBank record-derived,negative,Natural Product; Fungal metabolite,medium,1,observed,Marticin; LC-ESI-ITFT; MS2; CE: 30; R=17500; [M-H]-,peak_mz:259.0250,extended,True,medium,medium,keep
CF:massbank_MSBNK-AAFC-AC000532_268_0377,CF,peak_mz,268.0377,MassBank record-derived,negative,Natural Product; Fungal metabolite,medium,1,observed,Marticin; LC-ESI-ITFT; MS2; CE: 30; R=17500; [M-H]-,peak_mz:268.0400,extended,True,medium,medium,keep
CF:massbank_MSBNK-AAFC-AC000532_269_0455,CF,peak_mz,269.0455,MassBank record-derived,negative,Natural Product; Fungal metabolite,medium,1,observed,Marticin; LC-ESI-ITFT; MS2; CE: 30; R=17500; [M-H]-,peak_mz:269.0450,extended,True,medium,medium,keep
CF:massbank_MSBNK-AAFC-AC000533_243_0299,CF,peak_mz,243.0299,MassBank record-derived,negative,Natural Product; Fungal metabolite,medium,1,observed,Marticin; LC-ESI-ITFT; MS2; CE: 40; R=17500; [M-H]-,peak_mz:243.0300,extended,True,medium,medium,keep
CF:massbank_MSBNK-AAFC-AC000533_255_0299,CF,peak_mz,255.0299,MassBank record-derived,negative,Natural Product; Fungal metabolite,medium,1,observed,Marticin; LC-ESI-ITFT; MS2; CE: 40; R=17500; [M-H]-,peak_mz:255.0300,extended,True,medium,medium,keep
CF:massbank_MSBNK-AAFC-AC000534_227_035,CF,peak_mz,227.035,MassBank record-derived,negative,Natural Product; Fungal metabolite,medium,1,observed,Marticin; LC-ESI-ITFT; MS2; CE: 55; R=17500; [M-H]-,peak_mz:227.0350,extended,True,medium,medium,keep
CF:massbank_MSBNK-AAFC-AC000534_231_0299,CF,peak_mz,231.0299,MassBank record-derived,negative,Natural Product; Fungal metabolite,medium,1,observed,Marticin; LC-ESI-ITFT; MS2; CE: 55; R=17500; [M-H]-,peak_mz:231.0300,extended,True,medium,medium,keep
CF:massbank_MSBNK-AAFC-AC000534_240_0428,CF,peak_mz,240.0428,MassBank record-derived,negative,Natural Product; Fungal metabolite,medium,1,observed,Marticin; LC-ESI-ITFT; MS2; CE: 55; R=17500; [M-H]-,peak_mz:240.0450,extended,True,medium,medium,keep
CF:massbank_MSBNK-AAFC-AC000535_302_0785,CF,peak_mz,302.0785,MassBank record-derived,positive,Natural Product; Fungal metabolite,medium,1,observed,Marticin; LC-ESI-ITFT; MS2; CE: 10; R=17500; [M+H]+,peak_mz:302.0800,extended,True,medium,medium,keep
CF:massbank_MSBNK-AAFC-AC000538_94_2898,CF,peak_mz,94.2898,MassBank record-derived,positive,Natural Product; Fungal metabolite,medium,1,observed,Marticin; LC-ESI-ITFT; MS2; CE: 40; R=17500; [M+H]+,peak_mz:94.2900,extended,True,medium,medium,keep
CF:massbank_MSBNK-AAFC-AC000538_123_96,CF,peak_mz,123.96,MassBank record-derived,positive,Natural Product; Fungal metabolite,medium,1,observed,Marticin; LC-ESI-ITFT; MS2; CE: 40; R=17500; [M+H]+,peak_mz:123.9600,extended,True,medium,medium,keep
CF:massbank_MSBNK-AAFC-AC000538_211_039,CF,peak_mz,211.039,MassBank record-derived,positive,Natural Product; Fungal metabolite,medium,1,observed,Marticin; LC-ESI-ITFT; MS2; CE: 40; R=17500; [M+H]+,peak_mz:211.0400,extended,True,medium,medium,keep
CF:massbank_MSBNK-AAFC-AC000539_50_0744,CF,peak_mz,50.0744,MassBank record-derived,positive,Natural Product; Fungal metabolite,medium,1,observed,Marticin; LC-ESI-ITFT; MS2; CE: 55; R=17500; [M+H]+,peak_mz:50.0750,extended,True,medium,medium,keep
CF:massbank_MSBNK-AAFC-AC000539_61_4128,CF,peak_mz,61.4128,MassBank record-derived,positive,Natural Product; Fungal metabolite,medium,1,observed,Marticin; LC-ESI-ITFT; MS2; CE: 55; R=17500; [M+H]+,peak_mz:61.4150,extended,True,medium,medium,keep
CF:massbank_MSBNK-AAFC-AC000539_69_4793,CF,peak_mz,69.4793,MassBank record-derived,positive,Natural Product; Fungal metabolite,medium,1,observed,Marticin; LC-ESI-ITFT; MS2; CE: 55; R=17500; [M+H]+,peak_mz:69.4800,extended,True,medium,medium,keep
CF:massbank_MSBNK-AAFC-AC000540_535_1599,CF,peak_mz,535.1599,MassBank record-derived,positive,Natural Product; Fungal metabolite,medium,1,observed,Cercosporin; LC-ESI-ITFT; MS2; CE: 10; R=17500; [M+H]+,peak_mz:535.1600,extended,True,medium,medium,keep
CF:massbank_MSBNK-AAFC-AC000541_383_055,CF,peak_mz,383.055,MassBank record-derived,positive,Natural Product; Fungal metabolite,medium,1,observed,Cercosporin; LC-ESI-ITFT; MS2; CE: 20; R=17500; [M+H]+,peak_mz:383.0550,extended,True,medium,medium,keep
CF:massbank_MSBNK-AAFC-AC000541_415_0812,CF,peak_mz,415.0812,MassBank record-derived,positive,Natural Product; Fungal metabolite,medium,1,observed,Cercosporin; LC-ESI-ITFT; MS2; CE: 20; R=17500; [M+H]+,peak_mz:415.0800,extended,True,medium,medium,keep
CF:massbank_MSBNK-AAFC-AC000541_425_102,CF,peak_mz,425.102,MassBank record-derived,positive,Natural Product; Fungal metabolite,medium,1,observed,Cercosporin; LC-ESI-ITFT; MS2; CE: 20; R=17500; [M+H]+,peak_mz:425.1000,extended,True,medium,medium,keep
CF:massbank_MSBNK-AAFC-AC000542_384_0628,CF,peak_mz,384.0628,MassBank record-derived,positive,Natural Product; Fungal metabolite,medium,1,observed,Cercosporin; LC-ESI-ITFT; MS2; CE: 30; R=17500; [M+H]+,peak_mz:384.0650,extended,True,medium,medium,keep
CF:massbank_MSBNK-AAFC-AC000542_396_0628,CF,peak_mz,396.0628,MassBank record-derived,positive,Natural Product; Fungal metabolite,medium,1,observed,Cercosporin; LC-ESI-ITFT; MS2; CE: 30; R=17500; [M+H]+,peak_mz:396.0650,extended,True,medium,medium,keep
CF:massbank_MSBNK-AAFC-AC000543_355_0601,CF,peak_mz,355.0601,MassBank record-derived,positive,Natural Product; Fungal metabolite,medium,1,observed,Cercosporin; LC-ESI-ITFT; MS2; CE: 35; R=17500; [M+H]+,peak_mz:355.0600,extended,True,medium,medium,keep
CF:massbank_MSBNK-AAFC-AC000543_368_0679,CF,peak_mz,368.0679,MassBank record-derived,positive,Natural Product; Fungal metabolite,medium,1,observed,Cercosporin; LC-ESI-ITFT; MS2; CE: 35; R=17500; [M+H]+,peak_mz:368.0700,extended,True,medium,medium,keep
CF:massbank_MSBNK-AAFC-AC000543_369_0757,CF,peak_mz,369.0757,MassBank record-derived,positive,Natural Product; Fungal metabolite,medium,1,observed,Cercosporin; LC-ESI-ITFT; MS2; CE: 35; R=17500; [M+H]+,peak_mz:369.0750,extended,True,medium,medium,keep
CF:massbank_MSBNK-AAFC-AC000545_333_0888,CF,peak_mz,333.0888,MassBank record-derived,positive,Natural Product; Fungal metabolite,medium,1,observed,Chaetoviridin A; LC-ESI-ITFT; MS2; CE: 10; R=17500; [M+H]+,peak_mz:333.0900,extended,True,medium,medium,keep
CF:massbank_MSBNK-AAFC-AC000545_405_1463,CF,peak_mz,405.1463,MassBank record-derived,positive,Natural Product; Fungal metabolite,medium,1,observed,Chaetoviridin A; LC-ESI-ITFT; MS2; CE: 10; R=17500; [M+H]+,peak_mz:405.1450,extended,True,medium,medium,keep
CF:massbank_MSBNK-AAFC-AC000545_433_1412,CF,peak_mz,433.1412,MassBank record-derived,positive,Natural Product; Fungal metabolite,medium,1,observed,Chaetoviridin A; LC-ESI-ITFT; MS2; CE: 10; R=17500; [M+H]+,peak_mz:433.1400,extended,True,medium,medium,keep
CF:massbank_MSBNK-AAFC-AC000546_195_0207,CF,peak_mz,195.0207,MassBank record-derived,positive,Natural Product; Fungal metabolite,medium,1,observed,Chaetoviridin A; LC-ESI-ITFT; MS2; CE: 20; R=17500; [M+H]+,peak_mz:195.0200,extended,True,medium,medium,keep
CF:massbank_MSBNK-AAFC-AC000546_253_0626,CF,peak_mz,253.0626,MassBank record-derived,positive,Natural Product; Fungal metabolite,medium,1,observed,Chaetoviridin A; LC-ESI-ITFT; MS2; CE: 20; R=17500; [M+H]+,peak_mz:253.0650,extended,True,medium,medium,keep
CF:massbank_MSBNK-AAFC-AC000549_57_0343,CF,peak_mz,57.0343,MassBank record-derived,positive,Natural Product; Fungal metabolite,medium,1,observed,Chaetoviridin A; LC-ESI-ITFT; MS2; CE: 50; R=17500; [M+H]+,peak_mz:57.0350,extended,True,medium,medium,keep
CF:massbank_MSBNK-AAFC-AC000550_299_1754,CF,peak_mz,299.1754,MassBank record-derived,positive,Natural Product; Fungal metabolite,medium,1,observed,Roquefortine A; LC-ESI-ITFT; MS2; CE: 10; R=17500; [M+H]+,peak_mz:299.1750,extended,True,medium,medium,keep
CF:massbank_MSBNK-AAFC-AC000552_144_0808,CF,peak_mz,144.0808,MassBank record-derived,positive,Natural Product; Fungal metabolite,medium,1,observed,Roquefortine A; LC-ESI-ITFT; MS2; CE: 30; R=17500; [M+H]+,peak_mz:144.0800,extended,True,medium,medium,keep
CF:massbank_MSBNK-AAFC-AC000553_156_1019,CF,peak_mz,156.1019,MassBank record-derived,positive,Natural Product; Fungal metabolite,medium,1,observed,Roquefortine A; LC-ESI-ITFT; MS2; CE: 40; R=17500; [M+H]+,peak_mz:156.1000,extended,True,medium,medium,keep
CF:massbank_MSBNK-AAFC-AC000554_72_0818,CF,peak_mz,72.0818,MassBank record-derived,positive,Natural Product; Fungal metabolite,medium,1,observed,Roquefortine A; LC-ESI-ITFT; MS2; CE: 55; R=17500; [M+H]+,peak_mz:72.0800,extended,True,medium,medium,keep
CF:massbank_MSBNK-AAFC-AC000554_84_0817,CF,peak_mz,84.0817,MassBank record-derived,positive,Natural Product; Fungal metabolite,medium,1,observed,Roquefortine A; LC-ESI-ITFT; MS2; CE: 55; R=17500; [M+H]+,peak_mz:84.0800,extended,True,medium,medium,keep
CF:massbank_MSBNK-AAFC-AC000554_96_0808,CF,peak_mz,96.0808,MassBank record-derived,positive,Natural Product; Fungal metabolite,medium,1,observed,Roquefortine A; LC-ESI-ITFT; MS2; CE: 55; R=17500; [M+H]+,peak_mz:96.0800,extended,True,medium,medium,keep
CF:massbank_MSBNK-AAFC-AC000560_555_2565,CF,peak_mz,555.2565,MassBank record-derived,positive,Natural Product; Fungal metabolite,medium,1,observed,Roridin A; LC-ESI-ITFT; MS2; CE: 20; R=17500; [M+Na]+,peak_mz:555.2550,extended,True,medium,medium,keep
CF:massbank_MSBNK-AAFC-AC000561_279_1203,CF,peak_mz,279.1203,MassBank record-derived,positive,Natural Product; Fungal metabolite,medium,1,observed,Roridin A; LC-ESI-ITFT; MS2; CE: 30; R=17500; [M+Na]+,peak_mz:279.1200,extended,True,medium,medium,keep
CF:massbank_MSBNK-AAFC-AC000561_325_1258,CF,peak_mz,325.1258,MassBank record-derived,positive,Natural Product; Fungal metabolite,medium,1,observed,Roridin A; LC-ESI-ITFT; MS2; CE: 30; R=17500; [M+Na]+,peak_mz:325.1250,extended,True,medium,medium,keep
CF:massbank_MSBNK-AAFC-AC000562_171_0628,CF,peak_mz,171.0628,MassBank record-derived,positive,Natural Product; Fungal metabolite,medium,1,observed,Roridin A; LC-ESI-ITFT; MS2; CE: 35; R=17500; [M+Na]+,peak_mz:171.0650,extended,True,medium,medium,keep
CF:massbank_MSBNK-AAFC-AC000567_227_0703,CF,peak_mz,227.0703,MassBank record-derived,positive,Natural Product; Fungal metabolite,medium,1,observed,Rugulosin; LC-ESI-ITFT; MS2; CE: 35; R=17500; [M+H]+,peak_mz:227.0700,extended,True,medium,medium,keep
CF:massbank_MSBNK-AAFC-AC000568_135_0441,CF,peak_mz,135.0441,MassBank record-derived,positive,Natural Product; Fungal metabolite,medium,1,observed,Rugulosin; LC-ESI-ITFT; MS2; CE: 50; R=17500; [M+H]+,peak_mz:135.0450,extended,True,medium,medium,keep
CF:massbank_MSBNK-AAFC-AC000568_153_0699,CF,peak_mz,153.0699,MassBank record-derived,positive,Natural Product; Fungal metabolite,medium,1,observed,Rugulosin; LC-ESI-ITFT; MS2; CE: 50; R=17500; [M+H]+,peak_mz:153.0700,extended,True,medium,medium,keep
CF:massbank_MSBNK-AAFC-AC000568_181_0648,CF,peak_mz,181.0648,MassBank record-derived,positive,Natural Product; Fungal metabolite,medium,1,observed,Rugulosin; LC-ESI-ITFT; MS2; CE: 50; R=17500; [M+H]+,peak_mz:181.0650,extended,True,medium,medium,keep
CF:massbank_MSBNK-AAFC-AC000569_249_1485,CF,peak_mz,249.1485,MassBank record-derived,positive,Natural Product; Fungal metabolite,medium,1,observed,Sambucinol; LC-ESI-ITFT; MS2; CE: 10; R=17500; [M+H]+,peak_mz:249.1500,extended,True,medium,medium,keep
CF:massbank_MSBNK-AAFC-AC000569_267_1591,CF,peak_mz,267.1591,MassBank record-derived,positive,Natural Product; Fungal metabolite,medium,1,observed,Sambucinol; LC-ESI-ITFT; MS2; CE: 10; R=17500; [M+H]+,peak_mz:267.1600,extended,True,medium,medium,keep
CF:massbank_MSBNK-AAFC-AC000571_81_0709,CF,peak_mz,81.0709,MassBank record-derived,positive,Natural Product; Fungal metabolite,medium,1,observed,Sambucinol; LC-ESI-ITFT; MS2; CE: 30; R=17500; [M+H]+,peak_mz:81.0700,extended,True,medium,medium,keep
CF:massbank_MSBNK-AAFC-AC000572_79_0552,CF,peak_mz,79.0552,MassBank record-derived,positive,Natural Product; Fungal metabolite,medium,1,observed,Sambucinol; LC-ESI-ITFT; MS2; CE: 40; R=17500; [M+H]+,peak_mz:79.0550,extended,True,medium,medium,keep
CF:massbank_MSBNK-AAFC-AC000573_67_0554,CF,peak_mz,67.0554,MassBank record-derived,positive,Natural Product; Fungal metabolite,medium,1,observed,Sambucinol; LC-ESI-ITFT; MS2; CE: 55; R=17500; [M+H]+,peak_mz:67.0550,extended,True,medium,medium,keep
CF:massbank_MSBNK-AAFC-AC000573_79_0553,CF,peak_mz,79.0553,MassBank record-derived,positive,Natural Product; Fungal metabolite,medium,1,observed,Sambucinol; LC-ESI-ITFT; MS2; CE: 55; R=17500; [M+H]+,peak_mz:79.0550,extended,True,medium,medium,keep
CF:massbank_MSBNK-AAFC-AC000574_244_1332,CF,peak_mz,244.1332,MassBank record-derived,positive,Natural Product; Fungal metabolite,medium,1,observed,Beauvericin; LC-ESI-ITFT; MS2; CE: 10; R=17500; [M+H]+,peak_mz:244.1350,extended,True,medium,medium,keep
CF:massbank_MSBNK-AAFC-AC000574_262_1411,CF,peak_mz,262.1411,MassBank record-derived,positive,Natural Product; Fungal metabolite,medium,1,observed,Beauvericin; LC-ESI-ITFT; MS2; CE: 10; R=17500; [M+H]+,peak_mz:262.1400,extended,True,medium,medium,keep
CF:massbank_MSBNK-AAFC-AC000574_541_289,CF,peak_mz,541.289,MassBank record-derived,positive,Natural Product; Fungal metabolite,medium,1,observed,Beauvericin; LC-ESI-ITFT; MS2; CE: 10; R=17500; [M+H]+,peak_mz:541.2900,extended,True,medium,medium,keep
CF:massbank_MSBNK-AAFC-AC000575_134_0964,CF,peak_mz,134.0964,MassBank record-derived,positive,Natural Product; Fungal metabolite,medium,1,observed,Beauvericin; LC-ESI-ITFT; MS2; CE: 20; R=17500; [M+H]+,peak_mz:134.0950,extended,True,medium,medium,keep
CF:massbank_MSBNK-AAFC-AC000575_234_1462,CF,peak_mz,234.1462,MassBank record-derived,positive,Natural Product; Fungal metabolite,medium,1,observed,Beauvericin; LC-ESI-ITFT; MS2; CE: 20; R=17500; [M+H]+,peak_mz:234.1450,extended,True,medium,medium,keep
CF:massbank_MSBNK-AAFC-AC000575_244_1305,CF,peak_mz,244.1305,MassBank record-derived,positive,Natural Product; Fungal metabolite,medium,1,observed,Beauvericin; LC-ESI-ITFT; MS2; CE: 20; R=17500; [M+H]+,peak_mz:244.1300,extended,True,medium,medium,keep
CF:massbank_MSBNK-AAFC-AC000576_216_1356,CF,peak_mz,216.1356,MassBank record-derived,positive,Natural Product; Fungal metabolite,medium,1,observed,Beauvericin; LC-ESI-ITFT; MS2; CE: 30; R=17500; [M+H]+,peak_mz:216.1350,extended,True,medium,medium,keep
CF:massbank_MSBNK-AAFC-AC000580_384_1765,CF,peak_mz,384.1765,MassBank record-derived,positive,Natural Product; Fungal metabolite,medium,1,observed,Beauvericin; LC-ESI-ITFT; MS2; CE: 30; R=17500; [M+Na]+,peak_mz:384.1750,extended,True,medium,medium,keep
CF:massbank_MSBNK-AAFC-AC000580_545_2595,CF,peak_mz,545.2595,MassBank record-derived,positive,Natural Product; Fungal metabolite,medium,1,observed,Beauvericin; LC-ESI-ITFT; MS2; CE: 30; R=17500; [M+Na]+,peak_mz:545.2600,extended,True,medium,medium,keep
CF:massbank_MSBNK-AAFC-AC000580_645_3115,CF,peak_mz,645.3115,MassBank record-derived,positive,Natural Product; Fungal metabolite,medium,1,observed,Beauvericin; LC-ESI-ITFT; MS2; CE: 30; R=17500; [M+Na]+,peak_mz:645.3100,extended,True,medium,medium,keep
CF:massbank_MSBNK-AAFC-AC000581_202_0836,CF,peak_mz,202.0836,MassBank record-derived,positive,Natural Product; Fungal metabolite,medium,1,observed,Beauvericin; LC-ESI-ITFT; MS2; CE: 35; R=17500; [M+Na]+,peak_mz:202.0850,extended,True,medium,medium,keep
CF:massbank_MSBNK-AAFC-AC000581_216_1383,CF,peak_mz,216.1383,MassBank record-derived,positive,Natural Product; Fungal metabolite,medium,1,observed,Beauvericin; LC-ESI-ITFT; MS2; CE: 35; R=17500; [M+Na]+,peak_mz:216.1400,extended,True,medium,medium,keep
CF:massbank_MSBNK-AAFC-AC000583_543_2225,CF,peak_mz,543.2225,MassBank record-derived,positive,Natural Product; Fungal metabolite,medium,1,observed,Satratoxin F; LC-ESI-ITFT; MS2; CE: 10; R=17500; [M+H]+,peak_mz:543.2200,extended,True,medium,medium,keep
CF:massbank_MSBNK-AAFC-AC000585_51_3354,CF,peak_mz,51.3354,MassBank record-derived,positive,Natural Product; Fungal metabolite,medium,1,observed,Satratoxin F; LC-ESI-ITFT; MS2; CE: 30; R=17500; [M+H]+,peak_mz:51.3350,extended,True,medium,medium,keep
CF:massbank_MSBNK-AAFC-AC000585_53_2058,CF,peak_mz,53.2058,MassBank record-derived,positive,Natural Product; Fungal metabolite,medium,1,observed,Satratoxin F; LC-ESI-ITFT; MS2; CE: 30; R=17500; [M+H]+,peak_mz:53.2050,extended,True,medium,medium,keep
CF:massbank_MSBNK-AAFC-AC000585_54_5259,CF,peak_mz,54.5259,MassBank record-derived,positive,Natural Product; Fungal metabolite,medium,1,observed,Satratoxin F; LC-ESI-ITFT; MS2; CE: 30; R=17500; [M+H]+,peak_mz:54.5250,extended,True,medium,medium,keep
CF:massbank_MSBNK-AAFC-AC000586_60_6523,CF,peak_mz,60.6523,MassBank record-derived,positive,Natural Product; Fungal metabolite,medium,1,observed,Satratoxin F; LC-ESI-ITFT; MS2; CE: 40; R=17500; [M+H]+,peak_mz:60.6500,extended,True,medium,medium,keep
CF:massbank_MSBNK-AAFC-AC000586_65_8299,CF,peak_mz,65.8299,MassBank record-derived,positive,Natural Product; Fungal metabolite,medium,1,observed,Satratoxin F; LC-ESI-ITFT; MS2; CE: 40; R=17500; [M+H]+,peak_mz:65.8300,extended,True,medium,medium,keep
CF:massbank_MSBNK-AAFC-AC000587_52_5464,CF,peak_mz,52.5464,MassBank record-derived,positive,Natural Product; Fungal metabolite,medium,1,observed,Satratoxin F; LC-ESI-ITFT; MS2; CE: 55; R=17500; [M+H]+,peak_mz:52.5450,extended,True,medium,medium,keep
CF:massbank_MSBNK-AAFC-AC000587_53_0397,CF,peak_mz,53.0397,MassBank record-derived,positive,Natural Product; Fungal metabolite,medium,1,observed,Satratoxin F; LC-ESI-ITFT; MS2; CE: 55; R=17500; [M+H]+,peak_mz:53.0400,extended,True,medium,medium,keep
CF:massbank_MSBNK-AAFC-AC000587_62_1327,CF,peak_mz,62.1327,MassBank record-derived,positive,Natural Product; Fungal metabolite,medium,1,observed,Satratoxin F; LC-ESI-ITFT; MS2; CE: 55; R=17500; [M+H]+,peak_mz:62.1350,extended,True,medium,medium,keep
CF:massbank_MSBNK-AAFC-AC000588_565_2044,CF,peak_mz,565.2044,MassBank record-derived,positive,Natural Product; Fungal metabolite,medium,1,observed,Satratoxin F; LC-ESI-ITFT; MS2; CE: 20; R=17500; [M+Na]+,peak_mz:565.2050,extended,True,medium,medium,keep
CF:massbank_MSBNK-AAFC-AC000589_261_0757,CF,peak_mz,261.0757,MassBank record-derived,positive,Natural Product; Fungal metabolite,medium,1,observed,Satratoxin F; LC-ESI-ITFT; MS2; CE: 30; R=17500; [M+Na]+,peak_mz:261.0750,extended,True,medium,medium,keep
CF:massbank_MSBNK-AAFC-AC000589_291_0863,CF,peak_mz,291.0863,MassBank record-derived,positive,Natural Product; Fungal metabolite,medium,1,observed,Satratoxin F; LC-ESI-ITFT; MS2; CE: 30; R=17500; [M+Na]+,peak_mz:291.0850,extended,True,medium,medium,keep
CF:massbank_MSBNK-AAFC-AC000591_54_9316,CF,peak_mz,54.9316,MassBank record-derived,positive,Natural Product; Fungal metabolite,medium,1,observed,Satratoxin F; LC-ESI-ITFT; MS2; CE: 55; R=17500; [M+Na]+,peak_mz:54.9300,extended,True,medium,medium,keep
CF:massbank_MSBNK-AAFC-AC000591_55_0553,CF,peak_mz,55.0553,MassBank record-derived,positive,Natural Product; Fungal metabolite,medium,1,observed,Satratoxin F; LC-ESI-ITFT; MS2; CE: 55; R=17500; [M+Na]+,peak_mz:55.0550,extended,True,medium,medium,keep
CF:massbank_MSBNK-AAFC-AC000591_55_7132,CF,peak_mz,55.7132,MassBank record-derived,positive,Natural Product; Fungal metabolite,medium,1,observed,Satratoxin F; LC-ESI-ITFT; MS2; CE: 55; R=17500; [M+Na]+,peak_mz:55.7150,extended,True,medium,medium,keep
CF:massbank_MSBNK-AAFC-AC000592_545_2381,CF,peak_mz,545.2381,MassBank record-derived,positive,Natural Product; Fungal metabolite,medium,1,observed,Satratoxin G; LC-ESI-ITFT; MS2; CE: 10; R=17500; [M+H]+,peak_mz:545.2400,extended,True,medium,medium,keep
CF:massbank_MSBNK-AAFC-AC000593_81_0711,CF,peak_mz,81.0711,MassBank record-derived,positive,Natural Product; Fungal metabolite,medium,1,observed,Satratoxin G; LC-ESI-ITFT; MS2; CE: 20; R=17500; [M+H]+,peak_mz:81.0700,extended,True,medium,medium,keep
CF:massbank_MSBNK-AAFC-AC000594_58_8737,CF,peak_mz,58.8737,MassBank record-derived,positive,Natural Product; Fungal metabolite,medium,1,observed,Satratoxin G; LC-ESI-ITFT; MS2; CE: 30; R=17500; [M+H]+,peak_mz:58.8750,extended,True,medium,medium,keep
CF:massbank_MSBNK-AAFC-AC000594_59_732,CF,peak_mz,59.732,MassBank record-derived,positive,Natural Product; Fungal metabolite,medium,1,observed,Satratoxin G; LC-ESI-ITFT; MS2; CE: 30; R=17500; [M+H]+,peak_mz:59.7300,extended,True,medium,medium,keep
CF:massbank_MSBNK-AAFC-AC000594_60_6383,CF,peak_mz,60.6383,MassBank record-derived,positive,Natural Product; Fungal metabolite,medium,1,observed,Satratoxin G; LC-ESI-ITFT; MS2; CE: 30; R=17500; [M+H]+,peak_mz:60.6400,extended,True,medium,medium,keep
CF:massbank_MSBNK-AAFC-AC000595_61_0938,CF,peak_mz,61.0938,MassBank record-derived,positive,Natural Product; Fungal metabolite,medium,1,observed,Satratoxin G; LC-ESI-ITFT; MS2; CE: 40; R=17500; [M+H]+,peak_mz:61.0950,extended,True,medium,medium,keep
CF:massbank_MSBNK-AAFC-AC000595_62_0451,CF,peak_mz,62.0451,MassBank record-derived,positive,Natural Product; Fungal metabolite,medium,1,observed,Satratoxin G; LC-ESI-ITFT; MS2; CE: 40; R=17500; [M+H]+,peak_mz:62.0450,extended,True,medium,medium,keep
CF:massbank_MSBNK-AAFC-AC000596_50_2337,CF,peak_mz,50.2337,MassBank record-derived,positive,Natural Product; Fungal metabolite,medium,1,observed,Satratoxin G; LC-ESI-ITFT; MS2; CE: 55; R=17500; [M+H]+,peak_mz:50.2350,extended,True,medium,medium,keep
CF:massbank_MSBNK-AAFC-AC000596_51_0339,CF,peak_mz,51.0339,MassBank record-derived,positive,Natural Product; Fungal metabolite,medium,1,observed,Satratoxin G; LC-ESI-ITFT; MS2; CE: 55; R=17500; [M+H]+,peak_mz:51.0350,extended,True,medium,medium,keep
CF:massbank_MSBNK-AAFC-AC000596_53_0398,CF,peak_mz,53.0398,MassBank record-derived,positive,Natural Product; Fungal metabolite,medium,1,observed,Satratoxin G; LC-ESI-ITFT; MS2; CE: 55; R=17500; [M+H]+,peak_mz:53.0400,extended,True,medium,medium,keep
CF:massbank_MSBNK-AAFC-AC000597_567_2201,CF,peak_mz,567.2201,MassBank record-derived,positive,Natural Product; Fungal metabolite,medium,1,observed,Satratoxin G; LC-ESI-ITFT; MS2; CE: 20; R=17500; [M+Na]+,peak_mz:567.2200,extended,True,medium,medium,keep
CF:massbank_MSBNK-AAFC-AC000598_219_0628,CF,peak_mz,219.0628,MassBank record-derived,positive,Natural Product; Fungal metabolite,medium,1,observed,Satratoxin G; LC-ESI-ITFT; MS2; CE: 30; R=17500; [M+Na]+,peak_mz:219.0650,extended,True,medium,medium,keep
CF:massbank_MSBNK-AAFC-AC000598_263_089,CF,peak_mz,263.089,MassBank record-derived,positive,Natural Product; Fungal metabolite,medium,1,observed,Satratoxin G; LC-ESI-ITFT; MS2; CE: 30; R=17500; [M+Na]+,peak_mz:263.0900,extended,True,medium,medium,keep
CF:massbank_MSBNK-AAFC-AC000600_58_2636,CF,peak_mz,58.2636,MassBank record-derived,positive,Natural Product; Fungal metabolite,medium,1,observed,Satratoxin G; LC-ESI-ITFT; MS2; CE: 55; R=17500; [M+Na]+,peak_mz:58.2650,extended,True,medium,medium,keep
CF:massbank_MSBNK-AAFC-AC000600_64_2411,CF,peak_mz,64.2411,MassBank record-derived,positive,Natural Product; Fungal metabolite,medium,1,observed,Satratoxin G; LC-ESI-ITFT; MS2; CE: 55; R=17500; [M+Na]+,peak_mz:64.2400,extended,True,medium,medium,keep
CF:massbank_MSBNK-AAFC-AC000600_65_0393,CF,peak_mz,65.0393,MassBank record-derived,positive,Natural Product; Fungal metabolite,medium,1,observed,Satratoxin G; LC-ESI-ITFT; MS2; CE: 55; R=17500; [M+Na]+,peak_mz:65.0400,extended,True,medium,medium,keep
CF:massbank_MSBNK-AAFC-AC000601_529_2432,CF,peak_mz,529.2432,MassBank record-derived,positive,Natural Product; Fungal metabolite,medium,1,observed,Satratoxin H; LC-ESI-ITFT; MS2; CE: 10; R=17500; [M+H]+,peak_mz:529.2450,extended,True,medium,medium,keep
CF:massbank_MSBNK-AAFC-AC000602_68_0316,CF,peak_mz,68.0316,MassBank record-derived,positive,Natural Product; Fungal metabolite,medium,1,observed,Satratoxin H; LC-ESI-ITFT; MS2; CE: 20; R=17500; [M+H]+,peak_mz:68.0300,extended,True,medium,medium,keep
CF:massbank_MSBNK-AAFC-AC000602_76_745,CF,peak_mz,76.745,MassBank record-derived,positive,Natural Product; Fungal metabolite,medium,1,observed,Satratoxin H; LC-ESI-ITFT; MS2; CE: 20; R=17500; [M+H]+,peak_mz:76.7450,extended,True,medium,medium,keep
CF:massbank_MSBNK-AAFC-AC000603_59_1728,CF,peak_mz,59.1728,MassBank record-derived,positive,Natural Product; Fungal metabolite,medium,1,observed,Satratoxin H; LC-ESI-ITFT; MS2; CE: 30; R=17500; [M+H]+,peak_mz:59.1750,extended,True,medium,medium,keep
CF:massbank_MSBNK-AAFC-AC000603_60_7756,CF,peak_mz,60.7756,MassBank record-derived,positive,Natural Product; Fungal metabolite,medium,1,observed,Satratoxin H; LC-ESI-ITFT; MS2; CE: 30; R=17500; [M+H]+,peak_mz:60.7750,extended,True,medium,medium,keep
CF:massbank_MSBNK-AAFC-AC000603_64_0646,CF,peak_mz,64.0646,MassBank record-derived,positive,Natural Product; Fungal metabolite,medium,1,observed,Satratoxin H; LC-ESI-ITFT; MS2; CE: 30; R=17500; [M+H]+,peak_mz:64.0650,extended,True,medium,medium,keep
CF:massbank_MSBNK-AAFC-AC000604_60_5828,CF,peak_mz,60.5828,MassBank record-derived,positive,Natural Product; Fungal metabolite,medium,1,observed,Satratoxin H; LC-ESI-ITFT; MS2; CE: 40; R=17500; [M+H]+,peak_mz:60.5850,extended,True,medium,medium,keep
CF:massbank_MSBNK-AAFC-AC000604_79_0555,CF,peak_mz,79.0555,MassBank record-derived,positive,Natural Product; Fungal metabolite,medium,1,observed,Satratoxin H; LC-ESI-ITFT; MS2; CE: 40; R=17500; [M+H]+,peak_mz:79.0550,extended,True,medium,medium,keep
CF:massbank_MSBNK-AAFC-AC000605_55_0554,CF,peak_mz,55.0554,MassBank record-derived,positive,Natural Product; Fungal metabolite,medium,1,observed,Satratoxin H; LC-ESI-ITFT; MS2; CE: 55; R=17500; [M+H]+,peak_mz:55.0550,extended,True,medium,medium,keep
CF:massbank_MSBNK-AAFC-AC000605_58_9604,CF,peak_mz,58.9604,MassBank record-derived,positive,Natural Product; Fungal metabolite,medium,1,observed,Satratoxin H; LC-ESI-ITFT; MS2; CE: 55; R=17500; [M+H]+,peak_mz:58.9600,extended,True,medium,medium,keep
CF:massbank_MSBNK-AAFC-AC000605_65_0979,CF,peak_mz,65.0979,MassBank record-derived,positive,Natural Product; Fungal metabolite,medium,1,observed,Satratoxin H; LC-ESI-ITFT; MS2; CE: 55; R=17500; [M+H]+,peak_mz:65.1000,extended,True,medium,medium,keep
CF:massbank_MSBNK-AAFC-AC000606_303_0839,CF,peak_mz,303.0839,MassBank record-derived,positive,Natural Product; Fungal metabolite,medium,1,observed,Satratoxin H; LC-ESI-ITFT; MS2; CE: 20; R=17500; [M+Na]+,peak_mz:303.0850,extended,True,medium,medium,keep
CF:massbank_MSBNK-AAFC-AC000606_551_2252,CF,peak_mz,551.2252,MassBank record-derived,positive,Natural Product; Fungal metabolite,medium,1,observed,Satratoxin H; LC-ESI-ITFT; MS2; CE: 20; R=17500; [M+Na]+,peak_mz:551.2250,extended,True,medium,medium,keep
CF:massbank_MSBNK-AAFC-AC000607_193_0471,CF,peak_mz,193.0471,MassBank record-derived,positive,Natural Product; Fungal metabolite,medium,1,observed,Satratoxin H; LC-ESI-ITFT; MS2; CE: 30; R=17500; [M+Na]+,peak_mz:193.0450,extended,True,medium,medium,keep
CF:massbank_MSBNK-AAFC-AC000607_241_0471,CF,peak_mz,241.0471,MassBank record-derived,positive,Natural Product; Fungal metabolite,medium,1,observed,Satratoxin H; LC-ESI-ITFT; MS2; CE: 30; R=17500; [M+Na]+,peak_mz:241.0450,extended,True,medium,medium,keep
CF:massbank_MSBNK-AAFC-AC000607_259_0577,CF,peak_mz,259.0577,MassBank record-derived,positive,Natural Product; Fungal metabolite,medium,1,observed,Satratoxin H; LC-ESI-ITFT; MS2; CE: 30; R=17500; [M+Na]+,peak_mz:259.0600,extended,True,medium,medium,keep
CF:massbank_MSBNK-AAFC-AC000608_55_364,CF,peak_mz,55.364,MassBank record-derived,positive,Natural Product; Fungal metabolite,medium,1,observed,Satratoxin H; LC-ESI-ITFT; MS2; CE: 40; R=17500; [M+Na]+,peak_mz:55.3650,extended,True,medium,medium,keep
CF:massbank_MSBNK-AAFC-AC000608_66_5551,CF,peak_mz,66.5551,MassBank record-derived,positive,Natural Product; Fungal metabolite,medium,1,observed,Satratoxin H; LC-ESI-ITFT; MS2; CE: 40; R=17500; [M+Na]+,peak_mz:66.5550,extended,True,medium,medium,keep
CF:massbank_MSBNK-AAFC-AC000608_73_2876,CF,peak_mz,73.2876,MassBank record-derived,positive,Natural Product; Fungal metabolite,medium,1,observed,Satratoxin H; LC-ESI-ITFT; MS2; CE: 40; R=17500; [M+Na]+,peak_mz:73.2900,extended,True,medium,medium,keep
CF:massbank_MSBNK-AAFC-AC000609_64_9757,CF,peak_mz,64.9757,MassBank record-derived,positive,Natural Product; Fungal metabolite,medium,1,observed,Satratoxin H; LC-ESI-ITFT; MS2; CE: 55; R=17500; [M+Na]+,peak_mz:64.9750,extended,True,medium,medium,keep
CF:massbank_MSBNK-AAFC-AC000609_67_4004,CF,peak_mz,67.4004,MassBank record-derived,positive,Natural Product; Fungal metabolite,medium,1,observed,Satratoxin H; LC-ESI-ITFT; MS2; CE: 55; R=17500; [M+Na]+,peak_mz:67.4000,extended,True,medium,medium,keep
CF:massbank_MSBNK-AAFC-AC000612_244_0968,CF,peak_mz,244.0968,MassBank record-derived,positive,Natural Product; Fungal metabolite,medium,1,observed,Stachybocin B; LC-ESI-ITFT; MS2; CE: 30; R=17500; [M+H]+,peak_mz:244.0950,extended,True,medium,medium,keep
CF:massbank_MSBNK-AAFC-AC000612_384_2143,CF,peak_mz,384.2143,MassBank record-derived,positive,Natural Product; Fungal metabolite,medium,1,observed,Stachybocin B; LC-ESI-ITFT; MS2; CE: 30; R=17500; [M+H]+,peak_mz:384.2150,extended,True,medium,medium,keep
CF:massbank_MSBNK-AAFC-AC000612_434_2663,CF,peak_mz,434.2663,MassBank record-derived,positive,Natural Product; Fungal metabolite,medium,1,observed,Stachybocin B; LC-ESI-ITFT; MS2; CE: 30; R=17500; [M+H]+,peak_mz:434.2650,extended,True,medium,medium,keep
CF:massbank_MSBNK-AAFC-AC000613_178_0499,CF,peak_mz,178.0499,MassBank record-derived,positive,Natural Product; Fungal metabolite,medium,1,observed,Stachybocin B; LC-ESI-ITFT; MS2; CE: 35; R=17500; [M+H]+,peak_mz:178.0500,extended,True,medium,medium,keep
CF:massbank_MSBNK-AAFC-AC000613_189_1638,CF,peak_mz,189.1638,MassBank record-derived,positive,Natural Product; Fungal metabolite,medium,1,observed,Stachybocin B; LC-ESI-ITFT; MS2; CE: 35; R=17500; [M+H]+,peak_mz:189.1650,extended,True,medium,medium,keep
CF:massbank_MSBNK-AAFC-AC000614_82_0651,CF,peak_mz,82.0651,MassBank record-derived,positive,Natural Product; Fungal metabolite,medium,1,observed,Stachybocin B; LC-ESI-ITFT; MS2; CE: 50; R=17500; [M+H]+,peak_mz:82.0650,extended,True,medium,medium,keep
CF:massbank_MSBNK-AAFC-AC000616_492_2718,CF,peak_mz,492.2718,MassBank record-derived,positive,Natural Product; Fungal metabolite,medium,1,observed,Stachybocin B; LC-ESI-ITFT; MS2; CE: 35; R=17500; [M+Na]+,peak_mz:492.2700,extended,True,medium,medium,keep
CF:massbank_MSBNK-AAFC-AC000617_474_2612,CF,peak_mz,474.2612,MassBank record-derived,positive,Natural Product; Fungal metabolite,medium,1,observed,Stachybocin B; LC-ESI-ITFT; MS2; CE: 50; R=17500; [M+Na]+,peak_mz:474.2600,extended,True,medium,medium,keep
CF:massbank_MSBNK-AAFC-AC000617_486_1734,CF,peak_mz,486.1734,MassBank record-derived,positive,Natural Product; Fungal metabolite,medium,1,observed,Stachybocin B; LC-ESI-ITFT; MS2; CE: 50; R=17500; [M+Na]+,peak_mz:486.1750,extended,True,medium,medium,keep
CF:massbank_MSBNK-AAFC-AC000617_491_2878,CF,peak_mz,491.2878,MassBank record-derived,positive,Natural Product; Fungal metabolite,medium,1,observed,Stachybocin B; LC-ESI-ITFT; MS2; CE: 50; R=17500; [M+Na]+,peak_mz:491.2900,extended,True,medium,medium,keep
CF:massbank_MSBNK-AAFC-AC000621_368_2193,CF,peak_mz,368.2193,MassBank record-derived,positive,Natural Product; Fungal metabolite,medium,1,observed,Stachybocin C; LC-ESI-ITFT; MS2; CE: 35; R=17500; [M+H]+,peak_mz:368.2200,extended,True,medium,medium,keep
CF:massbank_MSBNK-AAFC-AC000626_486_1785,CF,peak_mz,486.1785,MassBank record-derived,positive,Natural Product; Fungal metabolite,medium,1,observed,Stachybocin C; LC-ESI-ITFT; MS2; CE: 50; R=17500; [M+Na]+,peak_mz:486.1800,extended,True,medium,medium,keep
CF:massbank_MSBNK-AAFC-AC000626_490_2591,CF,peak_mz,490.2591,MassBank record-derived,positive,Natural Product; Fungal metabolite,medium,1,observed,Stachybocin C; LC-ESI-ITFT; MS2; CE: 50; R=17500; [M+Na]+,peak_mz:490.2600,extended,True,medium,medium,keep
CF:massbank_MSBNK-AAFC-AC000626_507_2803,CF,peak_mz,507.2803,MassBank record-derived,positive,Natural Product; Fungal metabolite,medium,1,observed,Stachybocin C; LC-ESI-ITFT; MS2; CE: 50; R=17500; [M+Na]+,peak_mz:507.2800,extended,True,medium,medium,keep
CF:massbank_MSBNK-AAFC-AC000627_80_1078,CF,peak_mz,80.1078,MassBank record-derived,positive,Natural Product; Fungal metabolite,medium,1,observed,T-2 tetraol; LC-ESI-ITFT; MS2; CE: 10; R=17500; [M+H]+,peak_mz:80.1100,extended,True,medium,medium,keep
CF:massbank_MSBNK-AAFC-AC000627_90_9698,CF,peak_mz,90.9698,MassBank record-derived,positive,Natural Product; Fungal metabolite,medium,1,observed,T-2 tetraol; LC-ESI-ITFT; MS2; CE: 10; R=17500; [M+H]+,peak_mz:90.9700,extended,True,medium,medium,keep
CF:massbank_MSBNK-AAFC-AC000629_51_27,CF,peak_mz,51.27,MassBank record-derived,positive,Natural Product; Fungal metabolite,medium,1,observed,T-2 tetraol; LC-ESI-ITFT; MS2; CE: 30; R=17500; [M+H]+,peak_mz:51.2700,extended,True,medium,medium,keep
CF:massbank_MSBNK-AAFC-AC000629_53_6514,CF,peak_mz,53.6514,MassBank record-derived,positive,Natural Product; Fungal metabolite,medium,1,observed,T-2 tetraol; LC-ESI-ITFT; MS2; CE: 30; R=17500; [M+H]+,peak_mz:53.6500,extended,True,medium,medium,keep
CF:massbank_MSBNK-AAFC-AC000629_57_2511,CF,peak_mz,57.2511,MassBank record-derived,positive,Natural Product; Fungal metabolite,medium,1,observed,T-2 tetraol; LC-ESI-ITFT; MS2; CE: 30; R=17500; [M+H]+,peak_mz:57.2500,extended,True,medium,medium,keep
CF:massbank_MSBNK-AAFC-AC000630_54_6811,CF,peak_mz,54.6811,MassBank record-derived,positive,Natural Product; Fungal metabolite,medium,1,observed,T-2 tetraol; LC-ESI-ITFT; MS2; CE: 35; R=17500; [M+H]+,peak_mz:54.6800,extended,True,medium,medium,keep
CF:massbank_MSBNK-AAFC-AC000630_65_5131,CF,peak_mz,65.5131,MassBank record-derived,positive,Natural Product; Fungal metabolite,medium,1,observed,T-2 tetraol; LC-ESI-ITFT; MS2; CE: 35; R=17500; [M+H]+,peak_mz:65.5150,extended,True,medium,medium,keep
CF:massbank_MSBNK-AAFC-AC000630_68_6955,CF,peak_mz,68.6955,MassBank record-derived,positive,Natural Product; Fungal metabolite,medium,1,observed,T-2 tetraol; LC-ESI-ITFT; MS2; CE: 35; R=17500; [M+H]+,peak_mz:68.6950,extended,True,medium,medium,keep
CF:massbank_MSBNK-AAFC-AC000631_64_7497,CF,peak_mz,64.7497,MassBank record-derived,positive,Natural Product; Fungal metabolite,medium,1,observed,T-2 tetraol; LC-ESI-ITFT; MS2; CE: 50; R=17500; [M+H]+,peak_mz:64.7500,extended,True,medium,medium,keep
CF:massbank_MSBNK-AAFC-AC000631_71_0768,CF,peak_mz,71.0768,MassBank record-derived,positive,Natural Product; Fungal metabolite,medium,1,observed,T-2 tetraol; LC-ESI-ITFT; MS2; CE: 50; R=17500; [M+H]+,peak_mz:71.0750,extended,True,medium,medium,keep
CF:massbank_MSBNK-AAFC-AC000632_312_172,CF,peak_mz,312.172,MassBank record-derived,positive,Natural Product; Fungal metabolite,medium,1,observed,Tentoxin; LC-ESI-ITFT; MS2; CE: 10; R=17500; [M+H]+,peak_mz:312.1700,extended,True,medium,medium,keep
CF:massbank_MSBNK-AAFC-AC000632_415_234,CF,peak_mz,415.234,MassBank record-derived,positive,Natural Product; Fungal metabolite,medium,1,observed,Tentoxin; LC-ESI-ITFT; MS2; CE: 10; R=17500; [M+H]+,peak_mz:415.2350,extended,True,medium,medium,keep
CF:massbank_MSBNK-AAFC-AC000633_238_1564,CF,peak_mz,238.1564,MassBank record-derived,positive,Natural Product; Fungal metabolite,medium,1,observed,Tentoxin; LC-ESI-ITFT; MS2; CE: 20; R=17500; [M+H]+,peak_mz:238.1550,extended,True,medium,medium,keep
CF:massbank_MSBNK-AAFC-AC000633_256_1808,CF,peak_mz,256.1808,MassBank record-derived,positive,Natural Product; Fungal metabolite,medium,1,observed,Tentoxin; LC-ESI-ITFT; MS2; CE: 20; R=17500; [M+H]+,peak_mz:256.1800,extended,True,medium,medium,keep
CF:massbank_MSBNK-AAFC-AC000634_210_1614,CF,peak_mz,210.1614,MassBank record-derived,positive,Natural Product; Fungal metabolite,medium,1,observed,Tentoxin; LC-ESI-ITFT; MS2; CE: 30; R=17500; [M+H]+,peak_mz:210.1600,extended,True,medium,medium,keep
CF:massbank_MSBNK-AAFC-AC000634_256_1822,CF,peak_mz,256.1822,MassBank record-derived,positive,Natural Product; Fungal metabolite,medium,1,observed,Tentoxin; LC-ESI-ITFT; MS2; CE: 30; R=17500; [M+H]+,peak_mz:256.1800,extended,True,medium,medium,keep
CF:massbank_MSBNK-AAFC-AC000635_58_0662,CF,peak_mz,58.0662,MassBank record-derived,positive,Natural Product; Fungal metabolite,medium,1,observed,Tentoxin; LC-ESI-ITFT; MS2; CE: 40; R=17500; [M+H]+,peak_mz:58.0650,extended,True,medium,medium,keep
CF:massbank_MSBNK-AAFC-AC000635_113_0709,CF,peak_mz,113.0709,MassBank record-derived,positive,Natural Product; Fungal metabolite,medium,1,observed,Tentoxin; LC-ESI-ITFT; MS2; CE: 40; R=17500; [M+H]+,peak_mz:113.0700,extended,True,medium,medium,keep
CF:massbank_MSBNK-AAFC-AC000636_56_0505,CF,peak_mz,56.0505,MassBank record-derived,positive,Natural Product; Fungal metabolite,medium,1,observed,Tentoxin; LC-ESI-ITFT; MS2; CE: 55; R=17500; [M+H]+,peak_mz:56.0500,extended,True,medium,medium,keep
CF:massbank_MSBNK-AAFC-AC000637_100_0757,CF,peak_mz,100.0757,MassBank record-derived,positive,Natural Product; Fungal metabolite,medium,1,observed,Tenuazonic acid; LC-ESI-ITFT; MS2; CE: 10; R=17500; [M+H]+,peak_mz:100.0750,extended,True,medium,medium,keep
CF:massbank_MSBNK-AAFC-AC000638_83_0865,CF,peak_mz,83.0865,MassBank record-derived,positive,Natural Product; Fungal metabolite,medium,1,observed,Tenuazonic acid; LC-ESI-ITFT; MS2; CE: 20; R=17500; [M+H]+,peak_mz:83.0850,extended,True,medium,medium,keep
CF:massbank_MSBNK-AAFC-AC000638_114_0913,CF,peak_mz,114.0913,MassBank record-derived,positive,Natural Product; Fungal metabolite,medium,1,observed,Tenuazonic acid; LC-ESI-ITFT; MS2; CE: 20; R=17500; [M+H]+,peak_mz:114.0900,extended,True,medium,medium,keep
CF:massbank_MSBNK-AAFC-AC000639_57_071,CF,peak_mz,57.071,MassBank record-derived,positive,Natural Product; Fungal metabolite,medium,1,observed,Tenuazonic acid; LC-ESI-ITFT; MS2; CE: 30; R=17500; [M+H]+,peak_mz:57.0700,extended,True,medium,medium,keep
CF:massbank_MSBNK-AAFC-AC000639_83_0864,CF,peak_mz,83.0864,MassBank record-derived,positive,Natural Product; Fungal metabolite,medium,1,observed,Tenuazonic acid; LC-ESI-ITFT; MS2; CE: 30; R=17500; [M+H]+,peak_mz:83.0850,extended,True,medium,medium,keep
CF:massbank_MSBNK-AAFC-AC000640_57_0709,CF,peak_mz,57.0709,MassBank record-derived,positive,Natural Product; Fungal metabolite,medium,1,observed,Tenuazonic acid; LC-ESI-ITFT; MS2; CE: 40; R=17500; [M+H]+,peak_mz:57.0700,extended,True,medium,medium,keep
CF:massbank_MSBNK-AAFC-AC000641_55_019,CF,peak_mz,55.019,MassBank record-derived,positive,Natural Product; Fungal metabolite,medium,1,observed,Tenuazonic acid; LC-ESI-ITFT; MS2; CE: 55; R=17500; [M+H]+,peak_mz:55.0200,extended,True,medium,medium,keep
CF:massbank_MSBNK-AAFC-AC000641_55_0552,CF,peak_mz,55.0552,MassBank record-derived,positive,Natural Product; Fungal metabolite,medium,1,observed,Tenuazonic acid; LC-ESI-ITFT; MS2; CE: 55; R=17500; [M+H]+,peak_mz:55.0550,extended,True,medium,medium,keep
CF:massbank_MSBNK-AAFC-AC000641_57_0345,CF,peak_mz,57.0345,MassBank record-derived,positive,Natural Product; Fungal metabolite,medium,1,observed,Tenuazonic acid; LC-ESI-ITFT; MS2; CE: 55; R=17500; [M+H]+,peak_mz:57.0350,extended,True,medium,medium,keep
CF:massbank_MSBNK-AAFC-AC000642_277_1798,CF,peak_mz,277.1798,MassBank record-derived,positive,Synthetic nonsteroidal estrogen; Fungal metabolite related,medium,1,observed,Zeranol; LC-ESI-ITFT; MS2; CE: 10; R=17500; [M-H2O+H]+,peak_mz:277.1800,extended,True,medium,medium,keep
CF:massbank_MSBNK-AAFC-AC000642_287_1642,CF,peak_mz,287.1642,MassBank record-derived,positive,Synthetic nonsteroidal estrogen; Fungal metabolite related,medium,1,observed,Zeranol; LC-ESI-ITFT; MS2; CE: 10; R=17500; [M-H2O+H]+,peak_mz:287.1650,extended,True,medium,medium,keep
CF:massbank_MSBNK-AAFC-AC000643_123_0441,CF,peak_mz,123.0441,MassBank record-derived,positive,Synthetic nonsteroidal estrogen; Fungal metabolite related,medium,1,observed,Zeranol; LC-ESI-ITFT; MS2; CE: 20; R=17500; [M-H2O+H]+,peak_mz:123.0450,extended,True,medium,medium,keep
CF:massbank_MSBNK-AAFC-AC000644_87_0441,CF,peak_mz,87.0441,MassBank record-derived,positive,Synthetic nonsteroidal estrogen; Fungal metabolite related,medium,1,observed,Zeranol; LC-ESI-ITFT; MS2; CE: 30; R=17500; [M-H2O+H]+,peak_mz:87.0450,extended,True,medium,medium,keep
CF:massbank_MSBNK-AAFC-AC000645_53_8181,CF,peak_mz,53.8181,MassBank record-derived,positive,Synthetic nonsteroidal estrogen; Fungal metabolite related,medium,1,observed,Zeranol; LC-ESI-ITFT; MS2; CE: 40; R=17500; [M-H2O+H]+,peak_mz:53.8200,extended,True,medium,medium,keep
CF:massbank_MSBNK-AAFC-AC000645_65_2495,CF,peak_mz,65.2495,MassBank record-derived,positive,Synthetic nonsteroidal estrogen; Fungal metabolite related,medium,1,observed,Zeranol; LC-ESI-ITFT; MS2; CE: 40; R=17500; [M-H2O+H]+,peak_mz:65.2500,extended,True,medium,medium,keep
CF:massbank_MSBNK-AAFC-AC000646_50_0538,CF,peak_mz,50.0538,MassBank record-derived,positive,Synthetic nonsteroidal estrogen; Fungal metabolite related,medium,1,observed,Zeranol; LC-ESI-ITFT; MS2; CE: 55; R=17500; [M-H2O+H]+,peak_mz:50.0550,extended,True,medium,medium,keep
CF:massbank_MSBNK-AAFC-AC000646_56_5098,CF,peak_mz,56.5098,MassBank record-derived,positive,Synthetic nonsteroidal estrogen; Fungal metabolite related,medium,1,observed,Zeranol; LC-ESI-ITFT; MS2; CE: 55; R=17500; [M-H2O+H]+,peak_mz:56.5100,extended,True,medium,medium,keep
CF:massbank_MSBNK-AAFC-AC000647_371_1829,CF,peak_mz,371.1829,MassBank record-derived,positive,Natural Product; Fungal metabolite,medium,1,observed,Alternaric acid; LC-ESI-ITFT; MS2; CE: 10; R=17500; [M+Na]+,peak_mz:371.1850,extended,True,medium,medium,keep
CF:massbank_MSBNK-AAFC-AC000647_415_1727,CF,peak_mz,415.1727,MassBank record-derived,positive,Natural Product; Fungal metabolite,medium,1,observed,Alternaric acid; LC-ESI-ITFT; MS2; CE: 10; R=17500; [M+Na]+,peak_mz:415.1750,extended,True,medium,medium,keep
CF:massbank_MSBNK-AAFC-AC000647_433_1833,CF,peak_mz,433.1833,MassBank record-derived,positive,Natural Product; Fungal metabolite,medium,1,observed,Alternaric acid; LC-ESI-ITFT; MS2; CE: 10; R=17500; [M+Na]+,peak_mz:433.1850,extended,True,medium,medium,keep
CF:massbank_MSBNK-AAFC-AC000648_353_1723,CF,peak_mz,353.1723,MassBank record-derived,positive,Natural Product; Fungal metabolite,medium,1,observed,Alternaric acid; LC-ESI-ITFT; MS2; CE: 20; R=17500; [M+Na]+,peak_mz:353.1700,extended,True,medium,medium,keep
CF:massbank_MSBNK-AAFC-AC000649_151_0366,CF,peak_mz,151.0366,MassBank record-derived,positive,Natural Product; Fungal metabolite,medium,1,observed,Alternaric acid; LC-ESI-ITFT; MS2; CE: 30; R=17500; [M+Na]+,peak_mz:151.0350,extended,True,medium,medium,keep
CF:massbank_MSBNK-AAFC-AC000649_285_1485,CF,peak_mz,285.1485,MassBank record-derived,positive,Natural Product; Fungal metabolite,medium,1,observed,Alternaric acid; LC-ESI-ITFT; MS2; CE: 30; R=17500; [M+Na]+,peak_mz:285.1500,extended,True,medium,medium,keep
CF:massbank_MSBNK-AAFC-AC000649_329_0996,CF,peak_mz,329.0996,MassBank record-derived,positive,Natural Product; Fungal metabolite,medium,1,observed,Alternaric acid; LC-ESI-ITFT; MS2; CE: 30; R=17500; [M+Na]+,peak_mz:329.1000,extended,True,medium,medium,keep
CF:massbank_MSBNK-AAFC-AC000650_81_0326,CF,peak_mz,81.0326,MassBank record-derived,negative,Natural Product; Fungal metabolite,medium,1,observed,Patulin; LC-ESI-ITFT; MS2; CE: 10; R=17500; [M-H]-,peak_mz:81.0350,extended,True,medium,medium,keep
CF:massbank_MSBNK-AAFC-AC000650_83_0483,CF,peak_mz,83.0483,MassBank record-derived,negative,Natural Product; Fungal metabolite,medium,1,observed,Patulin; LC-ESI-ITFT; MS2; CE: 10; R=17500; [M-H]-,peak_mz:83.0500,extended,True,medium,medium,keep
CF:massbank_MSBNK-AAFC-AC000650_97_0271,CF,peak_mz,97.0271,MassBank record-derived,negative,Natural Product; Fungal metabolite,medium,1,observed,Patulin; LC-ESI-ITFT; MS2; CE: 10; R=17500; [M-H]-,peak_mz:97.0250,extended,True,medium,medium,keep
CF:massbank_MSBNK-AAFC-AC000651_81_0324,CF,peak_mz,81.0324,MassBank record-derived,negative,Natural Product; Fungal metabolite,medium,1,observed,Patulin; LC-ESI-ITFT; MS2; CE: 20; R=17500; [M-H]-,peak_mz:81.0300,extended,True,medium,medium,keep
CF:massbank_MSBNK-AAFC-AC000651_83_0482,CF,peak_mz,83.0482,MassBank record-derived,negative,Natural Product; Fungal metabolite,medium,1,observed,Patulin; LC-ESI-ITFT; MS2; CE: 20; R=17500; [M-H]-,peak_mz:83.0500,extended,True,medium,medium,keep
CF:massbank_MSBNK-AAFC-AC000651_97_0273,CF,peak_mz,97.0273,MassBank record-derived,negative,Natural Product; Fungal metabolite,medium,1,observed,Patulin; LC-ESI-ITFT; MS2; CE: 20; R=17500; [M-H]-,peak_mz:97.0250,extended,True,medium,medium,keep
CF:massbank_MSBNK-AAFC-AC000652_81_0327,CF,peak_mz,81.0327,MassBank record-derived,negative,Natural Product; Fungal metabolite,medium,1,observed,Patulin; LC-ESI-ITFT; MS2; CE: 30; R=17500; [M-H]-,peak_mz:81.0350,extended,True,medium,medium,keep
CF:massbank_MSBNK-AAFC-AC000652_97_0274,CF,peak_mz,97.0274,MassBank record-derived,negative,Natural Product; Fungal metabolite,medium,1,observed,Patulin; LC-ESI-ITFT; MS2; CE: 30; R=17500; [M-H]-,peak_mz:97.0250,extended,True,medium,medium,keep
CF:massbank_MSBNK-AAFC-AC000652_109_0277,CF,peak_mz,109.0277,MassBank record-derived,negative,Natural Product; Fungal metabolite,medium,1,observed,Patulin; LC-ESI-ITFT; MS2; CE: 30; R=17500; [M-H]-,peak_mz:109.0300,extended,True,medium,medium,keep
CF:massbank_MSBNK-AAFC-AC000653_69_0326,CF,peak_mz,69.0326,MassBank record-derived,negative,Natural Product; Fungal metabolite,medium,1,observed,Patulin; LC-ESI-ITFT; MS2; CE: 40; R=17500; [M-H]-,peak_mz:69.0350,extended,True,medium,medium,keep
CF:massbank_MSBNK-AAFC-AC000653_83_0119,CF,peak_mz,83.0119,MassBank record-derived,negative,Natural Product; Fungal metabolite,medium,1,observed,Patulin; LC-ESI-ITFT; MS2; CE: 40; R=17500; [M-H]-,peak_mz:83.0100,extended,True,medium,medium,keep
CF:massbank_MSBNK-AAFC-AC000654_52_5019,CF,peak_mz,52.5019,MassBank record-derived,negative,Natural Product; Fungal metabolite,medium,1,observed,Patulin; LC-ESI-ITFT; MS2; CE: 55; R=17500; [M-H]-,peak_mz:52.5000,extended,True,medium,medium,keep
CF:massbank_MSBNK-AAFC-AC000654_59_4349,CF,peak_mz,59.4349,MassBank record-derived,negative,Natural Product; Fungal metabolite,medium,1,observed,Patulin; LC-ESI-ITFT; MS2; CE: 55; R=17500; [M-H]-,peak_mz:59.4350,extended,True,medium,medium,keep
CF:massbank_MSBNK-AAFC-AC000654_65_0376,CF,peak_mz,65.0376,MassBank record-derived,negative,Natural Product; Fungal metabolite,medium,1,observed,Patulin; LC-ESI-ITFT; MS2; CE: 55; R=17500; [M-H]-,peak_mz:65.0400,extended,True,medium,medium,keep
CF:massbank_MSBNK-AAFC-AC000655_56_7845,CF,peak_mz,56.7845,MassBank record-derived,negative,Natural Product; Fungal metabolite,medium,1,observed,Fumonisin B4; LC-ESI-ITFT; MS2; CE: 20; R=17500; [M-H]-,peak_mz:56.7850,extended,True,medium,medium,keep
CF:massbank_MSBNK-AAFC-AC000655_61_2215,CF,peak_mz,61.2215,MassBank record-derived,negative,Natural Product; Fungal metabolite,medium,1,observed,Fumonisin B4; LC-ESI-ITFT; MS2; CE: 20; R=17500; [M-H]-,peak_mz:61.2200,extended,True,medium,medium,keep
CF:massbank_MSBNK-AAFC-AC000655_72_3354,CF,peak_mz,72.3354,MassBank record-derived,negative,Natural Product; Fungal metabolite,medium,1,observed,Fumonisin B4; LC-ESI-ITFT; MS2; CE: 20; R=17500; [M-H]-,peak_mz:72.3350,extended,True,medium,medium,keep
CF:massbank_MSBNK-AAFC-AC000656_69_0324,CF,peak_mz,69.0324,MassBank record-derived,negative,Natural Product; Fungal metabolite,medium,1,observed,Fumonisin B4; LC-ESI-ITFT; MS2; CE: 30; R=17500; [M-H]-,peak_mz:69.0300,extended,True,medium,medium,keep
CF:massbank_MSBNK-AAFC-AC000656_107_845,CF,peak_mz,107.845,MassBank record-derived,negative,Natural Product; Fungal metabolite,medium,1,observed,Fumonisin B4; LC-ESI-ITFT; MS2; CE: 30; R=17500; [M-H]-,peak_mz:107.8450,extended,True,medium,medium,keep
CF:massbank_MSBNK-AAFC-AC000656_113_022,CF,peak_mz,113.022,MassBank record-derived,negative,Natural Product; Fungal metabolite,medium,1,observed,Fumonisin B4; LC-ESI-ITFT; MS2; CE: 30; R=17500; [M-H]-,peak_mz:113.0200,extended,True,medium,medium,keep
CF:massbank_MSBNK-AAFC-AC000657_54_2672,CF,peak_mz,54.2672,MassBank record-derived,negative,Natural Product; Fungal metabolite,medium,1,observed,Fumonisin B4; LC-ESI-ITFT; MS2; CE: 40; R=17500; [M-H]-,peak_mz:54.2650,extended,True,medium,medium,keep
CF:massbank_MSBNK-AAFC-AC000657_59_4051,CF,peak_mz,59.4051,MassBank record-derived,negative,Natural Product; Fungal metabolite,medium,1,observed,Fumonisin B4; LC-ESI-ITFT; MS2; CE: 40; R=17500; [M-H]-,peak_mz:59.4050,extended,True,medium,medium,keep
CF:massbank_MSBNK-AAFC-AC000657_65_7967,CF,peak_mz,65.7967,MassBank record-derived,negative,Natural Product; Fungal metabolite,medium,1,observed,Fumonisin B4; LC-ESI-ITFT; MS2; CE: 40; R=17500; [M-H]-,peak_mz:65.7950,extended,True,medium,medium,keep
CF:massbank_MSBNK-AAFC-AC000658_690_4059,CF,peak_mz,690.4059,MassBank record-derived,positive,Natural Product; Fungal metabolite,medium,1,observed,Fumonisin B4; LC-ESI-ITFT; MS2; CE: 10; R=17500; [M+H]+,peak_mz:690.4050,extended,True,medium,medium,keep
CF:massbank_MSBNK-AAFC-AC000659_250_3806,CF,peak_mz,250.3806,MassBank record-derived,positive,Natural Product; Fungal metabolite,medium,1,observed,Fumonisin B4; LC-ESI-ITFT; MS2; CE: 20; R=17500; [M+H]+,peak_mz:250.3800,extended,True,medium,medium,keep
CF:massbank_MSBNK-AAFC-AC000659_320_3344,CF,peak_mz,320.3344,MassBank record-derived,positive,Natural Product; Fungal metabolite,medium,1,observed,Fumonisin B4; LC-ESI-ITFT; MS2; CE: 20; R=17500; [M+H]+,peak_mz:320.3350,extended,True,medium,medium,keep
CF:massbank_MSBNK-AAFC-AC000659_338_3418,CF,peak_mz,338.3418,MassBank record-derived,positive,Natural Product; Fungal metabolite,medium,1,observed,Fumonisin B4; LC-ESI-ITFT; MS2; CE: 20; R=17500; [M+H]+,peak_mz:338.3400,extended,True,medium,medium,keep
CF:massbank_MSBNK-AAFC-AC000660_88_1679,CF,peak_mz,88.1679,MassBank record-derived,positive,Natural Product; Fungal metabolite,medium,1,observed,Fumonisin B4; LC-ESI-ITFT; MS2; CE: 30; R=17500; [M+H]+,peak_mz:88.1700,extended,True,medium,medium,keep
CF:massbank_MSBNK-AAFC-AC000660_90_1923,CF,peak_mz,90.1923,MassBank record-derived,positive,Natural Product; Fungal metabolite,medium,1,observed,Fumonisin B4; LC-ESI-ITFT; MS2; CE: 30; R=17500; [M+H]+,peak_mz:90.1900,extended,True,medium,medium,keep
CF:massbank_MSBNK-AAFC-AC000661_50_7118,CF,peak_mz,50.7118,MassBank record-derived,positive,Natural Product; Fungal metabolite,medium,1,observed,Fumonisin B4; LC-ESI-ITFT; MS2; CE: 40; R=17500; [M+H]+,peak_mz:50.7100,extended,True,medium,medium,keep
CF:massbank_MSBNK-AAFC-AC000661_58_0793,CF,peak_mz,58.0793,MassBank record-derived,positive,Natural Product; Fungal metabolite,medium,1,observed,Fumonisin B4; LC-ESI-ITFT; MS2; CE: 40; R=17500; [M+H]+,peak_mz:58.0800,extended,True,medium,medium,keep
CF:massbank_MSBNK-AAFC-AC000662_508_1955,CF,peak_mz,508.1955,MassBank record-derived,positive,Natural Product; Fungal metabolite,medium,1,observed,Fumiquinazoline H; LC-ESI-ITFT; MS2; CE: 10; R=17500; [M+Na]+,peak_mz:508.1950,extended,True,medium,medium,keep
CF:massbank_MSBNK-AAFC-AC000663_490_185,CF,peak_mz,490.185,MassBank record-derived,positive,Natural Product; Fungal metabolite,medium,1,observed,Fumiquinazoline H; LC-ESI-ITFT; MS2; CE: 20; R=17500; [M+Na]+,peak_mz:490.1850,extended,True,medium,medium,keep
CF:massbank_MSBNK-AAFC-AC000664_405_1335,CF,peak_mz,405.1335,MassBank record-derived,positive,Natural Product; Fungal metabolite,medium,1,observed,Fumiquinazoline H; LC-ESI-ITFT; MS2; CE: 30; R=17500; [M+Na]+,peak_mz:405.1350,extended,True,medium,medium,keep
CF:massbank_MSBNK-AAFC-AC000664_423_1452,CF,peak_mz,423.1452,MassBank record-derived,positive,Natural Product; Fungal metabolite,medium,1,observed,Fumiquinazoline H; LC-ESI-ITFT; MS2; CE: 30; R=17500; [M+Na]+,peak_mz:423.1450,extended,True,medium,medium,keep
CF:massbank_MSBNK-AAFC-AC000665_53_3553,CF,peak_mz,53.3553,MassBank record-derived,positive,Natural Product; Fungal metabolite,medium,1,observed,Fumiquinazoline H; LC-ESI-ITFT; MS2; CE: 40; R=17500; [M+Na]+,peak_mz:53.3550,extended,True,medium,medium,keep
CF:massbank_MSBNK-AAFC-AC000665_53_3676,CF,peak_mz,53.3676,MassBank record-derived,positive,Natural Product; Fungal metabolite,medium,1,observed,Fumiquinazoline H; LC-ESI-ITFT; MS2; CE: 40; R=17500; [M+Na]+,peak_mz:53.3700,extended,True,medium,medium,keep
CF:massbank_MSBNK-AAFC-AC000665_55_7543,CF,peak_mz,55.7543,MassBank record-derived,positive,Natural Product; Fungal metabolite,medium,1,observed,Fumiquinazoline H; LC-ESI-ITFT; MS2; CE: 40; R=17500; [M+Na]+,peak_mz:55.7550,extended,True,medium,medium,keep
CF:massbank_MSBNK-AAFC-AC000666_112_0519,CF,peak_mz,112.0519,MassBank record-derived,positive,Natural Product; Fungal metabolite,medium,1,observed,Penicillic Acid; LC-ESI-ITFT; MS2; CE: 10; R=17500; [M+H]+,peak_mz:112.0500,extended,True,medium,medium,keep
CF:massbank_MSBNK-AAFC-AC000668_97_0658,CF,peak_mz,97.0658,MassBank record-derived,positive,Natural Product; Fungal metabolite,medium,1,observed,Penicillic Acid; LC-ESI-ITFT; MS2; CE: 30; R=17500; [M+H]+,peak_mz:97.0650,extended,True,medium,medium,keep
CF:massbank_MSBNK-AAFC-AC000669_65_0396,CF,peak_mz,65.0396,MassBank record-derived,positive,Natural Product; Fungal metabolite,medium,1,observed,Penicillic Acid; LC-ESI-ITFT; MS2; CE: 40; R=17500; [M+H]+,peak_mz:65.0400,extended,True,medium,medium,keep
CF:massbank_MSBNK-AAFC-AC000669_69_0346,CF,peak_mz,69.0346,MassBank record-derived,positive,Natural Product; Fungal metabolite,medium,1,observed,Penicillic Acid; LC-ESI-ITFT; MS2; CE: 40; R=17500; [M+H]+,peak_mz:69.0350,extended,True,medium,medium,keep
CF:massbank_MSBNK-AAFC-AC000670_55_9357,CF,peak_mz,55.9357,MassBank record-derived,positive,Natural Product; Fungal metabolite,medium,1,observed,Penicillic Acid; LC-ESI-ITFT; MS2; CE: 55; R=17500; [M+H]+,peak_mz:55.9350,extended,True,medium,medium,keep
CF:massbank_MSBNK-AAFC-AC000671_329_102,CF,peak_mz,329.102,MassBank record-derived,positive,Natural Product; Fungal metabolite,medium,1,observed,Scleroderolide; LC-ESI-ITFT; MS2; CE: 10; R=17500; [M+H]+,peak_mz:329.1000,extended,True,medium,medium,keep
CF:massbank_MSBNK-AAFC-AC000673_273_0393,CF,peak_mz,273.0393,MassBank record-derived,positive,Natural Product; Fungal metabolite,medium,1,observed,Scleroderolide; LC-ESI-ITFT; MS2; CE: 30; R=17500; [M+H]+,peak_mz:273.0400,extended,True,medium,medium,keep
CF:massbank_MSBNK-AAFC-AC000673_311_0914,CF,peak_mz,311.0914,MassBank record-derived,positive,Natural Product; Fungal metabolite,medium,1,observed,Scleroderolide; LC-ESI-ITFT; MS2; CE: 30; R=17500; [M+H]+,peak_mz:311.0900,extended,True,medium,medium,keep
CF:massbank_MSBNK-AAFC-AC000674_255_0288,CF,peak_mz,255.0288,MassBank record-derived,positive,Natural Product; Fungal metabolite,medium,1,observed,Scleroderolide; LC-ESI-ITFT; MS2; CE: 40; R=17500; [M+H]+,peak_mz:255.0300,extended,True,medium,medium,keep
CF:massbank_MSBNK-AAFC-AC000674_269_0444,CF,peak_mz,269.0444,MassBank record-derived,positive,Natural Product; Fungal metabolite,medium,1,observed,Scleroderolide; LC-ESI-ITFT; MS2; CE: 40; R=17500; [M+H]+,peak_mz:269.0450,extended,True,medium,medium,keep
CF:massbank_MSBNK-AAFC-AC000675_199_039,CF,peak_mz,199.039,MassBank record-derived,positive,Natural Product; Fungal metabolite,medium,1,observed,Scleroderolide; LC-ESI-ITFT; MS2; CE: 55; R=17500; [M+H]+,peak_mz:199.0400,extended,True,medium,medium,keep
CF:massbank_MSBNK-AAFC-AC000676_275_1273,CF,peak_mz,275.1273,MassBank record-derived,negative,Natural Product; Fungal metabolite,medium,1,observed,Mycophenolic acid; LC-ESI-ITFT; MS2; CE: 10; R=17500; [M-H]-,peak_mz:275.1250,extended,True,medium,medium,keep
CF:massbank_MSBNK-AAFC-AC000676_287_0925,CF,peak_mz,287.0925,MassBank record-derived,negative,Natural Product; Fungal metabolite,medium,1,observed,Mycophenolic acid; LC-ESI-ITFT; MS2; CE: 10; R=17500; [M-H]-,peak_mz:287.0900,extended,True,medium,medium,keep
CF:massbank_MSBNK-AAFC-AC000676_319_1167,CF,peak_mz,319.1167,MassBank record-derived,negative,Natural Product; Fungal metabolite,medium,1,observed,Mycophenolic acid; LC-ESI-ITFT; MS2; CE: 10; R=17500; [M-H]-,peak_mz:319.1150,extended,True,medium,medium,keep
CF:massbank_MSBNK-AAFC-AC000677_179_0327,CF,peak_mz,179.0327,MassBank record-derived,negative,Natural Product; Fungal metabolite,medium,1,observed,Mycophenolic acid; LC-ESI-ITFT; MS2; CE: 20; R=17500; [M-H]-,peak_mz:179.0350,extended,True,medium,medium,keep
CF:massbank_MSBNK-AAFC-AC000677_191_0329,CF,peak_mz,191.0329,MassBank record-derived,negative,Natural Product; Fungal metabolite,medium,1,observed,Mycophenolic acid; LC-ESI-ITFT; MS2; CE: 20; R=17500; [M-H]-,peak_mz:191.0350,extended,True,medium,medium,keep
CF:massbank_MSBNK-AAFC-AC000677_275_1272,CF,peak_mz,275.1272,MassBank record-derived,negative,Natural Product; Fungal metabolite,medium,1,observed,Mycophenolic acid; LC-ESI-ITFT; MS2; CE: 20; R=17500; [M-H]-,peak_mz:275.1250,extended,True,medium,medium,keep
CF:massbank_MSBNK-AAFC-AC000678_179_0329,CF,peak_mz,179.0329,MassBank record-derived,negative,Natural Product; Fungal metabolite,medium,1,observed,Mycophenolic acid; LC-ESI-ITFT; MS2; CE: 30; R=17500; [M-H]-,peak_mz:179.0350,extended,True,medium,medium,keep
CF:massbank_MSBNK-AAFC-AC000678_192_0408,CF,peak_mz,192.0408,MassBank record-derived,negative,Natural Product; Fungal metabolite,medium,1,observed,Mycophenolic acid; LC-ESI-ITFT; MS2; CE: 30; R=17500; [M-H]-,peak_mz:192.0400,extended,True,medium,medium,keep
CF:massbank_MSBNK-AAFC-AC000679_73_0275,CF,peak_mz,73.0275,MassBank record-derived,negative,Natural Product; Fungal metabolite,medium,1,observed,Mycophenolic acid; LC-ESI-ITFT; MS2; CE: 40; R=17500; [M-H]-,peak_mz:73.0300,extended,True,medium,medium,keep
CF:massbank_MSBNK-AAFC-AC000679_95_0481,CF,peak_mz,95.0481,MassBank record-derived,negative,Natural Product; Fungal metabolite,medium,1,observed,Mycophenolic acid; LC-ESI-ITFT; MS2; CE: 40; R=17500; [M-H]-,peak_mz:95.0500,extended,True,medium,medium,keep
CF:massbank_MSBNK-AAFC-AC000679_135_043,CF,peak_mz,135.043,MassBank record-derived,negative,Natural Product; Fungal metabolite,medium,1,observed,Mycophenolic acid; LC-ESI-ITFT; MS2; CE: 40; R=17500; [M-H]-,peak_mz:135.0450,extended,True,medium,medium,keep
CF:massbank_MSBNK-AAFC-AC000680_95_0482,CF,peak_mz,95.0482,MassBank record-derived,negative,Natural Product; Fungal metabolite,medium,1,observed,Mycophenolic acid; LC-ESI-ITFT; MS2; CE: 55; R=17500; [M-H]-,peak_mz:95.0500,extended,True,medium,medium,keep
CF:massbank_MSBNK-AAFC-AC000680_107_0481,CF,peak_mz,107.0481,MassBank record-derived,negative,Natural Product; Fungal metabolite,medium,1,observed,Mycophenolic acid; LC-ESI-ITFT; MS2; CE: 55; R=17500; [M-H]-,peak_mz:107.0500,extended,True,medium,medium,keep
CF:massbank_MSBNK-AAFC-AC000681_343_1152,CF,peak_mz,343.1152,MassBank record-derived,positive,Natural Product; Fungal metabolite,medium,1,observed,Mycophenolic acid; LC-ESI-ITFT; MS2; CE: 10; R=17500; [M+Na]+,peak_mz:343.1150,extended,True,medium,medium,keep
CF:massbank_MSBNK-AAFC-AC000682_229_0471,CF,peak_mz,229.0471,MassBank record-derived,positive,Natural Product; Fungal metabolite,medium,1,observed,Mycophenolic acid; LC-ESI-ITFT; MS2; CE: 20; R=17500; [M+Na]+,peak_mz:229.0450,extended,True,medium,medium,keep
CF:massbank_MSBNK-AAFC-AC000684_199_0366,CF,peak_mz,199.0366,MassBank record-derived,positive,Natural Product; Fungal metabolite,medium,1,observed,Mycophenolic acid; LC-ESI-ITFT; MS2; CE: 40; R=17500; [M+Na]+,peak_mz:199.0350,extended,True,medium,medium,keep
CF:massbank_MSBNK-AAFC-AC000685_54_5624,CF,peak_mz,54.5624,MassBank record-derived,positive,Natural Product; Fungal metabolite,medium,1,observed,Mycophenolic acid; LC-ESI-ITFT; MS2; CE: 55; R=17500; [M+Na]+,peak_mz:54.5600,extended,True,medium,medium,keep
CF:massbank_MSBNK-AAFC-AC000685_61_299,CF,peak_mz,61.299,MassBank record-derived,positive,Natural Product; Fungal metabolite,medium,1,observed,Mycophenolic acid; LC-ESI-ITFT; MS2; CE: 55; R=17500; [M+Na]+,peak_mz:61.3000,extended,True,medium,medium,keep
CF:massbank_MSBNK-AAFC-AC000685_70_379,CF,peak_mz,70.379,MassBank record-derived,positive,Natural Product; Fungal metabolite,medium,1,observed,Mycophenolic acid; LC-ESI-ITFT; MS2; CE: 55; R=17500; [M+Na]+,peak_mz:70.3800,extended,True,medium,medium,keep
CF:massbank_MSBNK-AAFC-AC000686_357_1333,CF,peak_mz,357.1333,MassBank record-derived,positive,Natural Product; Fungal metabolite,medium,1,observed,Herqueichrysin; LC-ESI-ITFT; MS2; CE: 20; R=17500; [M+H]+,peak_mz:357.1350,extended,True,medium,medium,keep
CF:massbank_MSBNK-AAFC-AC000687_327_0863,CF,peak_mz,327.0863,MassBank record-derived,positive,Natural Product; Fungal metabolite,medium,1,observed,Herqueichrysin; LC-ESI-ITFT; MS2; CE: 30; R=17500; [M+H]+,peak_mz:327.0850,extended,True,medium,medium,keep
CF:massbank_MSBNK-AAFC-AC000687_342_1098,CF,peak_mz,342.1098,MassBank record-derived,positive,Natural Product; Fungal metabolite,medium,1,observed,Herqueichrysin; LC-ESI-ITFT; MS2; CE: 30; R=17500; [M+H]+,peak_mz:342.1100,extended,True,medium,medium,keep
CF:massbank_MSBNK-AAFC-AC000688_286_0472,CF,peak_mz,286.0472,MassBank record-derived,positive,Natural Product; Fungal metabolite,medium,1,observed,Herqueichrysin; LC-ESI-ITFT; MS2; CE: 40; R=17500; [M+H]+,peak_mz:286.0450,extended,True,medium,medium,keep
CF:massbank_MSBNK-AAFC-AC000688_301_0707,CF,peak_mz,301.0707,MassBank record-derived,positive,Natural Product; Fungal metabolite,medium,1,observed,Herqueichrysin; LC-ESI-ITFT; MS2; CE: 40; R=17500; [M+H]+,peak_mz:301.0700,extended,True,medium,medium,keep
CF:massbank_MSBNK-AAFC-AC000690_143_0339,CF,peak_mz,143.0339,MassBank record-derived,positive,Natural Product; Fungal metabolite,medium,1,observed,Kojic Acid; LC-ESI-ITFT; MS2; CE: 10; R=17500; [M+H]+,peak_mz:143.0350,extended,True,medium,medium,keep
CF:massbank_MSBNK-AAFC-AC000694_83_0128,CF,peak_mz,83.0128,MassBank record-derived,positive,Natural Product; Fungal metabolite,medium,1,observed,Kojic Acid; LC-ESI-ITFT; MS2; CE: 55; R=17500; [M+H]+,peak_mz:83.0150,extended,True,medium,medium,keep
CF:massbank_MSBNK-AAFC-AC000695_141_1274,CF,peak_mz,141.1274,MassBank record-derived,positive,Natural Product; Fungal metabolite,medium,1,observed,Phacidin; LC-ESI-ITFT; MS2; CE: 10; R=17500; [M+H]+,peak_mz:141.1250,extended,True,medium,medium,keep
CF:massbank_MSBNK-AAFC-AC000695_295_154,CF,peak_mz,295.154,MassBank record-derived,positive,Natural Product; Fungal metabolite,medium,1,observed,Phacidin; LC-ESI-ITFT; MS2; CE: 10; R=17500; [M+H]+,peak_mz:295.1550,extended,True,medium,medium,keep
CF:massbank_MSBNK-AAFC-AC000696_71_0866,CF,peak_mz,71.0866,MassBank record-derived,positive,Natural Product; Fungal metabolite,medium,1,observed,Phacidin; LC-ESI-ITFT; MS2; CE: 20; R=17500; [M+H]+,peak_mz:71.0850,extended,True,medium,medium,keep
CF:massbank_MSBNK-AAFC-AC000699_53_0033,CF,peak_mz,53.0033,MassBank record-derived,positive,Natural Product; Fungal metabolite,medium,1,observed,Phacidin; LC-ESI-ITFT; MS2; CE: 55; R=17500; [M+H]+,peak_mz:53.0050,extended,True,medium,medium,keep
CF:massbank_MSBNK-AAFC-AC000700_571_0871,CF,peak_mz,571.0871,MassBank record-derived,positive,Natural Product; Fungal metabolite,medium,1,observed,Aurofusarin; LC-ESI-ITFT; MS2; CE: 10; R=17500; [M+H]+,peak_mz:571.0850,extended,True,medium,medium,keep
CF:massbank_MSBNK-AAFC-AC000701_511_0659,CF,peak_mz,511.0659,MassBank record-derived,positive,Natural Product; Fungal metabolite,medium,1,observed,Aurofusarin; LC-ESI-ITFT; MS2; CE: 20; R=17500; [M+H]+,peak_mz:511.0650,extended,True,medium,medium,keep
CF:massbank_MSBNK-AAFC-AC000701_539_0609,CF,peak_mz,539.0609,MassBank record-derived,positive,Natural Product; Fungal metabolite,medium,1,observed,Aurofusarin; LC-ESI-ITFT; MS2; CE: 20; R=17500; [M+H]+,peak_mz:539.0600,extended,True,medium,medium,keep
CF:massbank_MSBNK-AAFC-AC000701_541_0401,CF,peak_mz,541.0401,MassBank record-derived,positive,Natural Product; Fungal metabolite,medium,1,observed,Aurofusarin; LC-ESI-ITFT; MS2; CE: 20; R=17500; [M+H]+,peak_mz:541.0400,extended,True,medium,medium,keep
CF:massbank_MSBNK-AAFC-AC000702_231_0288,CF,peak_mz,231.0288,MassBank record-derived,positive,Natural Product; Fungal metabolite,medium,1,observed,Aurofusarin; LC-ESI-ITFT; MS2; CE: 30; R=17500; [M+H]+,peak_mz:231.0300,extended,True,medium,medium,keep
CF:massbank_MSBNK-AAFC-AC000702_286_3101,CF,peak_mz,286.3101,MassBank record-derived,positive,Natural Product; Fungal metabolite,medium,1,observed,Aurofusarin; LC-ESI-ITFT; MS2; CE: 30; R=17500; [M+H]+,peak_mz:286.3100,extended,True,medium,medium,keep
CF:massbank_MSBNK-AAFC-AC000702_456_084,CF,peak_mz,456.084,MassBank record-derived,positive,Natural Product; Fungal metabolite,medium,1,observed,Aurofusarin; LC-ESI-ITFT; MS2; CE: 30; R=17500; [M+H]+,peak_mz:456.0850,extended,True,medium,medium,keep
CF:massbank_MSBNK-AAFC-AC000703_203_0339,CF,peak_mz,203.0339,MassBank record-derived,positive,Natural Product; Fungal metabolite,medium,1,observed,Aurofusarin; LC-ESI-ITFT; MS2; CE: 40; R=17500; [M+H]+,peak_mz:203.0350,extended,True,medium,medium,keep
CF:massbank_MSBNK-AAFC-AC000703_221_0444,CF,peak_mz,221.0444,MassBank record-derived,positive,Natural Product; Fungal metabolite,medium,1,observed,Aurofusarin; LC-ESI-ITFT; MS2; CE: 40; R=17500; [M+H]+,peak_mz:221.0450,extended,True,medium,medium,keep
CF:massbank_MSBNK-AAFC-AC000704_107_0128,CF,peak_mz,107.0128,MassBank record-derived,positive,Natural Product; Fungal metabolite,medium,1,observed,Aurofusarin; LC-ESI-ITFT; MS2; CE: 55; R=17500; [M+H]+,peak_mz:107.0150,extended,True,medium,medium,keep
CF:massbank_MSBNK-AAFC-AC000704_174_0311,CF,peak_mz,174.0311,MassBank record-derived,positive,Natural Product; Fungal metabolite,medium,1,observed,Aurofusarin; LC-ESI-ITFT; MS2; CE: 55; R=17500; [M+H]+,peak_mz:174.0300,extended,True,medium,medium,keep
CF:massbank_MSBNK-AAFC-AC000704_175_039,CF,peak_mz,175.039,MassBank record-derived,positive,Natural Product; Fungal metabolite,medium,1,observed,Aurofusarin; LC-ESI-ITFT; MS2; CE: 55; R=17500; [M+H]+,peak_mz:175.0400,extended,True,medium,medium,keep
CF:massbank_MSBNK-AAFC-AC000707_230_0574,CF,peak_mz,230.0574,MassBank record-derived,positive,Natural Product; Fungal metabolite,medium,1,observed,Rubrofusarin; LC-ESI-ITFT; MS2; CE: 40; R=17500; [M+H]+,peak_mz:230.0550,extended,True,medium,medium,keep
CF:massbank_MSBNK-AAFC-AC000708_187_039,CF,peak_mz,187.039,MassBank record-derived,positive,Natural Product; Fungal metabolite,medium,1,observed,Rubrofusarin; LC-ESI-ITFT; MS2; CE: 55; R=17500; [M+H]+,peak_mz:187.0400,extended,True,medium,medium,keep
CF:massbank_MSBNK-AAFC-AC000709_194_1176,CF,peak_mz,194.1176,MassBank record-derived,positive,Natural Product; Fungal metabolite,medium,1,observed,Aurantiamide acetate; LC-ESI-ITFT; MS2; CE: 10; R=17500; [M+H]+,peak_mz:194.1200,extended,True,medium,medium,keep
CF:massbank_MSBNK-AAFC-AC000709_224_107,CF,peak_mz,224.107,MassBank record-derived,positive,Natural Product; Fungal metabolite,medium,1,observed,Aurantiamide acetate; LC-ESI-ITFT; MS2; CE: 10; R=17500; [M+H]+,peak_mz:224.1050,extended,True,medium,medium,keep
CF:massbank_MSBNK-AAFC-AC000709_252_1019,CF,peak_mz,252.1019,MassBank record-derived,positive,Natural Product; Fungal metabolite,medium,1,observed,Aurantiamide acetate; LC-ESI-ITFT; MS2; CE: 10; R=17500; [M+H]+,peak_mz:252.1000,extended,True,medium,medium,keep
CF:massbank_MSBNK-AAFC-AC000710_117_0699,CF,peak_mz,117.0699,MassBank record-derived,positive,Natural Product; Fungal metabolite,medium,1,observed,Aurantiamide acetate; LC-ESI-ITFT; MS2; CE: 20; R=17500; [M+H]+,peak_mz:117.0700,extended,True,medium,medium,keep
CF:massbank_MSBNK-AAFC-AC000714_152_107,CF,peak_mz,152.107,MassBank record-derived,positive,Natural Product; Fungal metabolite,medium,1,observed,Aurantiamide; LC-ESI-ITFT; MS2; CE: 10; R=17500; [M+H]+,peak_mz:152.1050,extended,True,medium,medium,keep
CF:massbank_MSBNK-AAFC-AC000719_126_0311,CF,peak_mz,126.0311,MassBank record-derived,positive,Natural Product; Fungal metabolite,medium,1,observed,Gentisyl alcohol; LC-ESI-ITFT; MS2; CE: 10; R=17500; [M+H]+,peak_mz:126.0300,extended,True,medium,medium,keep
CF:massbank_MSBNK-AAFC-AC000719_141_0546,CF,peak_mz,141.0546,MassBank record-derived,positive,Natural Product; Fungal metabolite,medium,1,observed,Gentisyl alcohol; LC-ESI-ITFT; MS2; CE: 10; R=17500; [M+H]+,peak_mz:141.0550,extended,True,medium,medium,keep
CF:massbank_MSBNK-AAFC-AC000724_685_4508,CF,peak_mz,685.4508,MassBank record-derived,positive,Natural Product; Bacterial metabolite,medium,1,observed,Surfactin C; LC-ESI-ITFT; MS2; CE: 10; R=17500; [M+H]+,peak_mz:685.4500,extended,True,medium,medium,keep
CF:massbank_MSBNK-AAFC-AC000725_86_0974,CF,peak_mz,86.0974,MassBank record-derived,positive,Natural Product; Bacterial metabolite,medium,1,observed,Surfactin C; LC-ESI-ITFT; MS2; CE: 20; R=17500; [M+H]+,peak_mz:86.0950,extended,True,medium,medium,keep
CF:massbank_MSBNK-AAFC-AC000725_227_1754,CF,peak_mz,227.1754,MassBank record-derived,positive,Natural Product; Bacterial metabolite,medium,1,observed,Surfactin C; LC-ESI-ITFT; MS2; CE: 20; R=17500; [M+H]+,peak_mz:227.1750,extended,True,medium,medium,keep
CF:massbank_MSBNK-AAFC-AC000725_229_1196,CF,peak_mz,229.1196,MassBank record-derived,positive,Natural Product; Bacterial metabolite,medium,1,observed,Surfactin C; LC-ESI-ITFT; MS2; CE: 20; R=17500; [M+H]+,peak_mz:229.1200,extended,True,medium,medium,keep
CF:massbank_MSBNK-AAFC-AC000726_72_0817,CF,peak_mz,72.0817,MassBank record-derived,positive,Natural Product; Bacterial metabolite,medium,1,observed,Surfactin C; LC-ESI-ITFT; MS2; CE: 30; R=17500; [M+H]+,peak_mz:72.0800,extended,True,medium,medium,keep
CF:massbank_MSBNK-AAFC-AC000726_84_0453,CF,peak_mz,84.0453,MassBank record-derived,positive,Natural Product; Bacterial metabolite,medium,1,observed,Surfactin C; LC-ESI-ITFT; MS2; CE: 30; R=17500; [M+H]+,peak_mz:84.0450,extended,True,medium,medium,keep
CF:massbank_MSBNK-AAFC-AC000726_86_0973,CF,peak_mz,86.0973,MassBank record-derived,positive,Natural Product; Bacterial metabolite,medium,1,observed,Surfactin C; LC-ESI-ITFT; MS2; CE: 30; R=17500; [M+H]+,peak_mz:86.0950,extended,True,medium,medium,keep
CF:massbank_MSBNK-AAFC-AC000729_108_0784,CF,peak_mz,108.0784,MassBank record-derived,positive,Natural Product; Bacterial metabolite,medium,1,observed,Surfactin C; LC-ESI-ITFT; MS2; CE: 55; R=17500; [M+Na]+,peak_mz:108.0800,extended,True,medium,medium,keep
CF:massbank_MSBNK-AAFC-AC000730_156_0267,CF,peak_mz,156.0267,MassBank record-derived,positive,Natural Product; Bacterial metabolite,medium,1,observed,Surfactin C; LC-ESI-ITFT; MS2; CE: 40; R=17500; [M+Na]+,peak_mz:156.0250,extended,True,medium,medium,keep
CF:massbank_MSBNK-AAFC-AC000730_164_0682,CF,peak_mz,164.0682,MassBank record-derived,positive,Natural Product; Bacterial metabolite,medium,1,observed,Surfactin C; LC-ESI-ITFT; MS2; CE: 40; R=17500; [M+Na]+,peak_mz:164.0700,extended,True,medium,medium,keep
CF:massbank_MSBNK-AAFC-AC000730_221_1635,CF,peak_mz,221.1635,MassBank record-derived,positive,Natural Product; Bacterial metabolite,medium,1,observed,Surfactin C; LC-ESI-ITFT; MS2; CE: 40; R=17500; [M+Na]+,peak_mz:221.1650,extended,True,medium,medium,keep
CF:massbank_MSBNK-AAFC-AC000731_463_2541,CF,peak_mz,463.2541,MassBank record-derived,positive,Natural Product; Bacterial metabolite,medium,1,observed,Surfactin C; LC-ESI-ITFT; MS2; CE: 30; R=17500; [M+Na]+,peak_mz:463.2550,extended,True,medium,medium,keep
CF:massbank_MSBNK-AAFC-AC000731_594_3493,CF,peak_mz,594.3493,MassBank record-derived,positive,Natural Product; Bacterial metabolite,medium,1,observed,Surfactin C; LC-ESI-ITFT; MS2; CE: 30; R=17500; [M+Na]+,peak_mz:594.3500,extended,True,medium,medium,keep
CF:massbank_MSBNK-AAFC-AC000734_229_1183,CF,peak_mz,229.1183,MassBank record-derived,positive,Natural Product; Bacterial metabolite,medium,1,observed,Surfactin B; LC-ESI-ITFT; MS2; CE: 20; R=17500; [M+H]+,peak_mz:229.1200,extended,True,medium,medium,keep
CF:massbank_MSBNK-AAFC-AC000736_84_0444,CF,peak_mz,84.0444,MassBank record-derived,positive,Natural Product; Bacterial metabolite,medium,1,observed,Surfactin B; LC-ESI-ITFT; MS2; CE: 40; R=17500; [M+H]+,peak_mz:84.0450,extended,True,medium,medium,keep
CF:massbank_MSBNK-AAFC-AC000738_152_0318,CF,peak_mz,152.0318,MassBank record-derived,positive,Natural Product; Bacterial metabolite,medium,1,observed,Surfactin B; LC-ESI-ITFT; MS2; CE: 55; R=17500; [M+Na]+,peak_mz:152.0300,extended,True,medium,medium,keep
CF:massbank_MSBNK-AAFC-AC000739_267_169,CF,peak_mz,267.169,MassBank record-derived,positive,Natural Product; Bacterial metabolite,medium,1,observed,Surfactin B; LC-ESI-ITFT; MS2; CE: 40; R=17500; [M+Na]+,peak_mz:267.1700,extended,True,medium,medium,keep
CF:massbank_MSBNK-AAFC-AC000739_320_2319,CF,peak_mz,320.2319,MassBank record-derived,positive,Natural Product; Bacterial metabolite,medium,1,observed,Surfactin B; LC-ESI-ITFT; MS2; CE: 40; R=17500; [M+Na]+,peak_mz:320.2300,extended,True,medium,medium,keep
CF:massbank_MSBNK-AAFC-AC000739_347_2428,CF,peak_mz,347.2428,MassBank record-derived,positive,Natural Product; Bacterial metabolite,medium,1,observed,Surfactin B; LC-ESI-ITFT; MS2; CE: 40; R=17500; [M+Na]+,peak_mz:347.2450,extended,True,medium,medium,keep
CF:massbank_MSBNK-AAFC-AC000740_594_3487,CF,peak_mz,594.3487,MassBank record-derived,positive,Natural Product; Bacterial metabolite,medium,1,observed,Surfactin B; LC-ESI-ITFT; MS2; CE: 30; R=17500; [M+Na]+,peak_mz:594.3500,extended,True,medium,medium,keep
CF:massbank_MSBNK-AAFC-AC000742_417_1795,CF,peak_mz,417.1795,MassBank record-derived,positive,Natural Product; Fungal metabolite,medium,1,observed,Oxaline; LC-ESI-ITFT; MS2; CE: 10; R=17500; [M+H]+,peak_mz:417.1800,extended,True,medium,medium,keep
CF:massbank_MSBNK-AAFC-AC000742_448_1979,CF,peak_mz,448.1979,MassBank record-derived,positive,Natural Product; Fungal metabolite,medium,1,observed,Oxaline; LC-ESI-ITFT; MS2; CE: 10; R=17500; [M+H]+,peak_mz:448.2000,extended,True,medium,medium,keep
CF:massbank_MSBNK-AAFC-AC000743_332_0904,CF,peak_mz,332.0904,MassBank record-derived,positive,Natural Product; Fungal metabolite,medium,1,observed,Oxaline; LC-ESI-ITFT; MS2; CE: 20; R=17500; [M+H]+,peak_mz:332.0900,extended,True,medium,medium,keep
CF:massbank_MSBNK-AAFC-AC000743_348_1091,CF,peak_mz,348.1091,MassBank record-derived,positive,Natural Product; Fungal metabolite,medium,1,observed,Oxaline; LC-ESI-ITFT; MS2; CE: 20; R=17500; [M+H]+,peak_mz:348.1100,extended,True,medium,medium,keep
CF:massbank_MSBNK-AAFC-AC000743_349_1169,CF,peak_mz,349.1169,MassBank record-derived,positive,Natural Product; Fungal metabolite,medium,1,observed,Oxaline; LC-ESI-ITFT; MS2; CE: 20; R=17500; [M+H]+,peak_mz:349.1150,extended,True,medium,medium,keep
CF:massbank_MSBNK-AAFC-AC000744_204_0516,CF,peak_mz,204.0516,MassBank record-derived,positive,Natural Product; Fungal metabolite,medium,1,observed,Oxaline; LC-ESI-ITFT; MS2; CE: 30; R=17500; [M+H]+,peak_mz:204.0500,extended,True,medium,medium,keep
CF:massbank_MSBNK-AAFC-AC000744_256_1319,CF,peak_mz,256.1319,MassBank record-derived,positive,Natural Product; Fungal metabolite,medium,1,observed,Oxaline; LC-ESI-ITFT; MS2; CE: 30; R=17500; [M+H]+,peak_mz:256.1300,extended,True,medium,medium,keep
CF:massbank_MSBNK-AAFC-AC000744_277_1084,CF,peak_mz,277.1084,MassBank record-derived,positive,Natural Product; Fungal metabolite,medium,1,observed,Oxaline; LC-ESI-ITFT; MS2; CE: 30; R=17500; [M+H]+,peak_mz:277.1100,extended,True,medium,medium,keep
CF:massbank_MSBNK-AAFC-AC000745_111_0553,CF,peak_mz,111.0553,MassBank record-derived,positive,Natural Product; Fungal metabolite,medium,1,observed,Oxaline; LC-ESI-ITFT; MS2; CE: 40; R=17500; [M+H]+,peak_mz:111.0550,extended,True,medium,medium,keep
CF:massbank_MSBNK-AAFC-AC000745_119_024,CF,peak_mz,119.024,MassBank record-derived,positive,Natural Product; Fungal metabolite,medium,1,observed,Oxaline; LC-ESI-ITFT; MS2; CE: 40; R=17500; [M+H]+,peak_mz:119.0250,extended,True,medium,medium,keep
CF:massbank_MSBNK-AAFC-AC000746_93_0447,CF,peak_mz,93.0447,MassBank record-derived,positive,Natural Product; Fungal metabolite,medium,1,observed,Oxaline; LC-ESI-ITFT; MS2; CE: 55; R=17500; [M+H]+,peak_mz:93.0450,extended,True,medium,medium,keep
CF:massbank_MSBNK-AAFC-AC000747_153_0369,CF,peak_mz,153.0369,MassBank record-derived,positive,Natural Product; Fungal metabolite,medium,1,observed,Fusaperazine E; LC-ESI-ITFT; MS2; CE: 10; R=17500; [M+H]+,peak_mz:153.0350,extended,True,medium,medium,keep
CF:massbank_MSBNK-AAFC-AC000747_187_0536,CF,peak_mz,187.0536,MassBank record-derived,positive,Natural Product; Fungal metabolite,medium,1,observed,Fusaperazine E; LC-ESI-ITFT; MS2; CE: 10; R=17500; [M+H]+,peak_mz:187.0550,extended,True,medium,medium,keep
CF:massbank_MSBNK-AAFC-AC000748_141_0658,CF,peak_mz,141.0658,MassBank record-derived,positive,Natural Product; Fungal metabolite,medium,1,observed,Fusaperazine E; LC-ESI-ITFT; MS2; CE: 20; R=17500; [M+H]+,peak_mz:141.0650,extended,True,medium,medium,keep
CF:massbank_MSBNK-AAFC-AC000750_112_0631,CF,peak_mz,112.0631,MassBank record-derived,positive,Natural Product; Fungal metabolite,medium,1,observed,Fusaperazine E; LC-ESI-ITFT; MS2; CE: 40; R=17500; [M+H]+,peak_mz:112.0650,extended,True,medium,medium,keep
CF:massbank_MSBNK-AAFC-AC000751_61_0113,CF,peak_mz,61.0113,MassBank record-derived,positive,Natural Product; Fungal metabolite,medium,1,observed,Fusaperazine E; LC-ESI-ITFT; MS2; CE: 55; R=17500; [M+H]+,peak_mz:61.0100,extended,True,medium,medium,keep
CF:massbank_MSBNK-AAFC-AC000751_90_0372,CF,peak_mz,90.0372,MassBank record-derived,positive,Natural Product; Fungal metabolite,medium,1,observed,Fusaperazine E; LC-ESI-ITFT; MS2; CE: 55; R=17500; [M+H]+,peak_mz:90.0350,extended,True,medium,medium,keep
CF:massbank_MSBNK-AAFC-AC000752_198_0913,CF,peak_mz,198.0913,MassBank record-derived,positive,Natural Product; Fungal metabolite,medium,1,observed,Verruculogen; LC-ESI-ITFT; MS2; CE: 10; R=17500; [M+H]+,peak_mz:198.0900,extended,True,medium,medium,keep
CF:massbank_MSBNK-AAFC-AC000752_230_1176,CF,peak_mz,230.1176,MassBank record-derived,positive,Natural Product; Fungal metabolite,medium,1,observed,Verruculogen; LC-ESI-ITFT; MS2; CE: 10; R=17500; [M+H]+,peak_mz:230.1200,extended,True,medium,medium,keep
CF:massbank_MSBNK-AAFC-AC000752_240_1019,CF,peak_mz,240.1019,MassBank record-derived,positive,Natural Product; Fungal metabolite,medium,1,observed,Verruculogen; LC-ESI-ITFT; MS2; CE: 10; R=17500; [M+H]+,peak_mz:240.1000,extended,True,medium,medium,keep
CF:massbank_MSBNK-AAFC-AC000753_153_0658,CF,peak_mz,153.0658,MassBank record-derived,positive,Natural Product; Fungal metabolite,medium,1,observed,Verruculogen; LC-ESI-ITFT; MS2; CE: 20; R=17500; [M+H]+,peak_mz:153.0650,extended,True,medium,medium,keep
CF:massbank_MSBNK-AAFC-AC000753_169_0608,CF,peak_mz,169.0608,MassBank record-derived,positive,Natural Product; Fungal metabolite,medium,1,observed,Verruculogen; LC-ESI-ITFT; MS2; CE: 20; R=17500; [M+H]+,peak_mz:169.0600,extended,True,medium,medium,keep
CF:massbank_MSBNK-AAFC-AC000754_125_0709,CF,peak_mz,125.0709,MassBank record-derived,positive,Natural Product; Fungal metabolite,medium,1,observed,Verruculogen; LC-ESI-ITFT; MS2; CE: 30; R=17500; [M+H]+,peak_mz:125.0700,extended,True,medium,medium,keep
CF:massbank_MSBNK-AAFC-AC000757_285_1234,CF,peak_mz,285.1234,MassBank record-derived,positive,Natural Product; Fungal metabolite,medium,1,observed,Fusaperazine A; LC-ESI-ITFT; MS2; CE: 10; R=17500; [M+H]+,peak_mz:285.1250,extended,True,medium,medium,keep
CF:massbank_MSBNK-AAFC-AC000757_295_1073,CF,peak_mz,295.1073,MassBank record-derived,positive,Natural Product; Fungal metabolite,medium,1,observed,Fusaperazine A; LC-ESI-ITFT; MS2; CE: 10; R=17500; [M+H]+,peak_mz:295.1050,extended,True,medium,medium,keep
CF:massbank_MSBNK-AAFC-AC000757_303_1336,CF,peak_mz,303.1336,MassBank record-derived,positive,Natural Product; Fungal metabolite,medium,1,observed,Fusaperazine A; LC-ESI-ITFT; MS2; CE: 10; R=17500; [M+H]+,peak_mz:303.1350,extended,True,medium,medium,keep
CF:massbank_MSBNK-AAFC-AC000758_199_0866,CF,peak_mz,199.0866,MassBank record-derived,positive,Natural Product; Fungal metabolite,medium,1,observed,Fusaperazine A; LC-ESI-ITFT; MS2; CE: 20; R=17500; [M+H]+,peak_mz:199.0850,extended,True,medium,medium,keep
CF:massbank_MSBNK-AAFC-AC000758_227_0815,CF,peak_mz,227.0815,MassBank record-derived,positive,Natural Product; Fungal metabolite,medium,1,observed,Fusaperazine A; LC-ESI-ITFT; MS2; CE: 20; R=17500; [M+H]+,peak_mz:227.0800,extended,True,medium,medium,keep
CF:massbank_MSBNK-AAFC-AC000758_267_1125,CF,peak_mz,267.1125,MassBank record-derived,positive,Natural Product; Fungal metabolite,medium,1,observed,Fusaperazine A; LC-ESI-ITFT; MS2; CE: 20; R=17500; [M+H]+,peak_mz:267.1100,extended,True,medium,medium,keep
CF:massbank_MSBNK-AAFC-AC000759_172_0757,CF,peak_mz,172.0757,MassBank record-derived,positive,Natural Product; Fungal metabolite,medium,1,observed,Fusaperazine A; LC-ESI-ITFT; MS2; CE: 30; R=17500; [M+H]+,peak_mz:172.0750,extended,True,medium,medium,keep
CF:massbank_MSBNK-AAFC-AC000759_217_0972,CF,peak_mz,217.0972,MassBank record-derived,positive,Natural Product; Fungal metabolite,medium,1,observed,Fusaperazine A; LC-ESI-ITFT; MS2; CE: 30; R=17500; [M+H]+,peak_mz:217.0950,extended,True,medium,medium,keep
CF:massbank_MSBNK-AAFC-AC000760_59_0499,CF,peak_mz,59.0499,MassBank record-derived,positive,Natural Product; Fungal metabolite,medium,1,observed,Fusaperazine A; LC-ESI-ITFT; MS2; CE: 40; R=17500; [M+H]+,peak_mz:59.0500,extended,True,medium,medium,keep
CF:massbank_MSBNK-AAFC-AC000760_184_0631,CF,peak_mz,184.0631,MassBank record-derived,positive,Natural Product; Fungal metabolite,medium,1,observed,Fusaperazine A; LC-ESI-ITFT; MS2; CE: 40; R=17500; [M+H]+,peak_mz:184.0650,extended,True,medium,medium,keep
CF:massbank_MSBNK-AAFC-AC000761_59_05,CF,peak_mz,59.05,MassBank record-derived,positive,Natural Product; Fungal metabolite,medium,1,observed,Fusaperazine A; LC-ESI-ITFT; MS2; CE: 55; R=17500; [M+H]+,peak_mz:59.0500,extended,True,medium,medium,keep
CF:massbank_MSBNK-AAFC-AC000761_156_0682,CF,peak_mz,156.0682,MassBank record-derived,positive,Natural Product; Fungal metabolite,medium,1,observed,Fusaperazine A; LC-ESI-ITFT; MS2; CE: 55; R=17500; [M+H]+,peak_mz:156.0700,extended,True,medium,medium,keep
CF:massbank_MSBNK-AAFC-AC000762_502_1871,CF,peak_mz,502.1871,MassBank record-derived,negative,Natural Product; Fungal metabolite,medium,1,observed,Viridicatumtoxin; LC-ESI-ITFT; MS2; CE: 10; R=17500; [M-H]-,peak_mz:502.1850,extended,True,medium,medium,keep
CF:massbank_MSBNK-AAFC-AC000762_520_1959,CF,peak_mz,520.1959,MassBank record-derived,negative,Natural Product; Fungal metabolite,medium,1,observed,Viridicatumtoxin; LC-ESI-ITFT; MS2; CE: 10; R=17500; [M-H]-,peak_mz:520.1950,extended,True,medium,medium,keep
CF:massbank_MSBNK-AAFC-AC000762_546_1769,CF,peak_mz,546.1769,MassBank record-derived,negative,Natural Product; Fungal metabolite,medium,1,observed,Viridicatumtoxin; LC-ESI-ITFT; MS2; CE: 10; R=17500; [M-H]-,peak_mz:546.1750,extended,True,medium,medium,keep
CF:massbank_MSBNK-AAFC-AC000763_184_0251,CF,peak_mz,184.0251,MassBank record-derived,negative,Natural Product; Fungal metabolite,medium,1,observed,Viridicatumtoxin; LC-ESI-ITFT; MS2; CE: 20; R=17500; [M-H]-,peak_mz:184.0250,extended,True,medium,medium,keep
CF:massbank_MSBNK-AAFC-AC000763_379_1551,CF,peak_mz,379.1551,MassBank record-derived,negative,Natural Product; Fungal metabolite,medium,1,observed,Viridicatumtoxin; LC-ESI-ITFT; MS2; CE: 20; R=17500; [M-H]-,peak_mz:379.1550,extended,True,medium,medium,keep
CF:massbank_MSBNK-AAFC-AC000763_405_1261,CF,peak_mz,405.1261,MassBank record-derived,negative,Natural Product; Fungal metabolite,medium,1,observed,Viridicatumtoxin; LC-ESI-ITFT; MS2; CE: 20; R=17500; [M-H]-,peak_mz:405.1250,extended,True,medium,medium,keep
CF:massbank_MSBNK-AAFC-AC000764_114_018,CF,peak_mz,114.018,MassBank record-derived,negative,Natural Product; Fungal metabolite,medium,1,observed,Viridicatumtoxin; LC-ESI-ITFT; MS2; CE: 30; R=17500; [M-H]-,peak_mz:114.0200,extended,True,medium,medium,keep
CF:massbank_MSBNK-AAFC-AC000764_166_9986,CF,peak_mz,166.9986,MassBank record-derived,negative,Natural Product; Fungal metabolite,medium,1,observed,Viridicatumtoxin; LC-ESI-ITFT; MS2; CE: 30; R=17500; [M-H]-,peak_mz:167.0000,extended,True,medium,medium,keep
CF:massbank_MSBNK-AAFC-AC000764_184_0224,CF,peak_mz,184.0224,MassBank record-derived,negative,Natural Product; Fungal metabolite,medium,1,observed,Viridicatumtoxin; LC-ESI-ITFT; MS2; CE: 30; R=17500; [M-H]-,peak_mz:184.0200,extended,True,medium,medium,keep
CF:massbank_MSBNK-AAFC-AC000765_99_0071,CF,peak_mz,99.0071,MassBank record-derived,negative,Natural Product; Fungal metabolite,medium,1,observed,Viridicatumtoxin; LC-ESI-ITFT; MS2; CE: 40; R=17500; [M-H]-,peak_mz:99.0050,extended,True,medium,medium,keep
CF:massbank_MSBNK-AAFC-AC000765_114_0182,CF,peak_mz,114.0182,MassBank record-derived,negative,Natural Product; Fungal metabolite,medium,1,observed,Viridicatumtoxin; LC-ESI-ITFT; MS2; CE: 40; R=17500; [M-H]-,peak_mz:114.0200,extended,True,medium,medium,keep
CF:massbank_MSBNK-AAFC-AC000765_123_0069,CF,peak_mz,123.0069,MassBank record-derived,negative,Natural Product; Fungal metabolite,medium,1,observed,Viridicatumtoxin; LC-ESI-ITFT; MS2; CE: 40; R=17500; [M-H]-,peak_mz:123.0050,extended,True,medium,medium,keep
CF:massbank_MSBNK-AAFC-AC000766_68_9965,CF,peak_mz,68.9965,MassBank record-derived,negative,Natural Product; Fungal metabolite,medium,1,observed,Viridicatumtoxin; LC-ESI-ITFT; MS2; CE: 55; R=17500; [M-H]-,peak_mz:68.9950,extended,True,medium,medium,keep
CF:massbank_MSBNK-AAFC-AC000766_95_0123,CF,peak_mz,95.0123,MassBank record-derived,negative,Natural Product; Fungal metabolite,medium,1,observed,Viridicatumtoxin; LC-ESI-ITFT; MS2; CE: 55; R=17500; [M-H]-,peak_mz:95.0100,extended,True,medium,medium,keep
CF:massbank_MSBNK-AAFC-AC000766_99_0069,CF,peak_mz,99.0069,MassBank record-derived,negative,Natural Product; Fungal metabolite,medium,1,observed,Viridicatumtoxin; LC-ESI-ITFT; MS2; CE: 55; R=17500; [M-H]-,peak_mz:99.0050,extended,True,medium,medium,keep
CF:massbank_MSBNK-AAFC-AC000767_155_0703,CF,peak_mz,155.0703,MassBank record-derived,positive,Natural Product; Fungal metabolite,medium,1,observed,Decarestrictine F; LC-ESI-ITFT; MS2; CE: 10; R=17500; [M+H]+,peak_mz:155.0700,extended,True,medium,medium,keep
CF:massbank_MSBNK-AAFC-AC000770_81_0335,CF,peak_mz,81.0335,MassBank record-derived,positive,Natural Product; Fungal metabolite,medium,1,observed,Decarestrictine F; LC-ESI-ITFT; MS2; CE: 40; R=17500; [M+H]+,peak_mz:81.0350,extended,True,medium,medium,keep
CF:massbank_MSBNK-AAFC-AC000775_69_0455,CF,peak_mz,69.0455,MassBank record-derived,positive,Natural Product; Fungal metabolite,medium,1,observed,Dehydrohistidyl-tryptophanyl-diketopiperazine; LC-ESI-ITFT; MS2; CE: 55; R=17500; [M+H]+,peak_mz:69.0450,extended,True,medium,medium,keep
CF:massbank_MSBNK-AAFC-AC000775_82_0525,CF,peak_mz,82.0525,MassBank record-derived,positive,Natural Product; Fungal metabolite,medium,1,observed,Dehydrohistidyl-tryptophanyl-diketopiperazine; LC-ESI-ITFT; MS2; CE: 55; R=17500; [M+H]+,peak_mz:82.0500,extended,True,medium,medium,keep
CF:massbank_MSBNK-AAFC-AC000776_335_1026,CF,peak_mz,335.1026,MassBank record-derived,positive,Natural Product; Fungal metabolite,medium,1,observed,Glandicoline B; LC-ESI-ITFT; MS2; CE: 10; R=17500; [M+H]+,peak_mz:335.1050,extended,True,medium,medium,keep
CF:massbank_MSBNK-AAFC-AC000777_261_0771,CF,peak_mz,261.0771,MassBank record-derived,positive,Natural Product; Fungal metabolite,medium,1,observed,Glandicoline B; LC-ESI-ITFT; MS2; CE: 20; R=17500; [M+H]+,peak_mz:261.0750,extended,True,medium,medium,keep
CF:massbank_MSBNK-AAFC-AC000777_306_0985,CF,peak_mz,306.0985,MassBank record-derived,positive,Natural Product; Fungal metabolite,medium,1,observed,Glandicoline B; LC-ESI-ITFT; MS2; CE: 20; R=17500; [M+H]+,peak_mz:306.1000,extended,True,medium,medium,keep
CF:massbank_MSBNK-AAFC-AC000778_234_09,CF,peak_mz,234.09,MassBank record-derived,positive,Natural Product; Fungal metabolite,medium,1,observed,Glandicoline B; LC-ESI-ITFT; MS2; CE: 30; R=17500; [M+H]+,peak_mz:234.0900,extended,True,medium,medium,keep
CF:massbank_MSBNK-AAFC-AC000778_262_0849,CF,peak_mz,262.0849,MassBank record-derived,positive,Natural Product; Fungal metabolite,medium,1,observed,Glandicoline B; LC-ESI-ITFT; MS2; CE: 30; R=17500; [M+H]+,peak_mz:262.0850,extended,True,medium,medium,keep
CF:massbank_MSBNK-AAFC-AC000779_233_0822,CF,peak_mz,233.0822,MassBank record-derived,positive,Natural Product; Fungal metabolite,medium,1,observed,Glandicoline B; LC-ESI-ITFT; MS2; CE: 40; R=17500; [M+H]+,peak_mz:233.0800,extended,True,medium,medium,keep
CF:massbank_MSBNK-AAFC-AC000779_234_0662,CF,peak_mz,234.0662,MassBank record-derived,positive,Natural Product; Fungal metabolite,medium,1,observed,Glandicoline B; LC-ESI-ITFT; MS2; CE: 40; R=17500; [M+H]+,peak_mz:234.0650,extended,True,medium,medium,keep
CF:massbank_MSBNK-AAFC-AC000780_106_04,CF,peak_mz,106.04,MassBank record-derived,positive,Natural Product; Fungal metabolite,medium,1,observed,Glandicoline B; LC-ESI-ITFT; MS2; CE: 55; R=17500; [M+H]+,peak_mz:106.0400,extended,True,medium,medium,keep
CF:massbank_MSBNK-AAFC-AC000781_338_1248,CF,peak_mz,338.1248,MassBank record-derived,positive,Natural Product; Fungal metabolite,medium,1,observed,Hydroxy-roquefortine C; LC-ESI-ITFT; MS2; CE: 10; R=17500; [M+H]+,peak_mz:338.1250,extended,True,medium,medium,keep
CF:massbank_MSBNK-AAFC-AC000781_388_1809,CF,peak_mz,388.1809,MassBank record-derived,positive,Natural Product; Fungal metabolite,medium,1,observed,Hydroxy-roquefortine C; LC-ESI-ITFT; MS2; CE: 10; R=17500; [M+H]+,peak_mz:388.1800,extended,True,medium,medium,keep
CF:massbank_MSBNK-AAFC-AC000781_406_1874,CF,peak_mz,406.1874,MassBank record-derived,positive,Natural Product; Fungal metabolite,medium,1,observed,Hydroxy-roquefortine C; LC-ESI-ITFT; MS2; CE: 10; R=17500; [M+H]+,peak_mz:406.1850,extended,True,medium,medium,keep
CF:massbank_MSBNK-AAFC-AC000782_184_1121,CF,peak_mz,184.1121,MassBank record-derived,positive,Natural Product; Fungal metabolite,medium,1,observed,Hydroxy-roquefortine C; LC-ESI-ITFT; MS2; CE: 20; R=17500; [M+H]+,peak_mz:184.1100,extended,True,medium,medium,keep
CF:massbank_MSBNK-AAFC-AC000782_193_0733,CF,peak_mz,193.0733,MassBank record-derived,positive,Natural Product; Fungal metabolite,medium,1,observed,Hydroxy-roquefortine C; LC-ESI-ITFT; MS2; CE: 20; R=17500; [M+H]+,peak_mz:193.0750,extended,True,medium,medium,keep
CF:massbank_MSBNK-AAFC-AC000782_320_1155,CF,peak_mz,320.1155,MassBank record-derived,positive,Natural Product; Fungal metabolite,medium,1,observed,Hydroxy-roquefortine C; LC-ESI-ITFT; MS2; CE: 20; R=17500; [M+H]+,peak_mz:320.1150,extended,True,medium,medium,keep
CF:massbank_MSBNK-AAFC-AC000783_63_2016,CF,peak_mz,63.2016,MassBank record-derived,positive,Natural Product; Fungal metabolite,medium,1,observed,Hydroxy-roquefortine C; LC-ESI-ITFT; MS2; CE: 30; R=17500; [M+H]+,peak_mz:63.2000,extended,True,medium,medium,keep
CF:massbank_MSBNK-AAFC-AC000783_75_7923,CF,peak_mz,75.7923,MassBank record-derived,positive,Natural Product; Fungal metabolite,medium,1,observed,Hydroxy-roquefortine C; LC-ESI-ITFT; MS2; CE: 30; R=17500; [M+H]+,peak_mz:75.7900,extended,True,medium,medium,keep
CF:massbank_MSBNK-AAFC-AC000784_58_5778,CF,peak_mz,58.5778,MassBank record-derived,positive,Natural Product; Fungal metabolite,medium,1,observed,Hydroxy-roquefortine C; LC-ESI-ITFT; MS2; CE: 40; R=17500; [M+H]+,peak_mz:58.5800,extended,True,medium,medium,keep
CF:massbank_MSBNK-AAFC-AC000784_69_0707,CF,peak_mz,69.0707,MassBank record-derived,positive,Natural Product; Fungal metabolite,medium,1,observed,Hydroxy-roquefortine C; LC-ESI-ITFT; MS2; CE: 40; R=17500; [M+H]+,peak_mz:69.0700,extended,True,medium,medium,keep
CF:massbank_MSBNK-AAFC-AC000784_79_4259,CF,peak_mz,79.4259,MassBank record-derived,positive,Natural Product; Fungal metabolite,medium,1,observed,Hydroxy-roquefortine C; LC-ESI-ITFT; MS2; CE: 40; R=17500; [M+H]+,peak_mz:79.4250,extended,True,medium,medium,keep
CF:massbank_MSBNK-AAFC-AC000785_55_3234,CF,peak_mz,55.3234,MassBank record-derived,positive,Natural Product; Fungal metabolite,medium,1,observed,Hydroxy-roquefortine C; LC-ESI-ITFT; MS2; CE: 55; R=17500; [M+H]+,peak_mz:55.3250,extended,True,medium,medium,keep
CF:massbank_MSBNK-AAFC-AC000785_66_6755,CF,peak_mz,66.6755,MassBank record-derived,positive,Natural Product; Fungal metabolite,medium,1,observed,Hydroxy-roquefortine C; LC-ESI-ITFT; MS2; CE: 55; R=17500; [M+H]+,peak_mz:66.6750,extended,True,medium,medium,keep
CF:massbank_MSBNK-AAFC-AC000785_69_0456,CF,peak_mz,69.0456,MassBank record-derived,positive,Natural Product; Fungal metabolite,medium,1,observed,Hydroxy-roquefortine C; LC-ESI-ITFT; MS2; CE: 55; R=17500; [M+H]+,peak_mz:69.0450,extended,True,medium,medium,keep
CF:massbank_MSBNK-AAFC-AC000786_404_1659,CF,peak_mz,404.1659,MassBank record-derived,positive,Natural Product; Fungal metabolite,medium,1,observed,Neoxaline; LC-ESI-ITFT; MS2; CE: 10; R=17500; [M+H]+,peak_mz:404.1650,extended,True,medium,medium,keep
CF:massbank_MSBNK-AAFC-AC000786_405_1683,CF,peak_mz,405.1683,MassBank record-derived,positive,Natural Product; Fungal metabolite,medium,1,observed,Neoxaline; LC-ESI-ITFT; MS2; CE: 10; R=17500; [M+H]+,peak_mz:405.1700,extended,True,medium,medium,keep
CF:massbank_MSBNK-AAFC-AC000787_335_0941,CF,peak_mz,335.0941,MassBank record-derived,positive,Natural Product; Fungal metabolite,medium,1,observed,Neoxaline; LC-ESI-ITFT; MS2; CE: 20; R=17500; [M+H]+,peak_mz:335.0950,extended,True,medium,medium,keep
CF:massbank_MSBNK-AAFC-AC000787_336_1006,CF,peak_mz,336.1006,MassBank record-derived,positive,Natural Product; Fungal metabolite,medium,1,observed,Neoxaline; LC-ESI-ITFT; MS2; CE: 20; R=17500; [M+H]+,peak_mz:336.1000,extended,True,medium,medium,keep
CF:massbank_MSBNK-AAFC-AC000787_337_1084,CF,peak_mz,337.1084,MassBank record-derived,positive,Natural Product; Fungal metabolite,medium,1,observed,Neoxaline; LC-ESI-ITFT; MS2; CE: 20; R=17500; [M+H]+,peak_mz:337.1100,extended,True,medium,medium,keep
CF:massbank_MSBNK-AAFC-AC000788_166_0975,CF,peak_mz,166.0975,MassBank record-derived,positive,Natural Product; Fungal metabolite,medium,1,observed,Neoxaline; LC-ESI-ITFT; MS2; CE: 30; R=17500; [M+H]+,peak_mz:166.1000,extended,True,medium,medium,keep
CF:massbank_MSBNK-AAFC-AC000788_204_0853,CF,peak_mz,204.0853,MassBank record-derived,positive,Natural Product; Fungal metabolite,medium,1,observed,Neoxaline; LC-ESI-ITFT; MS2; CE: 30; R=17500; [M+H]+,peak_mz:204.0850,extended,True,medium,medium,keep
CF:massbank_MSBNK-AAFC-AC000789_108_057,CF,peak_mz,108.057,MassBank record-derived,positive,Natural Product; Fungal metabolite,medium,1,observed,Neoxaline; LC-ESI-ITFT; MS2; CE: 40; R=17500; [M+H]+,peak_mz:108.0550,extended,True,medium,medium,keep
CF:massbank_MSBNK-AAFC-AC000789_162_0311,CF,peak_mz,162.0311,MassBank record-derived,positive,Natural Product; Fungal metabolite,medium,1,observed,Neoxaline; LC-ESI-ITFT; MS2; CE: 40; R=17500; [M+H]+,peak_mz:162.0300,extended,True,medium,medium,keep
CF:massbank_MSBNK-AAFC-AC000791_50_0685,CF,peak_mz,50.0685,MassBank record-derived,positive,Natural Product; Fungal metabolite,medium,1,observed,Ochratoxin B; LC-ESI-ITFT; MS2; CE: 10; R=17500; [M+H]+,peak_mz:50.0700,extended,True,medium,medium,keep
CF:massbank_MSBNK-AAFC-AC000791_55_4764,CF,peak_mz,55.4764,MassBank record-derived,positive,Natural Product; Fungal metabolite,medium,1,observed,Ochratoxin B; LC-ESI-ITFT; MS2; CE: 10; R=17500; [M+H]+,peak_mz:55.4750,extended,True,medium,medium,keep
CF:massbank_MSBNK-AAFC-AC000791_56_1739,CF,peak_mz,56.1739,MassBank record-derived,positive,Natural Product; Fungal metabolite,medium,1,observed,Ochratoxin B; LC-ESI-ITFT; MS2; CE: 10; R=17500; [M+H]+,peak_mz:56.1750,extended,True,medium,medium,keep
CF:massbank_MSBNK-AAFC-AC000792_51_8094,CF,peak_mz,51.8094,MassBank record-derived,positive,Natural Product; Fungal metabolite,medium,1,observed,Ochratoxin B; LC-ESI-ITFT; MS2; CE: 20; R=17500; [M+H]+,peak_mz:51.8100,extended,True,medium,medium,keep
CF:massbank_MSBNK-AAFC-AC000792_75_5812,CF,peak_mz,75.5812,MassBank record-derived,positive,Natural Product; Fungal metabolite,medium,1,observed,Ochratoxin B; LC-ESI-ITFT; MS2; CE: 20; R=17500; [M+H]+,peak_mz:75.5800,extended,True,medium,medium,keep
CF:massbank_MSBNK-AAFC-AC000793_55_845,CF,peak_mz,55.845,MassBank record-derived,positive,Natural Product; Fungal metabolite,medium,1,observed,Ochratoxin B; LC-ESI-ITFT; MS2; CE: 30; R=17500; [M+H]+,peak_mz:55.8450,extended,True,medium,medium,keep
CF:massbank_MSBNK-AAFC-AC000793_75_0266,CF,peak_mz,75.0266,MassBank record-derived,positive,Natural Product; Fungal metabolite,medium,1,observed,Ochratoxin B; LC-ESI-ITFT; MS2; CE: 30; R=17500; [M+H]+,peak_mz:75.0250,extended,True,medium,medium,keep
CF:massbank_MSBNK-AAFC-AC000793_82_7977,CF,peak_mz,82.7977,MassBank record-derived,positive,Natural Product; Fungal metabolite,medium,1,observed,Ochratoxin B; LC-ESI-ITFT; MS2; CE: 30; R=17500; [M+H]+,peak_mz:82.8000,extended,True,medium,medium,keep
CF:massbank_MSBNK-AAFC-AC000794_59_5561,CF,peak_mz,59.5561,MassBank record-derived,positive,Natural Product; Fungal metabolite,medium,1,observed,Ochratoxin B; LC-ESI-ITFT; MS2; CE: 40; R=17500; [M+H]+,peak_mz:59.5550,extended,True,medium,medium,keep
CF:massbank_MSBNK-AAFC-AC000794_62_6089,CF,peak_mz,62.6089,MassBank record-derived,positive,Natural Product; Fungal metabolite,medium,1,observed,Ochratoxin B; LC-ESI-ITFT; MS2; CE: 40; R=17500; [M+H]+,peak_mz:62.6100,extended,True,medium,medium,keep
CF:massbank_MSBNK-AAFC-AC000794_63_1393,CF,peak_mz,63.1393,MassBank record-derived,positive,Natural Product; Fungal metabolite,medium,1,observed,Ochratoxin B; LC-ESI-ITFT; MS2; CE: 40; R=17500; [M+H]+,peak_mz:63.1400,extended,True,medium,medium,keep
CF:massbank_MSBNK-AAFC-AC000795_57_8862,CF,peak_mz,57.8862,MassBank record-derived,positive,Natural Product; Fungal metabolite,medium,1,observed,Ochratoxin B; LC-ESI-ITFT; MS2; CE: 55; R=17500; [M+H]+,peak_mz:57.8850,extended,True,medium,medium,keep
CF:massbank_MSBNK-AAFC-AC000796_370_1649,CF,peak_mz,370.1649,MassBank record-derived,positive,Natural Product; Fungal metabolite,medium,1,observed,Ochratoxin B ethyl ester; LC-ESI-ITFT; MS2; CE: 10; R=17500; [M+H]+,peak_mz:370.1650,extended,True,medium,medium,keep
CF:massbank_MSBNK-AAFC-AC000796_398_1598,CF,peak_mz,398.1598,MassBank record-derived,positive,Natural Product; Fungal metabolite,medium,1,observed,Ochratoxin B ethyl ester; LC-ESI-ITFT; MS2; CE: 10; R=17500; [M+H]+,peak_mz:398.1600,extended,True,medium,medium,keep
CF:massbank_MSBNK-AAFC-AC000797_380_1492,CF,peak_mz,380.1492,MassBank record-derived,positive,Natural Product; Fungal metabolite,medium,1,observed,Ochratoxin B ethyl ester; LC-ESI-ITFT; MS2; CE: 20; R=17500; [M+H]+,peak_mz:380.1500,extended,True,medium,medium,keep
CF:massbank_MSBNK-AAFC-AC000798_324_1594,CF,peak_mz,324.1594,MassBank record-derived,positive,Natural Product; Fungal metabolite,medium,1,observed,Ochratoxin B ethyl ester; LC-ESI-ITFT; MS2; CE: 30; R=17500; [M+H]+,peak_mz:324.1600,extended,True,medium,medium,keep
CF:massbank_MSBNK-AAFC-AC000799_51_5099,CF,peak_mz,51.5099,MassBank record-derived,positive,Natural Product; Fungal metabolite,medium,1,observed,Ochratoxin B ethyl ester; LC-ESI-ITFT; MS2; CE: 40; R=17500; [M+H]+,peak_mz:51.5100,extended,True,medium,medium,keep
CF:massbank_MSBNK-AAFC-AC000799_57_1774,CF,peak_mz,57.1774,MassBank record-derived,positive,Natural Product; Fungal metabolite,medium,1,observed,Ochratoxin B ethyl ester; LC-ESI-ITFT; MS2; CE: 40; R=17500; [M+H]+,peak_mz:57.1750,extended,True,medium,medium,keep
CF:massbank_MSBNK-AAFC-AC000799_59_4776,CF,peak_mz,59.4776,MassBank record-derived,positive,Natural Product; Fungal metabolite,medium,1,observed,Ochratoxin B ethyl ester; LC-ESI-ITFT; MS2; CE: 40; R=17500; [M+H]+,peak_mz:59.4800,extended,True,medium,medium,keep
CF:massbank_MSBNK-AAFC-AC000800_56_1132,CF,peak_mz,56.1132,MassBank record-derived,positive,Natural Product; Fungal metabolite,medium,1,observed,Ochratoxin B ethyl ester; LC-ESI-ITFT; MS2; CE: 55; R=17500; [M+H]+,peak_mz:56.1150,extended,True,medium,medium,keep
CF:massbank_MSBNK-AAFC-AC000800_56_4247,CF,peak_mz,56.4247,MassBank record-derived,positive,Natural Product; Fungal metabolite,medium,1,observed,Ochratoxin B ethyl ester; LC-ESI-ITFT; MS2; CE: 55; R=17500; [M+H]+,peak_mz:56.4250,extended,True,medium,medium,keep
CF:massbank_MSBNK-AAFC-AC000800_74_6511,CF,peak_mz,74.6511,MassBank record-derived,positive,Natural Product; Fungal metabolite,medium,1,observed,Ochratoxin B ethyl ester; LC-ESI-ITFT; MS2; CE: 55; R=17500; [M+H]+,peak_mz:74.6500,extended,True,medium,medium,keep
CF:massbank_MSBNK-AAFC-AC000801_165_0921,CF,peak_mz,165.0921,MassBank record-derived,negative,Natural Product; Fungal metabolite,medium,1,observed,Redoxcitrinin; LC-ESI-ITFT; MS2; CE: 10; R=17500; [M-H]-,peak_mz:165.0900,extended,True,medium,medium,keep
CF:massbank_MSBNK-AAFC-AC000801_207_1017,CF,peak_mz,207.1017,MassBank record-derived,negative,Natural Product; Fungal metabolite,medium,1,observed,Redoxcitrinin; LC-ESI-ITFT; MS2; CE: 10; R=17500; [M-H]-,peak_mz:207.1000,extended,True,medium,medium,keep
CF:massbank_MSBNK-AAFC-AC000801_235_0966,CF,peak_mz,235.0966,MassBank record-derived,negative,Natural Product; Fungal metabolite,medium,1,observed,Redoxcitrinin; LC-ESI-ITFT; MS2; CE: 10; R=17500; [M-H]-,peak_mz:235.0950,extended,True,medium,medium,keep
CF:massbank_MSBNK-AAFC-AC000802_207_1016,CF,peak_mz,207.1016,MassBank record-derived,negative,Natural Product; Fungal metabolite,medium,1,observed,Redoxcitrinin; LC-ESI-ITFT; MS2; CE: 20; R=17500; [M-H]-,peak_mz:207.1000,extended,True,medium,medium,keep
CF:massbank_MSBNK-AAFC-AC000803_151_0749,CF,peak_mz,151.0749,MassBank record-derived,negative,Natural Product; Fungal metabolite,medium,1,observed,Redoxcitrinin; LC-ESI-ITFT; MS2; CE: 30; R=17500; [M-H]-,peak_mz:151.0750,extended,True,medium,medium,keep
CF:massbank_MSBNK-AAFC-AC000803_193_087,CF,peak_mz,193.087,MassBank record-derived,negative,Natural Product; Fungal metabolite,medium,1,observed,Redoxcitrinin; LC-ESI-ITFT; MS2; CE: 30; R=17500; [M-H]-,peak_mz:193.0850,extended,True,medium,medium,keep
CF:massbank_MSBNK-AAFC-AC000804_109_0642,CF,peak_mz,109.0642,MassBank record-derived,negative,Natural Product; Fungal metabolite,medium,1,observed,Redoxcitrinin; LC-ESI-ITFT; MS2; CE: 40; R=17500; [M-H]-,peak_mz:109.0650,extended,True,medium,medium,keep
CF:massbank_MSBNK-AAFC-AC000804_149_0957,CF,peak_mz,149.0957,MassBank record-derived,negative,Natural Product; Fungal metabolite,medium,1,observed,Redoxcitrinin; LC-ESI-ITFT; MS2; CE: 40; R=17500; [M-H]-,peak_mz:149.0950,extended,True,medium,medium,keep
CF:massbank_MSBNK-AAFC-AC000805_147_0815,CF,peak_mz,147.0815,MassBank record-derived,negative,Natural Product; Fungal metabolite,medium,1,observed,Redoxcitrinin; LC-ESI-ITFT; MS2; CE: 55; R=17500; [M-H]-,peak_mz:147.0800,extended,True,medium,medium,keep
CF:massbank_MSBNK-AAFC-AC000805_149_0954,CF,peak_mz,149.0954,MassBank record-derived,negative,Natural Product; Fungal metabolite,medium,1,observed,Redoxcitrinin; LC-ESI-ITFT; MS2; CE: 55; R=17500; [M-H]-,peak_mz:149.0950,extended,True,medium,medium,keep
CF:massbank_MSBNK-AAFC-AC000806_324_1455,CF,peak_mz,324.1455,MassBank record-derived,positive,Natural Product; Fungal metabolite,medium,1,observed,Roquefortine D; LC-ESI-ITFT; MS2; CE: 10; R=17500; [M+H]+,peak_mz:324.1450,extended,True,medium,medium,keep
CF:massbank_MSBNK-AAFC-AC000806_392_2081,CF,peak_mz,392.2081,MassBank record-derived,positive,Natural Product; Fungal metabolite,medium,1,observed,Roquefortine D; LC-ESI-ITFT; MS2; CE: 10; R=17500; [M+H]+,peak_mz:392.2100,extended,True,medium,medium,keep
CF:massbank_MSBNK-AAFC-AC000807_195_0876,CF,peak_mz,195.0876,MassBank record-derived,positive,Natural Product; Fungal metabolite,medium,1,observed,Roquefortine D; LC-ESI-ITFT; MS2; CE: 20; R=17500; [M+H]+,peak_mz:195.0900,extended,True,medium,medium,keep
CF:massbank_MSBNK-AAFC-AC000807_198_1277,CF,peak_mz,198.1277,MassBank record-derived,positive,Natural Product; Fungal metabolite,medium,1,observed,Roquefortine D; LC-ESI-ITFT; MS2; CE: 20; R=17500; [M+H]+,peak_mz:198.1300,extended,True,medium,medium,keep
CF:massbank_MSBNK-AAFC-AC000808_110_0713,CF,peak_mz,110.0713,MassBank record-derived,positive,Natural Product; Fungal metabolite,medium,1,observed,Roquefortine D; LC-ESI-ITFT; MS2; CE: 30; R=17500; [M+H]+,peak_mz:110.0700,extended,True,medium,medium,keep
CF:massbank_MSBNK-AAFC-AC000809_83_0604,CF,peak_mz,83.0604,MassBank record-derived,positive,Natural Product; Fungal metabolite,medium,1,observed,Roquefortine D; LC-ESI-ITFT; MS2; CE: 40; R=17500; [M+H]+,peak_mz:83.0600,extended,True,medium,medium,keep
CF:massbank_MSBNK-AAFC-AC000811_173_022,CF,peak_mz,173.022,MassBank record-derived,positive,Natural Product; Fungal metabolite,medium,1,observed,Roquefortine H; LC-ESI-ITFT; MS2; CE: 30; R=17500; [M+H]+,peak_mz:173.0200,extended,True,medium,medium,keep
CF:massbank_MSBNK-AAFC-AC000811_174_0243,CF,peak_mz,174.0243,MassBank record-derived,positive,Natural Product; Fungal metabolite,medium,1,observed,Roquefortine H; LC-ESI-ITFT; MS2; CE: 30; R=17500; [M+H]+,peak_mz:174.0250,extended,True,medium,medium,keep
CF:massbank_MSBNK-AAFC-AC000811_205_0482,CF,peak_mz,205.0482,MassBank record-derived,positive,Natural Product; Fungal metabolite,medium,1,observed,Roquefortine H; LC-ESI-ITFT; MS2; CE: 30; R=17500; [M+H]+,peak_mz:205.0500,extended,True,medium,medium,keep
CF:massbank_MSBNK-AAFC-AC000812_174_0244,CF,peak_mz,174.0244,MassBank record-derived,positive,Natural Product; Fungal metabolite,medium,1,observed,Roquefortine H; LC-ESI-ITFT; MS2; CE: 40; R=17500; [M+H]+,peak_mz:174.0250,extended,True,medium,medium,keep
CF:massbank_MSBNK-AAFC-AC000812_185_1073,CF,peak_mz,185.1073,MassBank record-derived,positive,Natural Product; Fungal metabolite,medium,1,observed,Roquefortine H; LC-ESI-ITFT; MS2; CE: 40; R=17500; [M+H]+,peak_mz:185.1050,extended,True,medium,medium,keep
CF:massbank_MSBNK-AAFC-AC000813_159_0917,CF,peak_mz,159.0917,MassBank record-derived,positive,Natural Product; Fungal metabolite,medium,1,observed,Roquefortine H; LC-ESI-ITFT; MS2; CE: 55; R=17500; [M+H]+,peak_mz:159.0900,extended,True,medium,medium,keep
CF:massbank_MSBNK-AAFC-AC000814_205_072,CF,peak_mz,205.072,MassBank record-derived,positive,Natural Product; Fungal metabolite,medium,1,observed,Roquefortine L; LC-ESI-ITFT; MS2; CE: 10; R=17500; [M+H]+,peak_mz:205.0700,extended,True,medium,medium,keep
CF:massbank_MSBNK-AAFC-AC000815_136_0505,CF,peak_mz,136.0505,MassBank record-derived,positive,Natural Product; Fungal metabolite,medium,1,observed,Roquefortine L; LC-ESI-ITFT; MS2; CE: 20; R=17500; [M+H]+,peak_mz:136.0500,extended,True,medium,medium,keep
CF:massbank_MSBNK-AAFC-AC000816_69_0708,CF,peak_mz,69.0708,MassBank record-derived,positive,Natural Product; Fungal metabolite,medium,1,observed,Roquefortine L; LC-ESI-ITFT; MS2; CE: 30; R=17500; [M+H]+,peak_mz:69.0700,extended,True,medium,medium,keep
CF:massbank_MSBNK-AAFC-AC000819_211_0965,CF,peak_mz,211.0965,MassBank record-derived,positive,Natural Product; Fungal metabolite,medium,1,observed,Andrastin D; LC-ESI-ITFT; MS2; CE: 10; R=17500; [M+H]+,peak_mz:211.0950,extended,True,medium,medium,keep
CF:massbank_MSBNK-AAFC-AC000819_369_2424,CF,peak_mz,369.2424,MassBank record-derived,positive,Natural Product; Fungal metabolite,medium,1,observed,Andrastin D; LC-ESI-ITFT; MS2; CE: 10; R=17500; [M+H]+,peak_mz:369.2400,extended,True,medium,medium,keep
CF:massbank_MSBNK-AAFC-AC000819_397_2374,CF,peak_mz,397.2374,MassBank record-derived,positive,Natural Product; Fungal metabolite,medium,1,observed,Andrastin D; LC-ESI-ITFT; MS2; CE: 10; R=17500; [M+H]+,peak_mz:397.2350,extended,True,medium,medium,keep
CF:massbank_MSBNK-AAFC-AC000820_133_1012,CF,peak_mz,133.1012,MassBank record-derived,positive,Natural Product; Fungal metabolite,medium,1,observed,Andrastin D; LC-ESI-ITFT; MS2; CE: 20; R=17500; [M+H]+,peak_mz:133.1000,extended,True,medium,medium,keep
CF:massbank_MSBNK-AAFC-AC000820_159_1168,CF,peak_mz,159.1168,MassBank record-derived,positive,Natural Product; Fungal metabolite,medium,1,observed,Andrastin D; LC-ESI-ITFT; MS2; CE: 20; R=17500; [M+H]+,peak_mz:159.1150,extended,True,medium,medium,keep
CF:massbank_MSBNK-AAFC-AC000822_56_9656,CF,peak_mz,56.9656,MassBank record-derived,positive,Natural Product; Fungal metabolite,medium,1,observed,Andrastin D; LC-ESI-ITFT; MS2; CE: 40; R=17500; [M+H]+,peak_mz:56.9650,extended,True,medium,medium,keep
CF:massbank_MSBNK-AAFC-AC000823_55_0551,CF,peak_mz,55.0551,MassBank record-derived,positive,Natural Product; Fungal metabolite,medium,1,observed,Andrastin D; LC-ESI-ITFT; MS2; CE: 55; R=17500; [M+H]+,peak_mz:55.0550,extended,True,medium,medium,keep
CF:massbank_MSBNK-AAFC-AC000823_56_9657,CF,peak_mz,56.9657,MassBank record-derived,positive,Natural Product; Fungal metabolite,medium,1,observed,Andrastin D; LC-ESI-ITFT; MS2; CE: 55; R=17500; [M+H]+,peak_mz:56.9650,extended,True,medium,medium,keep
CF:massbank_MSBNK-AAFC-AC000824_427_248,CF,peak_mz,427.248,MassBank record-derived,negative,Natural Product; Fungal metabolite,medium,1,observed,Andrastin D; LC-ESI-ITFT; MS2; CE: 30; R=17500; [M-H]-,peak_mz:427.2500,extended,True,medium,medium,keep
CF:massbank_MSBNK-AAFC-AC000825_181_0506,CF,peak_mz,181.0506,MassBank record-derived,negative,Natural Product; Fungal metabolite,medium,1,observed,Andrastin D; LC-ESI-ITFT; MS2; CE: 40; R=17500; [M-H]-,peak_mz:181.0500,extended,True,medium,medium,keep
CF:massbank_MSBNK-AAFC-AC000825_182_0584,CF,peak_mz,182.0584,MassBank record-derived,negative,Natural Product; Fungal metabolite,medium,1,observed,Andrastin D; LC-ESI-ITFT; MS2; CE: 40; R=17500; [M-H]-,peak_mz:182.0600,extended,True,medium,medium,keep
CF:massbank_MSBNK-AAFC-AC000825_395_2228,CF,peak_mz,395.2228,MassBank record-derived,negative,Natural Product; Fungal metabolite,medium,1,observed,Andrastin D; LC-ESI-ITFT; MS2; CE: 40; R=17500; [M-H]-,peak_mz:395.2250,extended,True,medium,medium,keep
CF:massbank_MSBNK-AAFC-AC000826_71_0487,CF,peak_mz,71.0487,MassBank record-derived,negative,Natural Product; Fungal metabolite,medium,1,observed,Andrastin D; LC-ESI-ITFT; MS2; CE: 55; R=17500; [M-H]-,peak_mz:71.0500,extended,True,medium,medium,keep
CF:massbank_MSBNK-AAFC-AC000826_75_0071,CF,peak_mz,75.0071,MassBank record-derived,negative,Natural Product; Fungal metabolite,medium,1,observed,Andrastin D; LC-ESI-ITFT; MS2; CE: 55; R=17500; [M-H]-,peak_mz:75.0050,extended,True,medium,medium,keep
CF:massbank_MSBNK-AAFC-AC000827_381_206,CF,peak_mz,381.206,MassBank record-derived,positive,Natural Product; Fungal metabolite,medium,1,observed,Austin; LC-ESI-ITFT; MS2; CE: 10; R=17500; [M+H]+,peak_mz:381.2050,extended,True,medium,medium,keep
CF:massbank_MSBNK-AAFC-AC000827_409_201,CF,peak_mz,409.201,MassBank record-derived,positive,Natural Product; Fungal metabolite,medium,1,observed,Austin; LC-ESI-ITFT; MS2; CE: 10; R=17500; [M+H]+,peak_mz:409.2000,extended,True,medium,medium,keep
CF:massbank_MSBNK-AAFC-AC000828_179_0703,CF,peak_mz,179.0703,MassBank record-derived,positive,Natural Product; Fungal metabolite,medium,1,observed,Austin; LC-ESI-ITFT; MS2; CE: 20; R=17500; [M+H]+,peak_mz:179.0700,extended,True,medium,medium,keep
CF:massbank_MSBNK-AAFC-AC000828_183_0652,CF,peak_mz,183.0652,MassBank record-derived,positive,Natural Product; Fungal metabolite,medium,1,observed,Austin; LC-ESI-ITFT; MS2; CE: 20; R=17500; [M+H]+,peak_mz:183.0650,extended,True,medium,medium,keep
CF:massbank_MSBNK-AAFC-AC000829_119_0855,CF,peak_mz,119.0855,MassBank record-derived,positive,Natural Product; Fungal metabolite,medium,1,observed,Austin; LC-ESI-ITFT; MS2; CE: 30; R=17500; [M+H]+,peak_mz:119.0850,extended,True,medium,medium,keep
CF:massbank_MSBNK-AAFC-AC000832_213_1022,CF,peak_mz,213.1022,MassBank record-derived,positive,Natural Product; Fungal metabolite,medium,1,observed,Fiscalin C; LC-ESI-ITFT; MS2; CE: 10; R=17500; [M+H]+,peak_mz:213.1000,extended,True,medium,medium,keep
CF:massbank_MSBNK-AAFC-AC000832_258_1237,CF,peak_mz,258.1237,MassBank record-derived,positive,Natural Product; Fungal metabolite,medium,1,observed,Fiscalin C; LC-ESI-ITFT; MS2; CE: 10; R=17500; [M+H]+,peak_mz:258.1250,extended,True,medium,medium,keep
CF:massbank_MSBNK-AAFC-AC000832_470_2187,CF,peak_mz,470.2187,MassBank record-derived,positive,Natural Product; Fungal metabolite,medium,1,observed,Fiscalin C; LC-ESI-ITFT; MS2; CE: 10; R=17500; [M+H]+,peak_mz:470.2200,extended,True,medium,medium,keep
CF:massbank_MSBNK-AAFC-AC000835_215_0689,CF,peak_mz,215.0689,MassBank record-derived,positive,Natural Product; Fungal metabolite,medium,1,observed,Fiscalin C; LC-ESI-ITFT; MS2; CE: 40; R=17500; [M+H]+,peak_mz:215.0700,extended,True,medium,medium,keep
CF:massbank_MSBNK-AAFC-AC000837_56_2169,CF,peak_mz,56.2169,MassBank record-derived,positive,Natural Product; Fungal metabolite,medium,1,observed,Trichodermamide A; LC-ESI-ITFT; MS2; CE: 10; R=17500; [M+H]+,peak_mz:56.2150,extended,True,medium,medium,keep
CF:massbank_MSBNK-AAFC-AC000837_56_8,CF,peak_mz,56.8,MassBank record-derived,positive,Natural Product; Fungal metabolite,medium,1,observed,Trichodermamide A; LC-ESI-ITFT; MS2; CE: 10; R=17500; [M+H]+,peak_mz:56.8000,extended,True,medium,medium,keep
CF:massbank_MSBNK-AAFC-AC000837_81_063,CF,peak_mz,81.063,MassBank record-derived,positive,Natural Product; Fungal metabolite,medium,1,observed,Trichodermamide A; LC-ESI-ITFT; MS2; CE: 10; R=17500; [M+H]+,peak_mz:81.0650,extended,True,medium,medium,keep
CF:massbank_MSBNK-AAFC-AC000838_51_1482,CF,peak_mz,51.1482,MassBank record-derived,positive,Natural Product; Fungal metabolite,medium,1,observed,Trichodermamide A; LC-ESI-ITFT; MS2; CE: 20; R=17500; [M+H]+,peak_mz:51.1500,extended,True,medium,medium,keep
CF:massbank_MSBNK-AAFC-AC000838_54_6101,CF,peak_mz,54.6101,MassBank record-derived,positive,Natural Product; Fungal metabolite,medium,1,observed,Trichodermamide A; LC-ESI-ITFT; MS2; CE: 20; R=17500; [M+H]+,peak_mz:54.6100,extended,True,medium,medium,keep
CF:massbank_MSBNK-AAFC-AC000838_63_3054,CF,peak_mz,63.3054,MassBank record-derived,positive,Natural Product; Fungal metabolite,medium,1,observed,Trichodermamide A; LC-ESI-ITFT; MS2; CE: 20; R=17500; [M+H]+,peak_mz:63.3050,extended,True,medium,medium,keep
CF:massbank_MSBNK-AAFC-AC000839_67_6066,CF,peak_mz,67.6066,MassBank record-derived,positive,Natural Product; Fungal metabolite,medium,1,observed,Trichodermamide A; LC-ESI-ITFT; MS2; CE: 30; R=17500; [M+H]+,peak_mz:67.6050,extended,True,medium,medium,keep
CF:massbank_MSBNK-AAFC-AC000839_74_3219,CF,peak_mz,74.3219,MassBank record-derived,positive,Natural Product; Fungal metabolite,medium,1,observed,Trichodermamide A; LC-ESI-ITFT; MS2; CE: 30; R=17500; [M+H]+,peak_mz:74.3200,extended,True,medium,medium,keep
CF:massbank_MSBNK-AAFC-AC000839_76_4294,CF,peak_mz,76.4294,MassBank record-derived,positive,Natural Product; Fungal metabolite,medium,1,observed,Trichodermamide A; LC-ESI-ITFT; MS2; CE: 30; R=17500; [M+H]+,peak_mz:76.4300,extended,True,medium,medium,keep
CF:massbank_MSBNK-AAFC-AC000840_55_0643,CF,peak_mz,55.0643,MassBank record-derived,positive,Natural Product; Fungal metabolite,medium,1,observed,Trichodermamide A; LC-ESI-ITFT; MS2; CE: 40; R=17500; [M+H]+,peak_mz:55.0650,extended,True,medium,medium,keep
CF:massbank_MSBNK-AAFC-AC000840_55_6059,CF,peak_mz,55.6059,MassBank record-derived,positive,Natural Product; Fungal metabolite,medium,1,observed,Trichodermamide A; LC-ESI-ITFT; MS2; CE: 40; R=17500; [M+H]+,peak_mz:55.6050,extended,True,medium,medium,keep
CF:massbank_MSBNK-AAFC-AC000840_60_3487,CF,peak_mz,60.3487,MassBank record-derived,positive,Natural Product; Fungal metabolite,medium,1,observed,Trichodermamide A; LC-ESI-ITFT; MS2; CE: 40; R=17500; [M+H]+,peak_mz:60.3500,extended,True,medium,medium,keep
CF:massbank_MSBNK-AAFC-AC000841_50_9192,CF,peak_mz,50.9192,MassBank record-derived,positive,Natural Product; Fungal metabolite,medium,1,observed,Trichodermamide A; LC-ESI-ITFT; MS2; CE: 55; R=17500; [M+H]+,peak_mz:50.9200,extended,True,medium,medium,keep
CF:massbank_MSBNK-AAFC-AC000841_53_5264,CF,peak_mz,53.5264,MassBank record-derived,positive,Natural Product; Fungal metabolite,medium,1,observed,Trichodermamide A; LC-ESI-ITFT; MS2; CE: 55; R=17500; [M+H]+,peak_mz:53.5250,extended,True,medium,medium,keep
CF:massbank_MSBNK-AAFC-AC000841_54_4645,CF,peak_mz,54.4645,MassBank record-derived,positive,Natural Product; Fungal metabolite,medium,1,observed,Trichodermamide A; LC-ESI-ITFT; MS2; CE: 55; R=17500; [M+H]+,peak_mz:54.4650,extended,True,medium,medium,keep
CF:massbank_MSBNK-AAFC-AC000842_223_0612,CF,peak_mz,223.0612,MassBank record-derived,negative,Natural Product; Fungal metabolite,medium,1,observed,Ctrinin hydrate; LC-ESI-ITFT; MS2; CE: 10; R=17500; [M-H]-,peak_mz:223.0600,extended,True,medium,medium,keep
CF:massbank_MSBNK-AAFC-AC000842_249_0768,CF,peak_mz,249.0768,MassBank record-derived,negative,Natural Product; Fungal metabolite,medium,1,observed,Ctrinin hydrate; LC-ESI-ITFT; MS2; CE: 10; R=17500; [M-H]-,peak_mz:249.0750,extended,True,medium,medium,keep
CF:massbank_MSBNK-AAFC-AC000842_267_0867,CF,peak_mz,267.0867,MassBank record-derived,negative,Natural Product; Fungal metabolite,medium,1,observed,Ctrinin hydrate; LC-ESI-ITFT; MS2; CE: 10; R=17500; [M-H]-,peak_mz:267.0850,extended,True,medium,medium,keep
CF:massbank_MSBNK-AAFC-AC000843_267_0868,CF,peak_mz,267.0868,MassBank record-derived,negative,Natural Product; Fungal metabolite,medium,1,observed,Ctrinin hydrate; LC-ESI-ITFT; MS2; CE: 20; R=17500; [M-H]-,peak_mz:267.0850,extended,True,medium,medium,keep
CF:massbank_MSBNK-AAFC-AC000844_179_0714,CF,peak_mz,179.0714,MassBank record-derived,negative,Natural Product; Fungal metabolite,medium,1,observed,Ctrinin hydrate; LC-ESI-ITFT; MS2; CE: 30; R=17500; [M-H]-,peak_mz:179.0700,extended,True,medium,medium,keep
CF:massbank_MSBNK-AAFC-AC000844_205_087,CF,peak_mz,205.087,MassBank record-derived,negative,Natural Product; Fungal metabolite,medium,1,observed,Ctrinin hydrate; LC-ESI-ITFT; MS2; CE: 30; R=17500; [M-H]-,peak_mz:205.0850,extended,True,medium,medium,keep
CF:massbank_MSBNK-AAFC-AC000845_161_0608,CF,peak_mz,161.0608,MassBank record-derived,negative,Natural Product; Fungal metabolite,medium,1,observed,Ctrinin hydrate; LC-ESI-ITFT; MS2; CE: 40; R=17500; [M-H]-,peak_mz:161.0600,extended,True,medium,medium,keep
CF:massbank_MSBNK-AAFC-AC000845_177_0557,CF,peak_mz,177.0557,MassBank record-derived,negative,Natural Product; Fungal metabolite,medium,1,observed,Ctrinin hydrate; LC-ESI-ITFT; MS2; CE: 40; R=17500; [M-H]-,peak_mz:177.0550,extended,True,medium,medium,keep
CF:massbank_MSBNK-AAFC-AC000846_105_0329,CF,peak_mz,105.0329,MassBank record-derived,negative,Natural Product; Fungal metabolite,medium,1,observed,Ctrinin hydrate; LC-ESI-ITFT; MS2; CE: 55; R=17500; [M-H]-,peak_mz:105.0350,extended,True,medium,medium,keep
CF:massbank_MSBNK-AAFC-AC000846_109_064,CF,peak_mz,109.064,MassBank record-derived,negative,Natural Product; Fungal metabolite,medium,1,observed,Ctrinin hydrate; LC-ESI-ITFT; MS2; CE: 55; R=17500; [M-H]-,peak_mz:109.0650,extended,True,medium,medium,keep
CF:massbank_MSBNK-AAFC-AC000846_133_0645,CF,peak_mz,133.0645,MassBank record-derived,negative,Natural Product; Fungal metabolite,medium,1,observed,Ctrinin hydrate; LC-ESI-ITFT; MS2; CE: 55; R=17500; [M-H]-,peak_mz:133.0650,extended,True,medium,medium,keep
CF:massbank_MSBNK-AAFC-AC000847_84_9604,CF,peak_mz,84.9604,MassBank record-derived,positive,Natural Product; Fungal metabolite,medium,1,observed,Viridicatol; LC-ESI-ITFT; MS2; CE: 10; R=17500; [M+H]+,peak_mz:84.9600,extended,True,medium,medium,keep
CF:massbank_MSBNK-AAFC-AC000847_125_9864,CF,peak_mz,125.9864,MassBank record-derived,positive,Natural Product; Fungal metabolite,medium,1,observed,Viridicatol; LC-ESI-ITFT; MS2; CE: 10; R=17500; [M+H]+,peak_mz:125.9850,extended,True,medium,medium,keep
CF:massbank_MSBNK-AAFC-AC000847_219_9287,CF,peak_mz,219.9287,MassBank record-derived,positive,Natural Product; Fungal metabolite,medium,1,observed,Viridicatol; LC-ESI-ITFT; MS2; CE: 10; R=17500; [M+H]+,peak_mz:219.9300,extended,True,medium,medium,keep
CF:massbank_MSBNK-AAFC-AC000848_125_986,CF,peak_mz,125.986,MassBank record-derived,positive,Natural Product; Fungal metabolite,medium,1,observed,Viridicatol; LC-ESI-ITFT; MS2; CE: 20; R=17500; [M+H]+,peak_mz:125.9850,extended,True,medium,medium,keep
CF:massbank_MSBNK-AAFC-AC000848_219_9285,CF,peak_mz,219.9285,MassBank record-derived,positive,Natural Product; Fungal metabolite,medium,1,observed,Viridicatol; LC-ESI-ITFT; MS2; CE: 20; R=17500; [M+H]+,peak_mz:219.9300,extended,True,medium,medium,keep
CF:massbank_MSBNK-AAFC-AC000848_254_0812,CF,peak_mz,254.0812,MassBank record-derived,positive,Natural Product; Fungal metabolite,medium,1,observed,Viridicatol; LC-ESI-ITFT; MS2; CE: 20; R=17500; [M+H]+,peak_mz:254.0800,extended,True,medium,medium,keep
CF:massbank_MSBNK-AAFC-AC000849_84_9602,CF,peak_mz,84.9602,MassBank record-derived,positive,Natural Product; Fungal metabolite,medium,1,observed,Viridicatol; LC-ESI-ITFT; MS2; CE: 30; R=17500; [M+H]+,peak_mz:84.9600,extended,True,medium,medium,keep
CF:massbank_MSBNK-AAFC-AC000849_125_9865,CF,peak_mz,125.9865,MassBank record-derived,positive,Natural Product; Fungal metabolite,medium,1,observed,Viridicatol; LC-ESI-ITFT; MS2; CE: 30; R=17500; [M+H]+,peak_mz:125.9850,extended,True,medium,medium,keep
CF:massbank_MSBNK-AAFC-AC000849_143_9968,CF,peak_mz,143.9968,MassBank record-derived,positive,Natural Product; Fungal metabolite,medium,1,observed,Viridicatol; LC-ESI-ITFT; MS2; CE: 30; R=17500; [M+H]+,peak_mz:143.9950,extended,True,medium,medium,keep
CF:massbank_MSBNK-AAFC-AC000850_84_9603,CF,peak_mz,84.9603,MassBank record-derived,positive,Natural Product; Fungal metabolite,medium,1,observed,Viridicatol; LC-ESI-ITFT; MS2; CE: 40; R=17500; [M+H]+,peak_mz:84.9600,extended,True,medium,medium,keep
CF:massbank_MSBNK-AAFC-AC000851_84_9555,CF,peak_mz,84.9555,MassBank record-derived,positive,Natural Product; Fungal metabolite,medium,1,observed,Viridicatol; LC-ESI-ITFT; MS2; CE: 55; R=17500; [M+H]+,peak_mz:84.9550,extended,True,medium,medium,keep
CF:massbank_MSBNK-AAFC-AC000853_155_0577,CF,peak_mz,155.0577,MassBank record-derived,positive,Natural Product; Fungal metabolite,medium,1,observed,Pyrophen; LC-ESI-ITFT; MS2; CE: 20; R=17500; [M+H]+,peak_mz:155.0600,extended,True,medium,medium,keep
CF:massbank_MSBNK-AAFC-AC000854_154_0499,CF,peak_mz,154.0499,MassBank record-derived,positive,Natural Product; Fungal metabolite,medium,1,observed,Pyrophen; LC-ESI-ITFT; MS2; CE: 30; R=17500; [M+H]+,peak_mz:154.0500,extended,True,medium,medium,keep
CF:massbank_MSBNK-AAFC-AC000856_110_06,CF,peak_mz,110.06,MassBank record-derived,positive,Natural Product; Fungal metabolite,medium,1,observed,Pyrophen; LC-ESI-ITFT; MS2; CE: 55; R=17500; [M+H]+,peak_mz:110.0600,extended,True,medium,medium,keep
CF:massbank_MSBNK-AAFC-AC000857_143_0703,CF,peak_mz,143.0703,MassBank record-derived,positive,Natural Product; Fungal metabolite,medium,1,observed,Mevastatin; LC-ESI-ITFT; MS2; CE: 10; R=17500; [M+H]+,peak_mz:143.0700,extended,True,medium,medium,keep
CF:massbank_MSBNK-AAFC-AC000862_90_9772,CF,peak_mz,90.9772,MassBank record-derived,positive,Natural Product; Fungal metabolite,medium,1,observed,Tryprostatin B; LC-ESI-ITFT; MS2; CE: 10; R=17500; [M+H]+,peak_mz:90.9750,extended,True,medium,medium,keep
CF:massbank_MSBNK-AAFC-AC000867_146_0236,CF,peak_mz,146.0236,MassBank record-derived,positive,Natural Product; Fungal metabolite,medium,1,observed,Cyclopenin; LC-ESI-ITFT; MS2; CE: 10; R=17500; [M+H]+,peak_mz:146.0250,extended,True,medium,medium,keep
CF:massbank_MSBNK-AAFC-AC000867_177_0658,CF,peak_mz,177.0658,MassBank record-derived,positive,Natural Product; Fungal metabolite,medium,1,observed,Cyclopenin; LC-ESI-ITFT; MS2; CE: 10; R=17500; [M+H]+,peak_mz:177.0650,extended,True,medium,medium,keep
CF:massbank_MSBNK-AAFC-AC000871_90_0338,CF,peak_mz,90.0338,MassBank record-derived,positive,Natural Product; Fungal metabolite,medium,1,observed,Cyclopenin; LC-ESI-ITFT; MS2; CE: 55; R=17500; [M+H]+,peak_mz:90.0350,extended,True,medium,medium,keep
CF:massbank_MSBNK-AAFC-AC000872_417_1604,CF,peak_mz,417.1604,MassBank record-derived,positive,Natural Product; Fungal metabolite,medium,1,observed,Malformin A2; LC-ESI-ITFT; MS2; CE: 10; R=17500; [M+H]+,peak_mz:417.1600,extended,True,medium,medium,keep
CF:massbank_MSBNK-AAFC-AC000872_471_2094,CF,peak_mz,471.2094,MassBank record-derived,positive,Natural Product; Fungal metabolite,medium,1,observed,Malformin A2; LC-ESI-ITFT; MS2; CE: 10; R=17500; [M+H]+,peak_mz:471.2100,extended,True,medium,medium,keep
CF:massbank_MSBNK-AAFC-AC000873_59_0501,CF,peak_mz,59.0501,MassBank record-derived,positive,Natural Product; Fungal metabolite,medium,1,observed,Malformin A2; LC-ESI-ITFT; MS2; CE: 20; R=17500; [M+H]+,peak_mz:59.0500,extended,True,medium,medium,keep
CF:massbank_MSBNK-AAFC-AC000873_62_9948,CF,peak_mz,62.9948,MassBank record-derived,positive,Natural Product; Fungal metabolite,medium,1,observed,Malformin A2; LC-ESI-ITFT; MS2; CE: 20; R=17500; [M+H]+,peak_mz:62.9950,extended,True,medium,medium,keep
CF:massbank_MSBNK-AAFC-AC000873_72_0816,CF,peak_mz,72.0816,MassBank record-derived,positive,Natural Product; Fungal metabolite,medium,1,observed,Malformin A2; LC-ESI-ITFT; MS2; CE: 20; R=17500; [M+H]+,peak_mz:72.0800,extended,True,medium,medium,keep
CF:massbank_MSBNK-AAFC-AC000874_51_4932,CF,peak_mz,51.4932,MassBank record-derived,positive,Natural Product; Fungal metabolite,medium,1,observed,Malformin A2; LC-ESI-ITFT; MS2; CE: 30; R=17500; [M+H]+,peak_mz:51.4950,extended,True,medium,medium,keep
CF:massbank_MSBNK-AAFC-AC000877_242_9427,CF,peak_mz,242.9427,MassBank record-derived,negative,Natural Product; Fungal metabolite,medium,1,observed,Malformin A2; LC-ESI-ITFT; MS2; CE: 10; R=17500; [M-H]-,peak_mz:242.9450,extended,True,medium,medium,keep
CF:massbank_MSBNK-AAFC-AC000877_378_9176,CF,peak_mz,378.9176,MassBank record-derived,negative,Natural Product; Fungal metabolite,medium,1,observed,Malformin A2; LC-ESI-ITFT; MS2; CE: 10; R=17500; [M-H]-,peak_mz:378.9200,extended,True,medium,medium,keep
CF:massbank_MSBNK-AAFC-AC000877_480_2286,CF,peak_mz,480.2286,MassBank record-derived,negative,Natural Product; Fungal metabolite,medium,1,observed,Malformin A2; LC-ESI-ITFT; MS2; CE: 10; R=17500; [M-H]-,peak_mz:480.2300,extended,True,medium,medium,keep
CF:massbank_MSBNK-AAFC-AC000878_91_8257,CF,peak_mz,91.8257,MassBank record-derived,negative,Natural Product; Fungal metabolite,medium,1,observed,Malformin A2; LC-ESI-ITFT; MS2; CE: 20; R=17500; [M-H]-,peak_mz:91.8250,extended,True,medium,medium,keep
CF:massbank_MSBNK-AAFC-AC000878_100_021,CF,peak_mz,100.021,MassBank record-derived,negative,Natural Product; Fungal metabolite,medium,1,observed,Malformin A2; LC-ESI-ITFT; MS2; CE: 20; R=17500; [M-H]-,peak_mz:100.0200,extended,True,medium,medium,keep
CF:massbank_MSBNK-AAFC-AC000878_109_0394,CF,peak_mz,109.0394,MassBank record-derived,negative,Natural Product; Fungal metabolite,medium,1,observed,Malformin A2; LC-ESI-ITFT; MS2; CE: 20; R=17500; [M-H]-,peak_mz:109.0400,extended,True,medium,medium,keep
CF:massbank_MSBNK-AAFC-AC000879_74_0053,CF,peak_mz,74.0053,MassBank record-derived,negative,Natural Product; Fungal metabolite,medium,1,observed,Malformin A2; LC-ESI-ITFT; MS2; CE: 30; R=17500; [M-H]-,peak_mz:74.0050,extended,True,medium,medium,keep
CF:massbank_MSBNK-AAFC-AC000879_97_0394,CF,peak_mz,97.0394,MassBank record-derived,negative,Natural Product; Fungal metabolite,medium,1,observed,Malformin A2; LC-ESI-ITFT; MS2; CE: 30; R=17500; [M-H]-,peak_mz:97.0400,extended,True,medium,medium,keep
CF:massbank_MSBNK-AAFC-AC000879_100_0209,CF,peak_mz,100.0209,MassBank record-derived,negative,Natural Product; Fungal metabolite,medium,1,observed,Malformin A2; LC-ESI-ITFT; MS2; CE: 30; R=17500; [M-H]-,peak_mz:100.0200,extended,True,medium,medium,keep
CF:massbank_MSBNK-AAFC-AC000880_64_9508,CF,peak_mz,64.9508,MassBank record-derived,negative,Natural Product; Fungal metabolite,medium,1,observed,Malformin A2; LC-ESI-ITFT; MS2; CE: 40; R=17500; [M-H]-,peak_mz:64.9500,extended,True,medium,medium,keep
CF:massbank_MSBNK-AAFC-AC000880_71_9897,CF,peak_mz,71.9897,MassBank record-derived,negative,Natural Product; Fungal metabolite,medium,1,observed,Malformin A2; LC-ESI-ITFT; MS2; CE: 40; R=17500; [M-H]-,peak_mz:71.9900,extended,True,medium,medium,keep
CF:massbank_MSBNK-AAFC-AC000880_74_0054,CF,peak_mz,74.0054,MassBank record-derived,negative,Natural Product; Fungal metabolite,medium,1,observed,Malformin A2; LC-ESI-ITFT; MS2; CE: 40; R=17500; [M-H]-,peak_mz:74.0050,extended,True,medium,medium,keep
CF:massbank_MSBNK-AAFC-AC000881_64_9507,CF,peak_mz,64.9507,MassBank record-derived,negative,Natural Product; Fungal metabolite,medium,1,observed,Malformin A2; LC-ESI-ITFT; MS2; CE: 55; R=17500; [M-H]-,peak_mz:64.9500,extended,True,medium,medium,keep
CF:massbank_MSBNK-AAFC-AC000881_71_9896,CF,peak_mz,71.9896,MassBank record-derived,negative,Natural Product; Fungal metabolite,medium,1,observed,Malformin A2; LC-ESI-ITFT; MS2; CE: 55; R=17500; [M-H]-,peak_mz:71.9900,extended,True,medium,medium,keep
CF:massbank_MSBNK-AAFC-AC000881_73_9689,CF,peak_mz,73.9689,MassBank record-derived,negative,Natural Product; Fungal metabolite,medium,1,observed,Malformin A2; LC-ESI-ITFT; MS2; CE: 55; R=17500; [M-H]-,peak_mz:73.9700,extended,True,medium,medium,keep
CF:massbank_MSBNK-AAFC-AC000882_471_1504,CF,peak_mz,471.1504,MassBank record-derived,negative,Fungal metabolite; urinary conjugate,medium,1,observed,Deoxynivalenol 3-glucuronide; LC-ESI-ITFT; MS2; CE: 10; R=17500; [M-H]-,peak_mz:471.1500,extended,True,medium,medium,keep
CF:massbank_MSBNK-AAFC-AC000883_113_023,CF,peak_mz,113.023,MassBank record-derived,negative,Fungal metabolite; urinary conjugate,medium,1,observed,Deoxynivalenol 3-glucuronide; LC-ESI-ITFT; MS2; CE: 20; R=17500; [M-H]-,peak_mz:113.0250,extended,True,medium,medium,keep
CF:massbank_MSBNK-AAFC-AC000883_193_0354,CF,peak_mz,193.0354,MassBank record-derived,negative,Fungal metabolite; urinary conjugate,medium,1,observed,Deoxynivalenol 3-glucuronide; LC-ESI-ITFT; MS2; CE: 20; R=17500; [M-H]-,peak_mz:193.0350,extended,True,medium,medium,keep
CF:massbank_MSBNK-AAFC-AC000883_471_1505,CF,peak_mz,471.1505,MassBank record-derived,negative,Fungal metabolite; urinary conjugate,medium,1,observed,Deoxynivalenol 3-glucuronide; LC-ESI-ITFT; MS2; CE: 20; R=17500; [M-H]-,peak_mz:471.1500,extended,True,medium,medium,keep
CF:massbank_MSBNK-AAFC-AC000884_59_0124,CF,peak_mz,59.0124,MassBank record-derived,negative,Fungal metabolite; urinary conjugate,medium,1,observed,Deoxynivalenol 3-glucuronide; LC-ESI-ITFT; MS2; CE: 25; R=17500; [M-H]-,peak_mz:59.0100,extended,True,medium,medium,keep
CF:massbank_MSBNK-AAFC-AC000884_71_0123,CF,peak_mz,71.0123,MassBank record-derived,negative,Fungal metabolite; urinary conjugate,medium,1,observed,Deoxynivalenol 3-glucuronide; LC-ESI-ITFT; MS2; CE: 25; R=17500; [M-H]-,peak_mz:71.0100,extended,True,medium,medium,keep
CF:massbank_MSBNK-AAFC-AC000884_72_9916,CF,peak_mz,72.9916,MassBank record-derived,negative,Fungal metabolite; urinary conjugate,medium,1,observed,Deoxynivalenol 3-glucuronide; LC-ESI-ITFT; MS2; CE: 25; R=17500; [M-H]-,peak_mz:72.9900,extended,True,medium,medium,keep
CF:massbank_MSBNK-AAFC-AC000886_57_0331,CF,peak_mz,57.0331,MassBank record-derived,negative,Fungal metabolite; urinary conjugate,medium,1,observed,Deoxynivalenol 3-glucuronide; LC-ESI-ITFT; MS2; CE: 40; R=17500; [M-H]-,peak_mz:57.0350,extended,True,medium,medium,keep
CF:massbank_MSBNK-AAFC-AC000888_63_1059,CF,peak_mz,63.1059,MassBank record-derived,positive,Natural Product; Fungal metabolite,medium,1,observed,Fusaric acid; LC-ESI-ITFT; MS2; CE: 10; R=17500; [M+H]+,peak_mz:63.1050,extended,True,medium,medium,keep
CF:massbank_MSBNK-AAFC-AC000888_64_3884,CF,peak_mz,64.3884,MassBank record-derived,positive,Natural Product; Fungal metabolite,medium,1,observed,Fusaric acid; LC-ESI-ITFT; MS2; CE: 10; R=17500; [M+H]+,peak_mz:64.3900,extended,True,medium,medium,keep
CF:massbank_MSBNK-AAFC-AC000888_71_1294,CF,peak_mz,71.1294,MassBank record-derived,positive,Natural Product; Fungal metabolite,medium,1,observed,Fusaric acid; LC-ESI-ITFT; MS2; CE: 10; R=17500; [M+H]+,peak_mz:71.1300,extended,True,medium,medium,keep
CF:massbank_MSBNK-AAFC-AC000889_62_8739,CF,peak_mz,62.8739,MassBank record-derived,positive,Natural Product; Fungal metabolite,medium,1,observed,Fusaric acid; LC-ESI-ITFT; MS2; CE: 20; R=17500; [M+H]+,peak_mz:62.8750,extended,True,medium,medium,keep
CF:massbank_MSBNK-AAFC-AC000889_79_5435,CF,peak_mz,79.5435,MassBank record-derived,positive,Natural Product; Fungal metabolite,medium,1,observed,Fusaric acid; LC-ESI-ITFT; MS2; CE: 20; R=17500; [M+H]+,peak_mz:79.5450,extended,True,medium,medium,keep
CF:massbank_MSBNK-AAFC-AC000889_116_0146,CF,peak_mz,116.0146,MassBank record-derived,positive,Natural Product; Fungal metabolite,medium,1,observed,Fusaric acid; LC-ESI-ITFT; MS2; CE: 20; R=17500; [M+H]+,peak_mz:116.0150,extended,True,medium,medium,keep
CF:massbank_MSBNK-AAFC-AC000890_52_8885,CF,peak_mz,52.8885,MassBank record-derived,positive,Natural Product; Fungal metabolite,medium,1,observed,Fusaric acid; LC-ESI-ITFT; MS2; CE: 30; R=17500; [M+H]+,peak_mz:52.8900,extended,True,medium,medium,keep
CF:massbank_MSBNK-AAFC-AC000890_63_7559,CF,peak_mz,63.7559,MassBank record-derived,positive,Natural Product; Fungal metabolite,medium,1,observed,Fusaric acid; LC-ESI-ITFT; MS2; CE: 30; R=17500; [M+H]+,peak_mz:63.7550,extended,True,medium,medium,keep
CF:massbank_MSBNK-AAFC-AC000890_66_5553,CF,peak_mz,66.5553,MassBank record-derived,positive,Natural Product; Fungal metabolite,medium,1,observed,Fusaric acid; LC-ESI-ITFT; MS2; CE: 30; R=17500; [M+H]+,peak_mz:66.5550,extended,True,medium,medium,keep
CF:massbank_MSBNK-AAFC-AC000891_92_0495,CF,peak_mz,92.0495,MassBank record-derived,positive,Natural Product; Fungal metabolite,medium,1,observed,Fusaric acid; LC-ESI-ITFT; MS2; CE: 40; R=17500; [M+H]+,peak_mz:92.0500,extended,True,medium,medium,keep
CF:massbank_MSBNK-AAFC-AC000891_180_1019,CF,peak_mz,180.1019,MassBank record-derived,positive,Natural Product; Fungal metabolite,medium,1,observed,Fusaric acid; LC-ESI-ITFT; MS2; CE: 40; R=17500; [M+H]+,peak_mz:180.1000,extended,True,medium,medium,keep
CF:massbank_MSBNK-AAFC-AC000893_457_2564,CF,peak_mz,457.2564,MassBank record-derived,negative,Natural Product; Fungal metabolite,medium,1,observed,Andrastin C; LC-ESI-ITFT; MS2; CE: 20; R=17500; [M-H]-,peak_mz:457.2550,extended,True,medium,medium,keep
CF:massbank_MSBNK-AAFC-AC000894_397_2384,CF,peak_mz,397.2384,MassBank record-derived,negative,Natural Product; Fungal metabolite,medium,1,observed,Andrastin C; LC-ESI-ITFT; MS2; CE: 30; R=17500; [M-H]-,peak_mz:397.2400,extended,True,medium,medium,keep
CF:massbank_MSBNK-AAFC-AC000894_457_2573,CF,peak_mz,457.2573,MassBank record-derived,negative,Natural Product; Fungal metabolite,medium,1,observed,Andrastin C; LC-ESI-ITFT; MS2; CE: 30; R=17500; [M-H]-,peak_mz:457.2550,extended,True,medium,medium,keep
CF:massbank_MSBNK-AAFC-AC000895_54_5667,CF,peak_mz,54.5667,MassBank record-derived,negative,Natural Product; Fungal metabolite,medium,1,observed,Andrastin C; LC-ESI-ITFT; MS2; CE: 40; R=17500; [M-H]-,peak_mz:54.5650,extended,True,medium,medium,keep
CF:massbank_MSBNK-AAFC-AC000895_65_0569,CF,peak_mz,65.0569,MassBank record-derived,negative,Natural Product; Fungal metabolite,medium,1,observed,Andrastin C; LC-ESI-ITFT; MS2; CE: 40; R=17500; [M-H]-,peak_mz:65.0550,extended,True,medium,medium,keep
CF:massbank_MSBNK-AAFC-AC000895_65_6083,CF,peak_mz,65.6083,MassBank record-derived,negative,Natural Product; Fungal metabolite,medium,1,observed,Andrastin C; LC-ESI-ITFT; MS2; CE: 40; R=17500; [M-H]-,peak_mz:65.6100,extended,True,medium,medium,keep
CF:massbank_MSBNK-AAFC-AC000896_51_3524,CF,peak_mz,51.3524,MassBank record-derived,negative,Natural Product; Fungal metabolite,medium,1,observed,Andrastin C; LC-ESI-ITFT; MS2; CE: 55; R=17500; [M-H]-,peak_mz:51.3500,extended,True,medium,medium,keep
CF:massbank_MSBNK-AAFC-AC000896_56_5546,CF,peak_mz,56.5546,MassBank record-derived,negative,Natural Product; Fungal metabolite,medium,1,observed,Andrastin C; LC-ESI-ITFT; MS2; CE: 55; R=17500; [M-H]-,peak_mz:56.5550,extended,True,medium,medium,keep
CF:massbank_MSBNK-AAFC-AC000896_59_52,CF,peak_mz,59.52,MassBank record-derived,negative,Natural Product; Fungal metabolite,medium,1,observed,Andrastin C; LC-ESI-ITFT; MS2; CE: 55; R=17500; [M-H]-,peak_mz:59.5200,extended,True,medium,medium,keep
CF:massbank_MSBNK-AAFC-AC000897_262_071,CF,peak_mz,262.071,MassBank record-derived,positive,Natural Product; Fungal metabolite,medium,1,observed,Trichodermamide C; LC-ESI-ITFT; MS2; CE: 10; R=17500; [M+H]+,peak_mz:262.0700,extended,True,medium,medium,keep
CF:massbank_MSBNK-AAFC-AC000897_303_0975,CF,peak_mz,303.0975,MassBank record-derived,positive,Natural Product; Fungal metabolite,medium,1,observed,Trichodermamide C; LC-ESI-ITFT; MS2; CE: 10; R=17500; [M+H]+,peak_mz:303.1000,extended,True,medium,medium,keep
CF:massbank_MSBNK-AAFC-AC000897_429_1292,CF,peak_mz,429.1292,MassBank record-derived,positive,Natural Product; Fungal metabolite,medium,1,observed,Trichodermamide C; LC-ESI-ITFT; MS2; CE: 10; R=17500; [M+H]+,peak_mz:429.1300,extended,True,medium,medium,keep
CF:massbank_MSBNK-AAFC-AC000898_186_0761,CF,peak_mz,186.0761,MassBank record-derived,positive,Natural Product; Fungal metabolite,medium,1,observed,Trichodermamide C; LC-ESI-ITFT; MS2; CE: 20; R=17500; [M+H]+,peak_mz:186.0750,extended,True,medium,medium,keep
CF:massbank_MSBNK-AAFC-AC000898_193_0495,CF,peak_mz,193.0495,MassBank record-derived,positive,Natural Product; Fungal metabolite,medium,1,observed,Trichodermamide C; LC-ESI-ITFT; MS2; CE: 20; R=17500; [M+H]+,peak_mz:193.0500,extended,True,medium,medium,keep
CF:massbank_MSBNK-AAFC-AC000898_234_0761,CF,peak_mz,234.0761,MassBank record-derived,positive,Natural Product; Fungal metabolite,medium,1,observed,Trichodermamide C; LC-ESI-ITFT; MS2; CE: 20; R=17500; [M+H]+,peak_mz:234.0750,extended,True,medium,medium,keep
CF:massbank_MSBNK-AAFC-AC000899_109_0284,CF,peak_mz,109.0284,MassBank record-derived,positive,Natural Product; Fungal metabolite,medium,1,observed,Trichodermamide C; LC-ESI-ITFT; MS2; CE: 30; R=17500; [M+H]+,peak_mz:109.0300,extended,True,medium,medium,keep
CF:massbank_MSBNK-AAFC-AC000900_81_0345,CF,peak_mz,81.0345,MassBank record-derived,positive,Natural Product; Fungal metabolite,medium,1,observed,Trichodermamide C; LC-ESI-ITFT; MS2; CE: 40; R=17500; [M+H]+,peak_mz:81.0350,extended,True,medium,medium,keep
CF:massbank_MSBNK-AAFC-AC000902_469_1217,CF,peak_mz,469.1217,MassBank record-derived,positive,Natural Product; Fungal metabolite,medium,1,observed,Trichodermamide C; LC-ESI-ITFT; MS2; CE: 10; R=17500; [M+Na]+,peak_mz:469.1200,extended,True,medium,medium,keep
CF:massbank_MSBNK-AAFC-AC000904_257_0658,CF,peak_mz,257.0658,MassBank record-derived,positive,Natural Product; Fungal metabolite,medium,1,observed,Trichodermamide C; LC-ESI-ITFT; MS2; CE: 30; R=17500; [M+Na]+,peak_mz:257.0650,extended,True,medium,medium,keep
CF:massbank_MSBNK-AAFC-AC000904_262_0713,CF,peak_mz,262.0713,MassBank record-derived,positive,Natural Product; Fungal metabolite,medium,1,observed,Trichodermamide C; LC-ESI-ITFT; MS2; CE: 30; R=17500; [M+Na]+,peak_mz:262.0700,extended,True,medium,medium,keep
CF:massbank_MSBNK-AAFC-AC000904_311_0638,CF,peak_mz,311.0638,MassBank record-derived,positive,Natural Product; Fungal metabolite,medium,1,observed,Trichodermamide C; LC-ESI-ITFT; MS2; CE: 30; R=17500; [M+Na]+,peak_mz:311.0650,extended,True,medium,medium,keep
CF:massbank_MSBNK-AAFC-AC000905_206_0814,CF,peak_mz,206.0814,MassBank record-derived,positive,Natural Product; Fungal metabolite,medium,1,observed,Trichodermamide C; LC-ESI-ITFT; MS2; CE: 40; R=17500; [M+Na]+,peak_mz:206.0800,extended,True,medium,medium,keep
CF:massbank_MSBNK-AAFC-AC000905_234_0764,CF,peak_mz,234.0764,MassBank record-derived,positive,Natural Product; Fungal metabolite,medium,1,observed,Trichodermamide C; LC-ESI-ITFT; MS2; CE: 40; R=17500; [M+Na]+,peak_mz:234.0750,extended,True,medium,medium,keep
CF:massbank_MSBNK-AAFC-AC000905_242_0421,CF,peak_mz,242.0421,MassBank record-derived,positive,Natural Product; Fungal metabolite,medium,1,observed,Trichodermamide C; LC-ESI-ITFT; MS2; CE: 40; R=17500; [M+Na]+,peak_mz:242.0400,extended,True,medium,medium,keep
CF:massbank_MSBNK-AAFC-AC000906_50_733,CF,peak_mz,50.733,MassBank record-derived,positive,Natural Product; Fungal metabolite,medium,1,observed,Trichodermamide C; LC-ESI-ITFT; MS2; CE: 55; R=17500; [M+Na]+,peak_mz:50.7350,extended,True,medium,medium,keep
CF:massbank_MSBNK-AAFC-AC000906_79_583,CF,peak_mz,79.583,MassBank record-derived,positive,Natural Product; Fungal metabolite,medium,1,observed,Trichodermamide C; LC-ESI-ITFT; MS2; CE: 55; R=17500; [M+Na]+,peak_mz:79.5850,extended,True,medium,medium,keep
CF:massbank_MSBNK-AAFC-AC000906_93_8633,CF,peak_mz,93.8633,MassBank record-derived,positive,Natural Product; Fungal metabolite,medium,1,observed,Trichodermamide C; LC-ESI-ITFT; MS2; CE: 55; R=17500; [M+Na]+,peak_mz:93.8650,extended,True,medium,medium,keep
CF:massbank_MSBNK-AAFC-AC000907_230_0924,CF,peak_mz,230.0924,MassBank record-derived,positive,Natural Product; Fungal metabolite,medium,1,observed,Fumiquinazoline F; LC-ESI-ITFT; MS2; CE: 10; R=17500; [M+H]+,peak_mz:230.0900,extended,True,medium,medium,keep
CF:massbank_MSBNK-AAFC-AC000908_170_06,CF,peak_mz,170.06,MassBank record-derived,positive,Natural Product; Fungal metabolite,medium,1,observed,Fumiquinazoline F; LC-ESI-ITFT; MS2; CE: 20; R=17500; [M+H]+,peak_mz:170.0600,extended,True,medium,medium,keep
CF:massbank_MSBNK-AAFC-AC000909_188_0818,CF,peak_mz,188.0818,MassBank record-derived,positive,Natural Product; Fungal metabolite,medium,1,observed,Fumiquinazoline F; LC-ESI-ITFT; MS2; CE: 30; R=17500; [M+H]+,peak_mz:188.0800,extended,True,medium,medium,keep
CF:massbank_MSBNK-AAFC-AC000912_363_167,CF,peak_mz,363.167,MassBank record-derived,positive,Natural Product; Fungal metabolite,medium,1,observed,Fumiquinazoline F; LC-ESI-ITFT; MS2; CE: 10; R=17500; [M+Na]+,peak_mz:363.1650,extended,True,medium,medium,keep
CF:massbank_MSBNK-AAFC-AC000912_381_1322,CF,peak_mz,381.1322,MassBank record-derived,positive,Natural Product; Fungal metabolite,medium,1,observed,Fumiquinazoline F; LC-ESI-ITFT; MS2; CE: 10; R=17500; [M+Na]+,peak_mz:381.1300,extended,True,medium,medium,keep
CF:massbank_MSBNK-AAFC-AC000913_363_1667,CF,peak_mz,363.1667,MassBank record-derived,positive,Natural Product; Fungal metabolite,medium,1,observed,Fumiquinazoline F; LC-ESI-ITFT; MS2; CE: 20; R=17500; [M+Na]+,peak_mz:363.1650,extended,True,medium,medium,keep
CF:massbank_MSBNK-AAFC-AC000913_379_1804,CF,peak_mz,379.1804,MassBank record-derived,positive,Natural Product; Fungal metabolite,medium,1,observed,Fumiquinazoline F; LC-ESI-ITFT; MS2; CE: 20; R=17500; [M+Na]+,peak_mz:379.1800,extended,True,medium,medium,keep
CF:massbank_MSBNK-AAFC-AC000914_340_1521,CF,peak_mz,340.1521,MassBank record-derived,positive,Natural Product; Fungal metabolite,medium,1,observed,Fumiquinazoline F; LC-ESI-ITFT; MS2; CE: 30; R=17500; [M+Na]+,peak_mz:340.1500,extended,True,medium,medium,keep
CF:massbank_MSBNK-AAFC-AC000914_358_1636,CF,peak_mz,358.1636,MassBank record-derived,positive,Natural Product; Fungal metabolite,medium,1,observed,Fumiquinazoline F; LC-ESI-ITFT; MS2; CE: 30; R=17500; [M+Na]+,peak_mz:358.1650,extended,True,medium,medium,keep
CF:massbank_MSBNK-AAFC-AC000914_363_1674,CF,peak_mz,363.1674,MassBank record-derived,positive,Natural Product; Fungal metabolite,medium,1,observed,Fumiquinazoline F; LC-ESI-ITFT; MS2; CE: 30; R=17500; [M+Na]+,peak_mz:363.1650,extended,True,medium,medium,keep
CF:massbank_MSBNK-AAFC-AC000915_53_7875,CF,peak_mz,53.7875,MassBank record-derived,positive,Natural Product; Fungal metabolite,medium,1,observed,Fumiquinazoline F; LC-ESI-ITFT; MS2; CE: 40; R=17500; [M+Na]+,peak_mz:53.7900,extended,True,medium,medium,keep
CF:massbank_MSBNK-AAFC-AC000915_71_5569,CF,peak_mz,71.5569,MassBank record-derived,positive,Natural Product; Fungal metabolite,medium,1,observed,Fumiquinazoline F; LC-ESI-ITFT; MS2; CE: 40; R=17500; [M+Na]+,peak_mz:71.5550,extended,True,medium,medium,keep
CF:massbank_MSBNK-AAFC-AC000915_100_9701,CF,peak_mz,100.9701,MassBank record-derived,positive,Natural Product; Fungal metabolite,medium,1,observed,Fumiquinazoline F; LC-ESI-ITFT; MS2; CE: 40; R=17500; [M+Na]+,peak_mz:100.9700,extended,True,medium,medium,keep
CF:massbank_MSBNK-AAFC-AC000916_181_0859,CF,peak_mz,181.0859,MassBank record-derived,positive,Natural Product; Fungal metabolite,medium,1,observed,Atranone B; LC-ESI-ITFT; MS2; CE: 10; R=17500; [M+H]+,peak_mz:181.0850,extended,True,medium,medium,keep
CF:massbank_MSBNK-AAFC-AC000916_195_1016,CF,peak_mz,195.1016,MassBank record-derived,positive,Natural Product; Fungal metabolite,medium,1,observed,Atranone B; LC-ESI-ITFT; MS2; CE: 10; R=17500; [M+H]+,peak_mz:195.1000,extended,True,medium,medium,keep
CF:massbank_MSBNK-AAFC-AC000917_73_0648,CF,peak_mz,73.0648,MassBank record-derived,positive,Natural Product; Fungal metabolite,medium,1,observed,Atranone B; LC-ESI-ITFT; MS2; CE: 20; R=17500; [M+H]+,peak_mz:73.0650,extended,True,medium,medium,keep
CF:massbank_MSBNK-AAFC-AC000918_59_0491,CF,peak_mz,59.0491,MassBank record-derived,positive,Natural Product; Fungal metabolite,medium,1,observed,Atranone B; LC-ESI-ITFT; MS2; CE: 30; R=17500; [M+H]+,peak_mz:59.0500,extended,True,medium,medium,keep
CF:massbank_MSBNK-AAFC-AC000921_279_0652,CF,peak_mz,279.0652,MassBank record-derived,positive,Natural Product; Fungal metabolite,medium,1,observed,"4',5-bisdeoxy-dothistromin; LC-ESI-ITFT; MS2; CE: 10; R=17500; [M+H]+",peak_mz:279.0650,extended,True,medium,medium,keep
CF:massbank_MSBNK-AAFC-AC000924_251_0703,CF,peak_mz,251.0703,MassBank record-derived,positive,Natural Product; Fungal metabolite,medium,1,observed,"4',5-bisdeoxy-dothistromin; LC-ESI-ITFT; MS2; CE: 35; R=17500; [M+H]+",peak_mz:251.0700,extended,True,medium,medium,keep
CF:massbank_MSBNK-AAFC-AC000924_267_0652,CF,peak_mz,267.0652,MassBank record-derived,positive,Natural Product; Fungal metabolite,medium,1,observed,"4',5-bisdeoxy-dothistromin; LC-ESI-ITFT; MS2; CE: 35; R=17500; [M+H]+",peak_mz:267.0650,extended,True,medium,medium,keep
CF:massbank_MSBNK-AAFC-AC000925_121_0284,CF,peak_mz,121.0284,MassBank record-derived,positive,Natural Product; Fungal metabolite,medium,1,observed,"4',5-bisdeoxy-dothistromin; LC-ESI-ITFT; MS2; CE: 50; R=17500; [M+H]+",peak_mz:121.0300,extended,True,medium,medium,keep
CF:massbank_MSBNK-AAFC-AC000925_159_0441,CF,peak_mz,159.0441,MassBank record-derived,positive,Natural Product; Fungal metabolite,medium,1,observed,"4',5-bisdeoxy-dothistromin; LC-ESI-ITFT; MS2; CE: 50; R=17500; [M+H]+",peak_mz:159.0450,extended,True,medium,medium,keep
CF:massbank_MSBNK-AAFC-AC000926_353_1118,CF,peak_mz,353.1118,MassBank record-derived,positive,Natural Product; Fungal metabolite,medium,1,observed,Roquefortine M; LC-ESI-ITFT; MS2; CE: 10; R=17500; [M+H]+,peak_mz:353.1100,extended,True,medium,medium,keep
CF:massbank_MSBNK-AAFC-AC000926_422_1823,CF,peak_mz,422.1823,MassBank record-derived,positive,Natural Product; Fungal metabolite,medium,1,observed,Roquefortine M; LC-ESI-ITFT; MS2; CE: 10; R=17500; [M+H]+,peak_mz:422.1800,extended,True,medium,medium,keep
CF:massbank_MSBNK-AAFC-AC000929_109_0634,CF,peak_mz,109.0634,MassBank record-derived,positive,Natural Product; Fungal metabolite,medium,1,observed,Roquefortine M; LC-ESI-ITFT; MS2; CE: 40; R=17500; [M+H]+,peak_mz:109.0650,extended,True,medium,medium,keep
CF:massbank_MSBNK-AAFC-AC000931_82_6406,CF,peak_mz,82.6406,MassBank record-derived,negative,Natural Product; Fungal metabolite,medium,1,observed,Fumonisin La4; LC-ESI-ITFT; MS2; CE: 10; R=17500; [M-H]-,peak_mz:82.6400,extended,True,medium,medium,keep
CF:massbank_MSBNK-AAFC-AC000931_391_8994,CF,peak_mz,391.8994,MassBank record-derived,negative,Natural Product; Fungal metabolite,medium,1,observed,Fumonisin La4; LC-ESI-ITFT; MS2; CE: 10; R=17500; [M-H]-,peak_mz:391.9000,extended,True,medium,medium,keep
CF:massbank_MSBNK-AAFC-AC000931_451_64,CF,peak_mz,451.64,MassBank record-derived,negative,Natural Product; Fungal metabolite,medium,1,observed,Fumonisin La4; LC-ESI-ITFT; MS2; CE: 10; R=17500; [M-H]-,peak_mz:451.6400,extended,True,medium,medium,keep
CF:massbank_MSBNK-AAFC-AC000932_157_0122,CF,peak_mz,157.0122,MassBank record-derived,negative,Natural Product; Fungal metabolite,medium,1,observed,Fumonisin La4; LC-ESI-ITFT; MS2; CE: 20; R=17500; [M-H]-,peak_mz:157.0100,extended,True,medium,medium,keep
CF:massbank_MSBNK-AAFC-AC000932_531_3539,CF,peak_mz,531.3539,MassBank record-derived,negative,Natural Product; Fungal metabolite,medium,1,observed,Fumonisin La4; LC-ESI-ITFT; MS2; CE: 20; R=17500; [M-H]-,peak_mz:531.3550,extended,True,medium,medium,keep
CF:massbank_MSBNK-AAFC-AC000932_689_3691,CF,peak_mz,689.3691,MassBank record-derived,negative,Natural Product; Fungal metabolite,medium,1,observed,Fumonisin La4; LC-ESI-ITFT; MS2; CE: 20; R=17500; [M-H]-,peak_mz:689.3700,extended,True,medium,medium,keep
CF:massbank_MSBNK-AAFC-AC000933_69_0327,CF,peak_mz,69.0327,MassBank record-derived,negative,Natural Product; Fungal metabolite,medium,1,observed,Fumonisin La4; LC-ESI-ITFT; MS2; CE: 30; R=17500; [M-H]-,peak_mz:69.0350,extended,True,medium,medium,keep
CF:massbank_MSBNK-AAFC-AC000933_113_0223,CF,peak_mz,113.0223,MassBank record-derived,negative,Natural Product; Fungal metabolite,medium,1,observed,Fumonisin La4; LC-ESI-ITFT; MS2; CE: 30; R=17500; [M-H]-,peak_mz:113.0200,extended,True,medium,medium,keep
CF:massbank_MSBNK-AAFC-AC000934_157_0123,CF,peak_mz,157.0123,MassBank record-derived,negative,Natural Product; Fungal metabolite,medium,1,observed,Fumonisin La4; LC-ESI-ITFT; MS2; CE: 40; R=17500; [M-H]-,peak_mz:157.0100,extended,True,medium,medium,keep
CF:massbank_MSBNK-AAFC-AC000935_51_6054,CF,peak_mz,51.6054,MassBank record-derived,negative,Natural Product; Fungal metabolite,medium,1,observed,Fumonisin La4; LC-ESI-ITFT; MS2; CE: 55; R=17500; [M-H]-,peak_mz:51.6050,extended,True,medium,medium,keep
CF:massbank_MSBNK-AAFC-AC000935_69_0328,CF,peak_mz,69.0328,MassBank record-derived,negative,Natural Product; Fungal metabolite,medium,1,observed,Fumonisin La4; LC-ESI-ITFT; MS2; CE: 55; R=17500; [M-H]-,peak_mz:69.0350,extended,True,medium,medium,keep
CF:massbank_MSBNK-AAFC-AC000935_71_0121,CF,peak_mz,71.0121,MassBank record-derived,negative,Natural Product; Fungal metabolite,medium,1,observed,Fumonisin La4; LC-ESI-ITFT; MS2; CE: 55; R=17500; [M-H]-,peak_mz:71.0100,extended,True,medium,medium,keep
CF:massbank_MSBNK-AAFC-AC000936_157_0126,CF,peak_mz,157.0126,MassBank record-derived,negative,Natural Product; Fungal metabolite,medium,1,observed,Fumonisin Py2; LC-ESI-ITFT; MS2; CE: 10; R=17500; [M-H]-,peak_mz:157.0150,extended,True,medium,medium,keep
CF:massbank_MSBNK-AAFC-AC000936_545_3331,CF,peak_mz,545.3331,MassBank record-derived,negative,Natural Product; Fungal metabolite,medium,1,observed,Fumonisin Py2; LC-ESI-ITFT; MS2; CE: 10; R=17500; [M-H]-,peak_mz:545.3350,extended,True,medium,medium,keep
CF:massbank_MSBNK-AAFC-AC000937_175_0219,CF,peak_mz,175.0219,MassBank record-derived,negative,Natural Product; Fungal metabolite,medium,1,observed,Fumonisin Py2; LC-ESI-ITFT; MS2; CE: 20; R=17500; [M-H]-,peak_mz:175.0200,extended,True,medium,medium,keep
CF:massbank_MSBNK-AAFC-AC000938_113_0225,CF,peak_mz,113.0225,MassBank record-derived,negative,Natural Product; Fungal metabolite,medium,1,observed,Fumonisin Py2; LC-ESI-ITFT; MS2; CE: 30; R=17500; [M-H]-,peak_mz:113.0200,extended,True,medium,medium,keep
CF:massbank_MSBNK-AAFC-AC000939_113_0224,CF,peak_mz,113.0224,MassBank record-derived,negative,Natural Product; Fungal metabolite,medium,1,observed,Fumonisin Py2; LC-ESI-ITFT; MS2; CE: 40; R=17500; [M-H]-,peak_mz:113.0200,extended,True,medium,medium,keep
CF:massbank_MSBNK-AAFC-AC000940_85_0276,CF,peak_mz,85.0276,MassBank record-derived,negative,Natural Product; Fungal metabolite,medium,1,observed,Fumonisin Py2; LC-ESI-ITFT; MS2; CE: 55; R=17500; [M-H]-,peak_mz:85.0300,extended,True,medium,medium,keep
CF:massbank_MSBNK-AAFC-AC000941_58_3913,CF,peak_mz,58.3913,MassBank record-derived,negative,Natural Product; Fungal metabolite,medium,1,observed,Fumonisin Py4; LC-ESI-ITFT; MS2; CE: 20; R=17500; [M-H]-,peak_mz:58.3900,extended,True,medium,medium,keep
CF:massbank_MSBNK-AAFC-AC000941_61_446,CF,peak_mz,61.446,MassBank record-derived,negative,Natural Product; Fungal metabolite,medium,1,observed,Fumonisin Py4; LC-ESI-ITFT; MS2; CE: 20; R=17500; [M-H]-,peak_mz:61.4450,extended,True,medium,medium,keep
CF:massbank_MSBNK-AAFC-AC000941_61_9958,CF,peak_mz,61.9958,MassBank record-derived,negative,Natural Product; Fungal metabolite,medium,1,observed,Fumonisin Py4; LC-ESI-ITFT; MS2; CE: 20; R=17500; [M-H]-,peak_mz:61.9950,extended,True,medium,medium,keep
CF:massbank_MSBNK-AAFC-AC000943_60_1075,CF,peak_mz,60.1075,MassBank record-derived,negative,Natural Product; Fungal metabolite,medium,1,observed,Fumonisin Py4; LC-ESI-ITFT; MS2; CE: 40; R=17500; [M-H]-,peak_mz:60.1100,extended,True,medium,medium,keep
CF:massbank_MSBNK-AAFC-AC000943_84_0337,CF,peak_mz,84.0337,MassBank record-derived,negative,Natural Product; Fungal metabolite,medium,1,observed,Fumonisin Py4; LC-ESI-ITFT; MS2; CE: 40; R=17500; [M-H]-,peak_mz:84.0350,extended,True,medium,medium,keep
CF:massbank_MSBNK-AAFC-AC000944_53_6595,CF,peak_mz,53.6595,MassBank record-derived,negative,Natural Product; Fungal metabolite,medium,1,observed,Fumonisin Py4; LC-ESI-ITFT; MS2; CE: 55; R=17500; [M-H]-,peak_mz:53.6600,extended,True,medium,medium,keep
CF:massbank_MSBNK-AAFC-AC000944_61_8448,CF,peak_mz,61.8448,MassBank record-derived,negative,Natural Product; Fungal metabolite,medium,1,observed,Fumonisin Py4; LC-ESI-ITFT; MS2; CE: 55; R=17500; [M-H]-,peak_mz:61.8450,extended,True,medium,medium,keep
CF:massbank_MSBNK-AAFC-AC000944_63_1653,CF,peak_mz,63.1653,MassBank record-derived,negative,Natural Product; Fungal metabolite,medium,1,observed,Fumonisin Py4; LC-ESI-ITFT; MS2; CE: 55; R=17500; [M-H]-,peak_mz:63.1650,extended,True,medium,medium,keep
CF:massbank_MSBNK-AAFC-AC000945_56_1395,CF,peak_mz,56.1395,MassBank record-derived,negative,Natural Product; Fungal metabolite,medium,1,observed,Fumonisin Py4; LC-ESI-ITFT; MS2; CE: 10; R=17500; [M-H]-,peak_mz:56.1400,extended,True,medium,medium,keep
CF:massbank_MSBNK-AAFC-AC000945_63_5209,CF,peak_mz,63.5209,MassBank record-derived,negative,Natural Product; Fungal metabolite,medium,1,observed,Fumonisin Py4; LC-ESI-ITFT; MS2; CE: 10; R=17500; [M-H]-,peak_mz:63.5200,extended,True,medium,medium,keep
CF:massbank_MSBNK-AAFC-AC000945_66_2023,CF,peak_mz,66.2023,MassBank record-derived,negative,Natural Product; Fungal metabolite,medium,1,observed,Fumonisin Py4; LC-ESI-ITFT; MS2; CE: 10; R=17500; [M-H]-,peak_mz:66.2000,extended,True,medium,medium,keep
CF:massbank_MSBNK-AAFC-AC000946_72_1042,CF,peak_mz,72.1042,MassBank record-derived,positive,Natural Product; Fungal metabolite,medium,1,observed,Cyclo(VVFF); LC-ESI-ITFT; MS2; CE: 10; R=17500; [M+H]+,peak_mz:72.1050,extended,True,medium,medium,keep
CF:massbank_MSBNK-AAFC-AC000946_85_3439,CF,peak_mz,85.3439,MassBank record-derived,positive,Natural Product; Fungal metabolite,medium,1,observed,Cyclo(VVFF); LC-ESI-ITFT; MS2; CE: 10; R=17500; [M+H]+,peak_mz:85.3450,extended,True,medium,medium,keep
CF:massbank_MSBNK-AAFC-AC000946_95_226,CF,peak_mz,95.226,MassBank record-derived,positive,Natural Product; Fungal metabolite,medium,1,observed,Cyclo(VVFF); LC-ESI-ITFT; MS2; CE: 10; R=17500; [M+H]+,peak_mz:95.2250,extended,True,medium,medium,keep
CF:massbank_MSBNK-AAFC-AC000948_58_0689,CF,peak_mz,58.0689,MassBank record-derived,positive,Natural Product; Fungal metabolite,medium,1,observed,Cyclo(VVFF); LC-ESI-ITFT; MS2; CE: 30; R=17500; [M+H]+,peak_mz:58.0700,extended,True,medium,medium,keep
CF:massbank_MSBNK-AAFC-AC000948_60_4481,CF,peak_mz,60.4481,MassBank record-derived,positive,Natural Product; Fungal metabolite,medium,1,observed,Cyclo(VVFF); LC-ESI-ITFT; MS2; CE: 30; R=17500; [M+H]+,peak_mz:60.4500,extended,True,medium,medium,keep
CF:massbank_MSBNK-AAFC-AC000949_117_087,CF,peak_mz,117.087,MassBank record-derived,positive,Natural Product; Fungal metabolite,medium,1,observed,Cyclo(VVFF); LC-ESI-ITFT; MS2; CE: 40; R=17500; [M+H]+,peak_mz:117.0850,extended,True,medium,medium,keep
CF:massbank_MSBNK-AAFC-AC000950_90_9773,CF,peak_mz,90.9773,MassBank record-derived,positive,Natural Product; Fungal metabolite,medium,1,observed,Cyclo(VVFF); LC-ESI-ITFT; MS2; CE: 55; R=17500; [M+H]+,peak_mz:90.9750,extended,True,medium,medium,keep
NL:massbank_MSBNK-ACES_SU-AS000001,NL,mass_diff,1.007,MassBank record-derived,negative,Benzene Derivatives; Phenols; Nitrophenols; Dinitrophenols,medium,1,observed,"2,4-Dinitrophenol; LC-ESI-QFT; MS2; CE:40; R=30000; [M-H]-",mass_diff:1.0050,extended,True,medium,medium,keep
CF:massbank_MSBNK-ACES_SU-AS000001_59_0138,CF,peak_mz,59.0138,MassBank record-derived,negative,Benzene Derivatives; Phenols; Nitrophenols; Dinitrophenols,medium,1,observed,"2,4-Dinitrophenol; LC-ESI-QFT; MS2; CE:40; R=30000; [M-H]-",peak_mz:59.0150,extended,True,medium,medium,keep
CF:massbank_MSBNK-ACES_SU-AS000001_59_9672,CF,peak_mz,59.9672,MassBank record-derived,negative,Benzene Derivatives; Phenols; Nitrophenols; Dinitrophenols,medium,1,observed,"2,4-Dinitrophenol; LC-ESI-QFT; MS2; CE:40; R=30000; [M-H]-",peak_mz:59.9650,extended,True,medium,medium,keep
CF:massbank_MSBNK-ACES_SU-AS000001_61_9883,CF,peak_mz,61.9883,MassBank record-derived,negative,Benzene Derivatives; Phenols; Nitrophenols; Dinitrophenols,medium,1,observed,"2,4-Dinitrophenol; LC-ESI-QFT; MS2; CE:40; R=30000; [M-H]-",peak_mz:61.9900,extended,True,medium,medium,keep
NL:massbank_MSBNK-ACES_SU-AS000002,NL,mass_diff,0.5376,MassBank record-derived,negative,Benzene Derivatives; Phenols; Nitrophenols,medium,1,observed,2-Nitrophenol; LC-ESI-QFT; MS2; CE:40; R=30000; [M-H]-,mass_diff:0.5400,extended,True,medium,medium,keep
CF:massbank_MSBNK-ACES_SU-AS000002_59_005,CF,peak_mz,59.005,MassBank record-derived,negative,Benzene Derivatives; Phenols; Nitrophenols,medium,1,observed,2-Nitrophenol; LC-ESI-QFT; MS2; CE:40; R=30000; [M-H]-,peak_mz:59.0050,extended,True,medium,medium,keep
CF:massbank_MSBNK-ACES_SU-AS000002_65_0032,CF,peak_mz,65.0032,MassBank record-derived,negative,Benzene Derivatives; Phenols; Nitrophenols,medium,1,observed,2-Nitrophenol; LC-ESI-QFT; MS2; CE:40; R=30000; [M-H]-,peak_mz:65.0050,extended,True,medium,medium,keep
NL:massbank_MSBNK-ACES_SU-AS000003,NL,mass_diff,1.0072,MassBank record-derived,negative,Nitrobenzoic Acids; Phenols; Hydroxybenzoic acid; Salicylates,medium,1,observed,"3,5-Dinitrosalicylic acid; LC-ESI-QFT; MS2; CE:40; R=30000; [M-H]-",mass_diff:1.0050,extended,True,medium,medium,keep
CF:massbank_MSBNK-ACES_SU-AS000003_58_0297,CF,peak_mz,58.0297,MassBank record-derived,negative,Nitrobenzoic Acids; Phenols; Hydroxybenzoic acid; Salicylates,medium,1,observed,"3,5-Dinitrosalicylic acid; LC-ESI-QFT; MS2; CE:40; R=30000; [M-H]-",peak_mz:58.0300,extended,True,medium,medium,keep
CF:massbank_MSBNK-ACES_SU-AS000003_67_0189,CF,peak_mz,67.0189,MassBank record-derived,negative,Nitrobenzoic Acids; Phenols; Hydroxybenzoic acid; Salicylates,medium,1,observed,"3,5-Dinitrosalicylic acid; LC-ESI-QFT; MS2; CE:40; R=30000; [M-H]-",peak_mz:67.0200,extended,True,medium,medium,keep
NL:massbank_MSBNK-ACES_SU-AS000004,NL,mass_diff,1.0073,MassBank record-derived,negative,Nitrophenols; Benzene Derivatives; Cresols,medium,1,observed,4-Methyl-2-nitrophenol; LC-ESI-QFT; MS2; CE:40; R=30000; [M-H]-,mass_diff:1.0050,extended,True,medium,medium,keep
CF:massbank_MSBNK-ACES_SU-AS000004_121_0293,CF,peak_mz,121.0293,MassBank record-derived,negative,Nitrophenols; Benzene Derivatives; Cresols,medium,1,observed,4-Methyl-2-nitrophenol; LC-ESI-QFT; MS2; CE:40; R=30000; [M-H]-,peak_mz:121.0300,extended,True,medium,medium,keep
CF:massbank_MSBNK-ACES_SU-AS000004_122_0318,CF,peak_mz,122.0318,MassBank record-derived,negative,Nitrophenols; Benzene Derivatives; Cresols,medium,1,observed,4-Methyl-2-nitrophenol; LC-ESI-QFT; MS2; CE:40; R=30000; [M-H]-,peak_mz:122.0300,extended,True,medium,medium,keep
CF:massbank_MSBNK-ACES_SU-AS000004_122_0376,CF,peak_mz,122.0376,MassBank record-derived,negative,Nitrophenols; Benzene Derivatives; Cresols,medium,1,observed,4-Methyl-2-nitrophenol; LC-ESI-QFT; MS2; CE:40; R=30000; [M-H]-,peak_mz:122.0400,extended,True,medium,medium,keep
NL:massbank_MSBNK-ACES_SU-AS000005,NL,mass_diff,1.0074,MassBank record-derived,negative,Nitrobenzoic Acids; Phenols; Hydroxybenzoic acid,medium,1,observed,5-Nitrosalicylic acid; LC-ESI-QFT; MS2; CE:40; R=30000; [M-H]-,mass_diff:1.0050,extended,True,medium,medium,keep
CF:massbank_MSBNK-ACES_SU-AS000005_59_9671,CF,peak_mz,59.9671,MassBank record-derived,negative,Nitrobenzoic Acids; Phenols; Hydroxybenzoic acid,medium,1,observed,5-Nitrosalicylic acid; LC-ESI-QFT; MS2; CE:40; R=30000; [M-H]-,peak_mz:59.9650,extended,True,medium,medium,keep
CF:massbank_MSBNK-ACES_SU-AS000005_92_0269,CF,peak_mz,92.0269,MassBank record-derived,negative,Nitrobenzoic Acids; Phenols; Hydroxybenzoic acid,medium,1,observed,5-Nitrosalicylic acid; LC-ESI-QFT; MS2; CE:40; R=30000; [M-H]-,peak_mz:92.0250,extended,True,medium,medium,keep
CF:massbank_MSBNK-ACES_SU-AS000005_95_0139,CF,peak_mz,95.0139,MassBank record-derived,negative,Nitrobenzoic Acids; Phenols; Hydroxybenzoic acid,medium,1,observed,5-Nitrosalicylic acid; LC-ESI-QFT; MS2; CE:40; R=30000; [M-H]-,peak_mz:95.0150,extended,True,medium,medium,keep
CF:massbank_MSBNK-ACES_SU-AS000006_78_9591,CF,peak_mz,78.9591,MassBank record-derived,negative,Perfluoroalkyl Acids; Caprylates; Carboxylic acid; Fluoroalkanoic acid; Water repellant; PFAS,medium,1,observed,Perfluorobutanoic acid; LC-ESI-QFT; MS2; CE:40; R=30000; [M-H]-,peak_mz:78.9600,extended,True,medium,medium,keep
CF:massbank_MSBNK-ACES_SU-AS000007_61_9882,CF,peak_mz,61.9882,MassBank record-derived,negative,Perfluoroalkyl Acids; Carboxylic acid; Valerates; Fluoroalkanoic acid; PFAS,medium,1,observed,Perfluoropentanoic acid; LC-ESI-QFT; MS2; CE:40; R=30000; [M-H]-,peak_mz:61.9900,extended,True,medium,medium,keep
CF:massbank_MSBNK-ACES_SU-AS000007_68_9959,CF,peak_mz,68.9959,MassBank record-derived,negative,Perfluoroalkyl Acids; Carboxylic acid; Valerates; Fluoroalkanoic acid; PFAS,medium,1,observed,Perfluoropentanoic acid; LC-ESI-QFT; MS2; CE:40; R=30000; [M-H]-,peak_mz:68.9950,extended,True,medium,medium,keep
CF:massbank_MSBNK-ACES_SU-AS000007_76_9702,CF,peak_mz,76.9702,MassBank record-derived,negative,Perfluoroalkyl Acids; Carboxylic acid; Valerates; Fluoroalkanoic acid; PFAS,medium,1,observed,Perfluoropentanoic acid; LC-ESI-QFT; MS2; CE:40; R=30000; [M-H]-,peak_mz:76.9700,extended,True,medium,medium,keep
CF:massbank_MSBNK-ACES_SU-AS000008_59_0137,CF,peak_mz,59.0137,MassBank record-derived,negative,Perfluoroalkyl Acids; Caproates; Carboxylic acid; Fluoroalkanoic acid; PFAS,medium,1,observed,Perfluorohexanoic acid; LC-ESI-QFT; MS2; CE:40; R=30000; [M-H]-,peak_mz:59.0150,extended,True,medium,medium,keep
NL:massbank_MSBNK-ACES_SU-AS000009,NL,mass_diff,1.0071,MassBank record-derived,negative,Perfluoroalkyl Acids; Carboxylic acid; Fluoroalkanoic acid; PFAS,medium,1,observed,Perfluoroheptanoic acid; LC-ESI-QFT; MS2; CE:40; R=30000; [M-H]-,mass_diff:1.0050,extended,True,medium,medium,keep
CF:massbank_MSBNK-ACES_SU-AS000009_79_9576,CF,peak_mz,79.9576,MassBank record-derived,negative,Perfluoroalkyl Acids; Carboxylic acid; Fluoroalkanoic acid; PFAS,medium,1,observed,Perfluoroheptanoic acid; LC-ESI-QFT; MS2; CE:40; R=30000; [M-H]-,peak_mz:79.9600,extended,True,medium,medium,keep
NL:massbank_MSBNK-ACES_SU-AS000010,NL,mass_diff,1.1519,MassBank record-derived,negative,Perfluoroalkyl Acids; Organosulfonic acid; PFAS,medium,1,observed,Perfluorohexanesulfonic acid; LC-ESI-QFT; MS2; CE:40; R=30000; [M-H]-,mass_diff:1.1500,extended,True,medium,medium,keep
CF:massbank_MSBNK-ACES_SU-AS000010_81_9534,CF,peak_mz,81.9534,MassBank record-derived,negative,Perfluoroalkyl Acids; Organosulfonic acid; PFAS,medium,1,observed,Perfluorohexanesulfonic acid; LC-ESI-QFT; MS2; CE:40; R=30000; [M-H]-,peak_mz:81.9550,extended,True,medium,medium,keep
CF:massbank_MSBNK-ACES_SU-AS000010_81_9617,CF,peak_mz,81.9617,MassBank record-derived,negative,Perfluoroalkyl Acids; Organosulfonic acid; PFAS,medium,1,observed,Perfluorohexanesulfonic acid; LC-ESI-QFT; MS2; CE:40; R=30000; [M-H]-,peak_mz:81.9600,extended,True,medium,medium,keep
NL:massbank_MSBNK-ACES_SU-AS000011,NL,mass_diff,1.0077,MassBank record-derived,negative,Perfluoroalkyl Acids; Caprylates; Carboxylic acid; Fluoroalkanoic acid; Water repellant; PFAS,medium,1,observed,Perfluorooctanoic acid; LC-ESI-QFT; MS2; CE:40; R=30000; [M-H]-,mass_diff:1.0100,extended,True,medium,medium,keep
CF:massbank_MSBNK-ACES_SU-AS000011_79_9573,CF,peak_mz,79.9573,MassBank record-derived,negative,Perfluoroalkyl Acids; Caprylates; Carboxylic acid; Fluoroalkanoic acid; Water repellant; PFAS,medium,1,observed,Perfluorooctanoic acid; LC-ESI-QFT; MS2; CE:40; R=30000; [M-H]-,peak_mz:79.9550,extended,True,medium,medium,keep
CF:massbank_MSBNK-ACES_SU-AS000011_80_9653,CF,peak_mz,80.9653,MassBank record-derived,negative,Perfluoroalkyl Acids; Caprylates; Carboxylic acid; Fluoroalkanoic acid; Water repellant; PFAS,medium,1,observed,Perfluorooctanoic acid; LC-ESI-QFT; MS2; CE:40; R=30000; [M-H]-,peak_mz:80.9650,extended,True,medium,medium,keep
CF:massbank_MSBNK-ACES_SU-AS000011_118_9926,CF,peak_mz,118.9926,MassBank record-derived,negative,Perfluoroalkyl Acids; Caprylates; Carboxylic acid; Fluoroalkanoic acid; Water repellant; PFAS,medium,1,observed,Perfluorooctanoic acid; LC-ESI-QFT; MS2; CE:40; R=30000; [M-H]-,peak_mz:118.9950,extended,True,medium,medium,keep
NL:massbank_MSBNK-ACES_SU-AS000012,NL,mass_diff,1.1885,MassBank record-derived,negative,Perfluoroalkyl Acids; Carboxylic acid; Fluoroalkanoic acid; PFAS,medium,1,observed,Perfluorononanoic acid; LC-ESI-QFT; MS2; CE:40; R=30000; [M-H]-,mass_diff:1.1900,extended,True,medium,medium,keep
CF:massbank_MSBNK-ACES_SU-AS000012_79_9575,CF,peak_mz,79.9575,MassBank record-derived,negative,Perfluoroalkyl Acids; Carboxylic acid; Fluoroalkanoic acid; PFAS,medium,1,observed,Perfluorononanoic acid; LC-ESI-QFT; MS2; CE:40; R=30000; [M-H]-,peak_mz:79.9550,extended,True,medium,medium,keep
NL:massbank_MSBNK-ACES_SU-AS000013,NL,mass_diff,1.205,MassBank record-derived,negative,Perfluoroalkyl Acids; Organosulfonic acid; PFAS,medium,1,observed,Perfluorooctanesulfonic acid; LC-ESI-QFT; MS2; CE:40; R=30000; [M-H]-,mass_diff:1.2050,extended,True,medium,medium,keep
CF:massbank_MSBNK-ACES_SU-AS000013_98_9561,CF,peak_mz,98.9561,MassBank record-derived,negative,Perfluoroalkyl Acids; Organosulfonic acid; PFAS,medium,1,observed,Perfluorooctanesulfonic acid; LC-ESI-QFT; MS2; CE:40; R=30000; [M-H]-,peak_mz:98.9550,extended,True,medium,medium,keep
CF:massbank_MSBNK-ACES_SU-AS000013_168_9894,CF,peak_mz,168.9894,MassBank record-derived,negative,Perfluoroalkyl Acids; Organosulfonic acid; PFAS,medium,1,observed,Perfluorooctanesulfonic acid; LC-ESI-QFT; MS2; CE:40; R=30000; [M-H]-,peak_mz:168.9900,extended,True,medium,medium,keep
NL:massbank_MSBNK-ACES_SU-AS000014,NL,mass_diff,1.0069,MassBank record-derived,negative,Benzopyrans; Flavonoids; Isoflavones,medium,1,observed,"(R,S)-Equol; LC-APCI-QFT; MS2; CE: Ramp 20%-70% (nominal); R=30000; [M-H]-",mass_diff:1.0050,extended,True,medium,medium,keep
CF:massbank_MSBNK-ACES_SU-AS000014_53_8532,CF,peak_mz,53.8532,MassBank record-derived,negative,Benzopyrans; Flavonoids; Isoflavones,medium,1,observed,"(R,S)-Equol; LC-APCI-QFT; MS2; CE: Ramp 20%-70% (nominal); R=30000; [M-H]-",peak_mz:53.8550,extended,True,medium,medium,keep
CF:massbank_MSBNK-ACES_SU-AS000014_63_8978,CF,peak_mz,63.8978,MassBank record-derived,negative,Benzopyrans; Flavonoids; Isoflavones,medium,1,observed,"(R,S)-Equol; LC-APCI-QFT; MS2; CE: Ramp 20%-70% (nominal); R=30000; [M-H]-",peak_mz:63.9000,extended,True,medium,medium,keep
CF:massbank_MSBNK-ACES_SU-AS000014_65_0397,CF,peak_mz,65.0397,MassBank record-derived,negative,Benzopyrans; Flavonoids; Isoflavones,medium,1,observed,"(R,S)-Equol; LC-APCI-QFT; MS2; CE: Ramp 20%-70% (nominal); R=30000; [M-H]-",peak_mz:65.0400,extended,True,medium,medium,keep
CF:massbank_MSBNK-ACES_SU-AS000015_83_014,CF,peak_mz,83.014,MassBank record-derived,negative,Pesticides; Fungicides; Benzimidazoles,medium,1,observed,1H-Benzimidazole; LC-APCI-QFT; MS2; CE: Ramp 20%-70% (nominal); R=30000; [M-H]-,peak_mz:83.0150,extended,True,medium,medium,keep
CF:massbank_MSBNK-ACES_SU-AS000015_99_9257,CF,peak_mz,99.9257,MassBank record-derived,negative,Pesticides; Fungicides; Benzimidazoles,medium,1,observed,1H-Benzimidazole; LC-APCI-QFT; MS2; CE: Ramp 20%-70% (nominal); R=30000; [M-H]-,peak_mz:99.9250,extended,True,medium,medium,keep
CF:massbank_MSBNK-ACES_SU-AS000015_115_076,CF,peak_mz,115.076,MassBank record-derived,negative,Pesticides; Fungicides; Benzimidazoles,medium,1,observed,1H-Benzimidazole; LC-APCI-QFT; MS2; CE: Ramp 20%-70% (nominal); R=30000; [M-H]-,peak_mz:115.0750,extended,True,medium,medium,keep
CF:massbank_MSBNK-ACES_SU-AS000016_79_9574,CF,peak_mz,79.9574,MassBank record-derived,negative,Polycyclic Aromatic Hydrocarbons; Naphthalenes; Naphthalenesulfonates; Organosulfonic acids; Arenesulfonic acids,medium,1,observed,1-Naphthalenesulfonic acid; LC-APCI-QFT; MS2; CE: Ramp 20%-70% (nominal); R=30000; [M-H]-,peak_mz:79.9550,extended,True,medium,medium,keep
CF:massbank_MSBNK-ACES_SU-AS000016_80_9654,CF,peak_mz,80.9654,MassBank record-derived,negative,Polycyclic Aromatic Hydrocarbons; Naphthalenes; Naphthalenesulfonates; Organosulfonic acids; Arenesulfonic acids,medium,1,observed,1-Naphthalenesulfonic acid; LC-APCI-QFT; MS2; CE: Ramp 20%-70% (nominal); R=30000; [M-H]-,peak_mz:80.9650,extended,True,medium,medium,keep
CF:massbank_MSBNK-ACES_SU-AS000016_81_9533,CF,peak_mz,81.9533,MassBank record-derived,negative,Polycyclic Aromatic Hydrocarbons; Naphthalenes; Naphthalenesulfonates; Organosulfonic acids; Arenesulfonic acids,medium,1,observed,1-Naphthalenesulfonic acid; LC-APCI-QFT; MS2; CE: Ramp 20%-70% (nominal); R=30000; [M-H]-,peak_mz:81.9550,extended,True,medium,medium,keep
CF:massbank_MSBNK-ACES_SU-AS000017_115_0556,CF,peak_mz,115.0556,MassBank record-derived,negative,Pesticide transformation products; Polycyclic Aromatic Hydrocarbons; Naphthalenes; Naphthols,medium,1,observed,1-Naphthol; LC-APCI-QFT; MS2; CE: Ramp 20%-70% (nominal); R=30000; [M-H]-,peak_mz:115.0550,extended,True,medium,medium,keep
CF:massbank_MSBNK-ACES_SU-AS000017_116_0584,CF,peak_mz,116.0584,MassBank record-derived,negative,Pesticide transformation products; Polycyclic Aromatic Hydrocarbons; Naphthalenes; Naphthols,medium,1,observed,1-Naphthol; LC-APCI-QFT; MS2; CE: Ramp 20%-70% (nominal); R=30000; [M-H]-,peak_mz:116.0600,extended,True,medium,medium,keep
CF:massbank_MSBNK-ACES_SU-AS000017_143_0506,CF,peak_mz,143.0506,MassBank record-derived,negative,Pesticide transformation products; Polycyclic Aromatic Hydrocarbons; Naphthalenes; Naphthols,medium,1,observed,1-Naphthol; LC-APCI-QFT; MS2; CE: Ramp 20%-70% (nominal); R=30000; [M-H]-,peak_mz:143.0500,extended,True,medium,medium,keep
CF:massbank_MSBNK-ACES_SU-AS000018_50_0035,CF,peak_mz,50.0035,MassBank record-derived,negative,Aromatic Amines; Aniline Compounds,medium,1,observed,"2,4-Dinitroaniline; LC-APCI-QFT; MS2; CE: Ramp 20%-70% (nominal); R=30000; [M-H]-",peak_mz:50.0050,extended,True,medium,medium,keep
CF:massbank_MSBNK-ACES_SU-AS000018_57_0347,CF,peak_mz,57.0347,MassBank record-derived,negative,Aromatic Amines; Aniline Compounds,medium,1,observed,"2,4-Dinitroaniline; LC-APCI-QFT; MS2; CE: Ramp 20%-70% (nominal); R=30000; [M-H]-",peak_mz:57.0350,extended,True,medium,medium,keep
CF:massbank_MSBNK-ACES_SU-AS000018_64_0194,CF,peak_mz,64.0194,MassBank record-derived,negative,Aromatic Amines; Aniline Compounds,medium,1,observed,"2,4-Dinitroaniline; LC-APCI-QFT; MS2; CE: Ramp 20%-70% (nominal); R=30000; [M-H]-",peak_mz:64.0200,extended,True,medium,medium,keep
CF:massbank_MSBNK-ACES_SU-AS000019_51_3192,CF,peak_mz,51.3192,MassBank record-derived,negative,Nitroanilines,medium,1,observed,"2-Bromo-4,6-dinitroaniline; LC-APCI-QFT; MS2; CE: Ramp 20%-70% (nominal); R=30000; [M-H]-",peak_mz:51.3200,extended,True,medium,medium,keep
CF:massbank_MSBNK-ACES_SU-AS000019_60_757,CF,peak_mz,60.757,MassBank record-derived,negative,Nitroanilines,medium,1,observed,"2-Bromo-4,6-dinitroaniline; LC-APCI-QFT; MS2; CE: Ramp 20%-70% (nominal); R=30000; [M-H]-",peak_mz:60.7550,extended,True,medium,medium,keep
CF:massbank_MSBNK-ACES_SU-AS000020_100_9672,CF,peak_mz,100.9672,MassBank record-derived,negative,Benzimidazoles,medium,1,observed,2-Hydroxybenzimidazole; LC-APCI-QFT; MS2; CE: Ramp 20%-70% (nominal); R=30000; [M-H]-,peak_mz:100.9650,extended,True,medium,medium,keep
CF:massbank_MSBNK-ACES_SU-AS000020_132_0331,CF,peak_mz,132.0331,MassBank record-derived,negative,Benzimidazoles,medium,1,observed,2-Hydroxybenzimidazole; LC-APCI-QFT; MS2; CE: Ramp 20%-70% (nominal); R=30000; [M-H]-,peak_mz:132.0350,extended,True,medium,medium,keep
CF:massbank_MSBNK-ACES_SU-AS000020_132_0449,CF,peak_mz,132.0449,MassBank record-derived,negative,Benzimidazoles,medium,1,observed,2-Hydroxybenzimidazole; LC-APCI-QFT; MS2; CE: Ramp 20%-70% (nominal); R=30000; [M-H]-,peak_mz:132.0450,extended,True,medium,medium,keep
CF:massbank_MSBNK-ACES_SU-AS000021_79_9604,CF,peak_mz,79.9604,MassBank record-derived,negative,Polycyclic Aromatic Hydrocarbons; Naphthalenes; Naphthalenesulfonates; Organosulfonic acids; Arenesulfonic acids,medium,1,observed,2-Naphthalenesulfonic acid; LC-APCI-QFT; MS2; CE: Ramp 20%-70% (nominal); R=30000; [M-H]-,peak_mz:79.9600,extended,True,medium,medium,keep
CF:massbank_MSBNK-ACES_SU-AS000022_115_0555,CF,peak_mz,115.0555,MassBank record-derived,negative,Intermediate substance in pigment production; Polycyclic Aromatic Hydrocarbons; Naphthalenes; Naphthols,medium,1,observed,2-Naphthol; LC-APCI-QFT; MS2; CE: Ramp 20%-70% (nominal); R=30000; [M-H]-,peak_mz:115.0550,extended,True,medium,medium,keep
CF:massbank_MSBNK-ACES_SU-AS000022_116_0591,CF,peak_mz,116.0591,MassBank record-derived,negative,Intermediate substance in pigment production; Polycyclic Aromatic Hydrocarbons; Naphthalenes; Naphthols,medium,1,observed,2-Naphthol; LC-APCI-QFT; MS2; CE: Ramp 20%-70% (nominal); R=30000; [M-H]-,peak_mz:116.0600,extended,True,medium,medium,keep
CF:massbank_MSBNK-ACES_SU-AS000022_143_0505,CF,peak_mz,143.0505,MassBank record-derived,negative,Intermediate substance in pigment production; Polycyclic Aromatic Hydrocarbons; Naphthalenes; Naphthols,medium,1,observed,2-Naphthol; LC-APCI-QFT; MS2; CE: Ramp 20%-70% (nominal); R=30000; [M-H]-,peak_mz:143.0500,extended,True,medium,medium,keep
NL:massbank_MSBNK-ACES_SU-AS000023,NL,mass_diff,1.0065,MassBank record-derived,negative,Halogenated Polyaromatics; Benzene Derivatives; Biphenyl Compounds; Polybrominated Biphenyls; Bisphenols; Bromobisphenols; Flame retardants,medium,1,observed,"3,3,5,5-Tetrabromobisphenol A; LC-APCI-QFT; MS2; CE: Ramp 20%-70% (nominal); R=30000; [M-H]-",mass_diff:1.0050,extended,True,medium,medium,keep
CF:massbank_MSBNK-ACES_SU-AS000023_78_9189,CF,peak_mz,78.9189,MassBank record-derived,negative,Halogenated Polyaromatics; Benzene Derivatives; Biphenyl Compounds; Polybrominated Biphenyls; Bisphenols; Bromobisphenols; Flame retardants,medium,1,observed,"3,3,5,5-Tetrabromobisphenol A; LC-APCI-QFT; MS2; CE: Ramp 20%-70% (nominal); R=30000; [M-H]-",peak_mz:78.9200,extended,True,medium,medium,keep
CF:massbank_MSBNK-ACES_SU-AS000023_80_9169,CF,peak_mz,80.9169,MassBank record-derived,negative,Halogenated Polyaromatics; Benzene Derivatives; Biphenyl Compounds; Polybrominated Biphenyls; Bisphenols; Bromobisphenols; Flame retardants,medium,1,observed,"3,3,5,5-Tetrabromobisphenol A; LC-APCI-QFT; MS2; CE: Ramp 20%-70% (nominal); R=30000; [M-H]-",peak_mz:80.9150,extended,True,medium,medium,keep
CF:massbank_MSBNK-ACES_SU-AS000023_97_4129,CF,peak_mz,97.4129,MassBank record-derived,negative,Halogenated Polyaromatics; Benzene Derivatives; Biphenyl Compounds; Polybrominated Biphenyls; Bisphenols; Bromobisphenols; Flame retardants,medium,1,observed,"3,3,5,5-Tetrabromobisphenol A; LC-APCI-QFT; MS2; CE: Ramp 20%-70% (nominal); R=30000; [M-H]-",peak_mz:97.4150,extended,True,medium,medium,keep
CF:massbank_MSBNK-ACES_SU-AS000024_130_0425,CF,peak_mz,130.0425,MassBank record-derived,negative,Food Additives; Benzene Derivatives; Phenols; Cresols; Alkylbenzenes,medium,1,observed,"3,5-Di-tert-butyl-4-hydroxybenzyl alcohol; LC-APCI-QFT; MS2; CE: Ramp 20%-70% (nominal); R=30000; [M-H]-",peak_mz:130.0400,extended,True,medium,medium,keep
CF:massbank_MSBNK-ACES_SU-AS000024_131_0461,CF,peak_mz,131.0461,MassBank record-derived,negative,Food Additives; Benzene Derivatives; Phenols; Cresols; Alkylbenzenes,medium,1,observed,"3,5-Di-tert-butyl-4-hydroxybenzyl alcohol; LC-APCI-QFT; MS2; CE: Ramp 20%-70% (nominal); R=30000; [M-H]-",peak_mz:131.0450,extended,True,medium,medium,keep
CF:massbank_MSBNK-ACES_SU-AS000024_144_0578,CF,peak_mz,144.0578,MassBank record-derived,negative,Food Additives; Benzene Derivatives; Phenols; Cresols; Alkylbenzenes,medium,1,observed,"3,5-Di-tert-butyl-4-hydroxybenzyl alcohol; LC-APCI-QFT; MS2; CE: Ramp 20%-70% (nominal); R=30000; [M-H]-",peak_mz:144.0600,extended,True,medium,medium,keep
CF:massbank_MSBNK-ACES_SU-AS000025_53_2571,CF,peak_mz,53.2571,MassBank record-derived,negative,Azoles; Triazoles; Benzotriazoles,medium,1,observed,4-Methyl-1H-benzotriazole; LC-APCI-QFT; MS2; CE: Ramp 20%-70% (nominal); R=30000; [M-H]-,peak_mz:53.2550,extended,True,medium,medium,keep
CF:massbank_MSBNK-ACES_SU-AS000025_57_131,CF,peak_mz,57.131,MassBank record-derived,negative,Azoles; Triazoles; Benzotriazoles,medium,1,observed,4-Methyl-1H-benzotriazole; LC-APCI-QFT; MS2; CE: Ramp 20%-70% (nominal); R=30000; [M-H]-,peak_mz:57.1300,extended,True,medium,medium,keep
CF:massbank_MSBNK-ACES_SU-AS000025_64_0195,CF,peak_mz,64.0195,MassBank record-derived,negative,Azoles; Triazoles; Benzotriazoles,medium,1,observed,4-Methyl-1H-benzotriazole; LC-APCI-QFT; MS2; CE: Ramp 20%-70% (nominal); R=30000; [M-H]-,peak_mz:64.0200,extended,True,medium,medium,keep
CF:massbank_MSBNK-ACES_SU-AS000026_130_0534,CF,peak_mz,130.0534,MassBank record-derived,negative,Benzimidazoles,medium,1,observed,"5,6-Dimethylbenzimidazole; LC-APCI-QFT; MS2; CE: Ramp 20%-70% (nominal); R=30000; [M-H]-",peak_mz:130.0550,extended,True,medium,medium,keep
CF:massbank_MSBNK-ACES_SU-AS000026_131_0492,CF,peak_mz,131.0492,MassBank record-derived,negative,Benzimidazoles,medium,1,observed,"5,6-Dimethylbenzimidazole; LC-APCI-QFT; MS2; CE: Ramp 20%-70% (nominal); R=30000; [M-H]-",peak_mz:131.0500,extended,True,medium,medium,keep
CF:massbank_MSBNK-ACES_SU-AS000026_143_0512,CF,peak_mz,143.0512,MassBank record-derived,negative,Benzimidazoles,medium,1,observed,"5,6-Dimethylbenzimidazole; LC-APCI-QFT; MS2; CE: Ramp 20%-70% (nominal); R=30000; [M-H]-",peak_mz:143.0500,extended,True,medium,medium,keep
CF:massbank_MSBNK-ACES_SU-AS000027_51_2754,CF,peak_mz,51.2754,MassBank record-derived,negative,Azoles; Triazoles; Benzotriazoles,medium,1,observed,5-Methyl-1H-benzotriazole; LC-APCI-QFT; MS2; CE: Ramp 20%-70% (nominal); R=30000; [M-H]-,peak_mz:51.2750,extended,True,medium,medium,keep
CF:massbank_MSBNK-ACES_SU-AS000027_53_2687,CF,peak_mz,53.2687,MassBank record-derived,negative,Azoles; Triazoles; Benzotriazoles,medium,1,observed,5-Methyl-1H-benzotriazole; LC-APCI-QFT; MS2; CE: Ramp 20%-70% (nominal); R=30000; [M-H]-,peak_mz:53.2700,extended,True,medium,medium,keep
CF:massbank_MSBNK-ACES_SU-AS000027_58_9523,CF,peak_mz,58.9523,MassBank record-derived,negative,Azoles; Triazoles; Benzotriazoles,medium,1,observed,5-Methyl-1H-benzotriazole; LC-APCI-QFT; MS2; CE: Ramp 20%-70% (nominal); R=30000; [M-H]-,peak_mz:58.9500,extended,True,medium,medium,keep
CF:massbank_MSBNK-ACES_SU-AS000028_50_0034,CF,peak_mz,50.0034,MassBank record-derived,negative,Amines; Aniline Compounds,medium,1,observed,"6-Chloro-2,4-dinitroaniline; LC-APCI-QFT; MS2; CE: Ramp 20%-70% (nominal); R=30000; [M-H]-",peak_mz:50.0050,extended,True,medium,medium,keep
CF:massbank_MSBNK-ACES_SU-AS000028_52_0193,CF,peak_mz,52.0193,MassBank record-derived,negative,Amines; Aniline Compounds,medium,1,observed,"6-Chloro-2,4-dinitroaniline; LC-APCI-QFT; MS2; CE: Ramp 20%-70% (nominal); R=30000; [M-H]-",peak_mz:52.0200,extended,True,medium,medium,keep
CF:massbank_MSBNK-ACES_SU-AS000028_65_9986,CF,peak_mz,65.9986,MassBank record-derived,negative,Amines; Aniline Compounds,medium,1,observed,"6-Chloro-2,4-dinitroaniline; LC-APCI-QFT; MS2; CE: Ramp 20%-70% (nominal); R=30000; [M-H]-",peak_mz:66.0000,extended,True,medium,medium,keep
CF:massbank_MSBNK-ACES_SU-AS000029_51_0864,CF,peak_mz,51.0864,MassBank record-derived,negative,Thiazines; Artificial Sweeteners,medium,1,observed,Acesulfam; LC-APCI-QFT; MS2; CE: Ramp 20%-70% (nominal); R=30000; [M-H]-,peak_mz:51.0850,extended,True,medium,medium,keep
CF:massbank_MSBNK-ACES_SU-AS000029_60_5127,CF,peak_mz,60.5127,MassBank record-derived,negative,Thiazines; Artificial Sweeteners,medium,1,observed,Acesulfam; LC-APCI-QFT; MS2; CE: Ramp 20%-70% (nominal); R=30000; [M-H]-,peak_mz:60.5150,extended,True,medium,medium,keep
CF:massbank_MSBNK-ACES_SU-AS000029_63_3313,CF,peak_mz,63.3313,MassBank record-derived,negative,Thiazines; Artificial Sweeteners,medium,1,observed,Acesulfam; LC-APCI-QFT; MS2; CE: Ramp 20%-70% (nominal); R=30000; [M-H]-,peak_mz:63.3300,extended,True,medium,medium,keep
CF:massbank_MSBNK-ACES_SU-AS000030_155_9861,CF,peak_mz,155.9861,MassBank record-derived,negative,Pesticides; Herbicides; Triazines,medium,1,observed,Atrazine; LC-APCI-QFT; MS2; CE: Ramp 20%-70% (nominal); R=30000; [M-H]-,peak_mz:155.9850,extended,True,medium,medium,keep
CF:massbank_MSBNK-ACES_SU-AS000030_177_059,CF,peak_mz,177.059,MassBank record-derived,negative,Pesticides; Herbicides; Triazines,medium,1,observed,Atrazine; LC-APCI-QFT; MS2; CE: Ramp 20%-70% (nominal); R=30000; [M-H]-,peak_mz:177.0600,extended,True,medium,medium,keep
CF:massbank_MSBNK-ACES_SU-AS000030_178_0664,CF,peak_mz,178.0664,MassBank record-derived,negative,Pesticides; Herbicides; Triazines,medium,1,observed,Atrazine; LC-APCI-QFT; MS2; CE: Ramp 20%-70% (nominal); R=30000; [M-H]-,peak_mz:178.0650,extended,True,medium,medium,keep
CF:massbank_MSBNK-ACES_SU-AS000031_67_0303,CF,peak_mz,67.0303,MassBank record-derived,negative,Pesticide metabolites; Herbicides; Triazines,medium,1,observed,Atrazine-2-hydroxy; LC-APCI-QFT; MS2; CE: Ramp 20%-70% (nominal); R=30000; [M-H]-,peak_mz:67.0300,extended,True,medium,medium,keep
CF:massbank_MSBNK-ACES_SU-AS000031_69_046,CF,peak_mz,69.046,MassBank record-derived,negative,Pesticide metabolites; Herbicides; Triazines,medium,1,observed,Atrazine-2-hydroxy; LC-APCI-QFT; MS2; CE: Ramp 20%-70% (nominal); R=30000; [M-H]-,peak_mz:69.0450,extended,True,medium,medium,keep
CF:massbank_MSBNK-ACES_SU-AS000032_55_3771,CF,peak_mz,55.3771,MassBank record-derived,negative,Pesticide metabolites; Herbicides; Triazines,medium,1,observed,Atrazine-desethyl; LC-APCI-QFT; MS2; CE: Ramp 20%-70% (nominal); R=30000; [M-H]-,peak_mz:55.3750,extended,True,medium,medium,keep
CF:massbank_MSBNK-ACES_SU-AS000032_57_5821,CF,peak_mz,57.5821,MassBank record-derived,negative,Pesticide metabolites; Herbicides; Triazines,medium,1,observed,Atrazine-desethyl; LC-APCI-QFT; MS2; CE: Ramp 20%-70% (nominal); R=30000; [M-H]-,peak_mz:57.5800,extended,True,medium,medium,keep
CF:massbank_MSBNK-ACES_SU-AS000032_59_7035,CF,peak_mz,59.7035,MassBank record-derived,negative,Pesticide metabolites; Herbicides; Triazines,medium,1,observed,Atrazine-desethyl; LC-APCI-QFT; MS2; CE: Ramp 20%-70% (nominal); R=30000; [M-H]-,peak_mz:59.7050,extended,True,medium,medium,keep
CF:massbank_MSBNK-ACES_SU-AS000033_65_0016,CF,peak_mz,65.0016,MassBank record-derived,negative,Pesticide metabolites; Herbicides; Triazines,medium,1,observed,Atrazine-desethyl-2-hydroxy; LC-APCI-QFT; MS2; CE: Ramp 20%-70% (nominal); R=30000; [M-H]-,peak_mz:65.0000,extended,True,medium,medium,keep
CF:massbank_MSBNK-ACES_SU-AS000033_65_0034,CF,peak_mz,65.0034,MassBank record-derived,negative,Pesticide metabolites; Herbicides; Triazines,medium,1,observed,Atrazine-desethyl-2-hydroxy; LC-APCI-QFT; MS2; CE: Ramp 20%-70% (nominal); R=30000; [M-H]-,peak_mz:65.0050,extended,True,medium,medium,keep
CF:massbank_MSBNK-ACES_SU-AS000034_70_4623,CF,peak_mz,70.4623,MassBank record-derived,negative,Pesticides; Herbicides; Triazines; Thiazides; Benzothiadiazines,medium,1,observed,Bentazon; LC-APCI-QFT; MS2; CE: Ramp 20%-70% (nominal); R=30000; [M-H]-,peak_mz:70.4600,extended,True,medium,medium,keep
CF:massbank_MSBNK-ACES_SU-AS000034_105_0347,CF,peak_mz,105.0347,MassBank record-derived,negative,Pesticides; Herbicides; Triazines; Thiazides; Benzothiadiazines,medium,1,observed,Bentazon; LC-APCI-QFT; MS2; CE: Ramp 20%-70% (nominal); R=30000; [M-H]-,peak_mz:105.0350,extended,True,medium,medium,keep
CF:massbank_MSBNK-ACES_SU-AS000035_55_8344,CF,peak_mz,55.8344,MassBank record-derived,negative,Drugs; Tropanes,medium,1,observed,Benzoylecgonine; LC-APCI-QFT; MS2; CE: Ramp 20%-70% (nominal); R=30000; [M-H]-,peak_mz:55.8350,extended,True,medium,medium,keep
CF:massbank_MSBNK-ACES_SU-AS000035_57_9755,CF,peak_mz,57.9755,MassBank record-derived,negative,Drugs; Tropanes,medium,1,observed,Benzoylecgonine; LC-APCI-QFT; MS2; CE: Ramp 20%-70% (nominal); R=30000; [M-H]-,peak_mz:57.9750,extended,True,medium,medium,keep
CF:massbank_MSBNK-ACES_SU-AS000035_77_0397,CF,peak_mz,77.0397,MassBank record-derived,negative,Drugs; Tropanes,medium,1,observed,Benzoylecgonine; LC-APCI-QFT; MS2; CE: Ramp 20%-70% (nominal); R=30000; [M-H]-,peak_mz:77.0400,extended,True,medium,medium,keep
CF:massbank_MSBNK-ACES_SU-AS000036_78_0612,CF,peak_mz,78.0612,MassBank record-derived,negative,Pesticides; Pyrethrins/Pyrethroids; Cyclopentane Monoterpenes; Cyclopropanecarboxylate ester; Allethrin; Trans-allethrin,medium,1,observed,Bioallethrin; LC-APCI-QFT; MS2; CE: Ramp 20%-70% (nominal); R=30000; [M-H]-,peak_mz:78.0600,extended,True,medium,medium,keep
CF:massbank_MSBNK-ACES_SU-AS000036_109_0289,CF,peak_mz,109.0289,MassBank record-derived,negative,Pesticides; Pyrethrins/Pyrethroids; Cyclopentane Monoterpenes; Cyclopropanecarboxylate ester; Allethrin; Trans-allethrin,medium,1,observed,Bioallethrin; LC-APCI-QFT; MS2; CE: Ramp 20%-70% (nominal); R=30000; [M-H]-,peak_mz:109.0300,extended,True,medium,medium,keep
CF:massbank_MSBNK-ACES_SU-AS000037_78_9463,CF,peak_mz,78.9463,MassBank record-derived,negative,"Organophosphates; Fragrance Components; Lubricant additives, Corrosion inhibitors",medium,1,observed,Bis(2-ethylhexyl) phosphate; LC-APCI-QFT; MS2; CE: Ramp 20%-70% (nominal); R=30000; [M-H]-,peak_mz:78.9450,extended,True,medium,medium,keep
CF:massbank_MSBNK-ACES_SU-AS000037_96_9697,CF,peak_mz,96.9697,MassBank record-derived,negative,"Organophosphates; Fragrance Components; Lubricant additives, Corrosion inhibitors",medium,1,observed,Bis(2-ethylhexyl) phosphate; LC-APCI-QFT; MS2; CE: Ramp 20%-70% (nominal); R=30000; [M-H]-,peak_mz:96.9700,extended,True,medium,medium,keep
CF:massbank_MSBNK-ACES_SU-AS000038_93_0342,CF,peak_mz,93.0342,MassBank record-derived,negative,Plastices and Rubber; Epoxy Resins; Polymers; Benzene Derivatives; Phenols; Bisphenols; Fire retardant,medium,1,observed,Bisphenol A; LC-APCI-QFT; MS2; CE: Ramp 20%-70% (nominal); R=30000; [M-H]-,peak_mz:93.0350,extended,True,medium,medium,keep
CF:massbank_MSBNK-ACES_SU-AS000038_93_0352,CF,peak_mz,93.0352,MassBank record-derived,negative,Plastices and Rubber; Epoxy Resins; Polymers; Benzene Derivatives; Phenols; Bisphenols; Fire retardant,medium,1,observed,Bisphenol A; LC-APCI-QFT; MS2; CE: Ramp 20%-70% (nominal); R=30000; [M-H]-,peak_mz:93.0350,extended,True,medium,medium,keep
CF:massbank_MSBNK-ACES_SU-AS000038_133_0664,CF,peak_mz,133.0664,MassBank record-derived,negative,Plastices and Rubber; Epoxy Resins; Polymers; Benzene Derivatives; Phenols; Bisphenols; Fire retardant,medium,1,observed,Bisphenol A; LC-APCI-QFT; MS2; CE: Ramp 20%-70% (nominal); R=30000; [M-H]-,peak_mz:133.0650,extended,True,medium,medium,keep
CF:massbank_MSBNK-ACES_SU-AS000039_51_2081,CF,peak_mz,51.2081,MassBank record-derived,negative,Drugs; Antiinfective Agents; Alcohols; Glycols; Propylene Glycols,medium,1,observed,Chloramphenicol; LC-APCI-QFT; MS2; CE: Ramp 20%-70% (nominal); R=30000; [M-H]-,peak_mz:51.2100,extended,True,medium,medium,keep
CF:massbank_MSBNK-ACES_SU-AS000039_82_9463,CF,peak_mz,82.9463,MassBank record-derived,negative,Drugs; Antiinfective Agents; Alcohols; Glycols; Propylene Glycols,medium,1,observed,Chloramphenicol; LC-APCI-QFT; MS2; CE: Ramp 20%-70% (nominal); R=30000; [M-H]-,peak_mz:82.9450,extended,True,medium,medium,keep
CF:massbank_MSBNK-ACES_SU-AS000039_84_0094,CF,peak_mz,84.0094,MassBank record-derived,negative,Drugs; Antiinfective Agents; Alcohols; Glycols; Propylene Glycols,medium,1,observed,Chloramphenicol; LC-APCI-QFT; MS2; CE: Ramp 20%-70% (nominal); R=30000; [M-H]-,peak_mz:84.0100,extended,True,medium,medium,keep
CF:massbank_MSBNK-ACES_SU-AS000040_78_9192,CF,peak_mz,78.9192,MassBank record-derived,negative,Pesticides; Insecticides; Aminobenzoates,medium,1,observed,Chlorantraniliprole; LC-APCI-QFT; MS2; CE: Ramp 20%-70% (nominal); R=30000; [M-H]-,peak_mz:78.9200,extended,True,medium,medium,keep
CF:massbank_MSBNK-ACES_SU-AS000040_85_4086,CF,peak_mz,85.4086,MassBank record-derived,negative,Pesticides; Insecticides; Aminobenzoates,medium,1,observed,Chlorantraniliprole; LC-APCI-QFT; MS2; CE: Ramp 20%-70% (nominal); R=30000; [M-H]-,peak_mz:85.4100,extended,True,medium,medium,keep
CF:massbank_MSBNK-ACES_SU-AS000041_65_0146,CF,peak_mz,65.0146,MassBank record-derived,negative,Azo Dyes; Aniline Compounds,medium,1,observed,Chrysoidine G; LC-APCI-QFT; MS2; CE: Ramp 20%-70% (nominal); R=30000; [M-H]-,peak_mz:65.0150,extended,True,medium,medium,keep
CF:massbank_MSBNK-ACES_SU-AS000041_78_9188,CF,peak_mz,78.9188,MassBank record-derived,negative,Azo Dyes; Aniline Compounds,medium,1,observed,Chrysoidine G; LC-APCI-QFT; MS2; CE: Ramp 20%-70% (nominal); R=30000; [M-H]-,peak_mz:78.9200,extended,True,medium,medium,keep
CF:massbank_MSBNK-ACES_SU-AS000042_91_019,CF,peak_mz,91.019,MassBank record-derived,negative,Phytoestrogens; Benzopyrans; Chromones; Flavonoids; Isoflavones,medium,1,observed,Daidzein; LC-APCI-QFT; MS2; CE: Ramp 20%-70% (nominal); R=30000; [M-H]-,peak_mz:91.0200,extended,True,medium,medium,keep
CF:massbank_MSBNK-ACES_SU-AS000042_117_035,CF,peak_mz,117.035,MassBank record-derived,negative,Phytoestrogens; Benzopyrans; Chromones; Flavonoids; Isoflavones,medium,1,observed,Daidzein; LC-APCI-QFT; MS2; CE: Ramp 20%-70% (nominal); R=30000; [M-H]-,peak_mz:117.0350,extended,True,medium,medium,keep
CF:massbank_MSBNK-ACES_SU-AS000042_132_0219,CF,peak_mz,132.0219,MassBank record-derived,negative,Phytoestrogens; Benzopyrans; Chromones; Flavonoids; Isoflavones,medium,1,observed,Daidzein; LC-APCI-QFT; MS2; CE: Ramp 20%-70% (nominal); R=30000; [M-H]-,peak_mz:132.0200,extended,True,medium,medium,keep
CF:massbank_MSBNK-ACES_SU-AS000043_91_0193,CF,peak_mz,91.0193,MassBank record-derived,negative,Terpenes; Sesquiterpenes,medium,1,observed,Dehydrocostus lactone; LC-APCI-QFT; MS2; CE: Ramp 20%-70% (nominal); R=30000; [M-H]-,peak_mz:91.0200,extended,True,medium,medium,keep
CF:massbank_MSBNK-ACES_SU-AS000043_105_0712,CF,peak_mz,105.0712,MassBank record-derived,negative,Terpenes; Sesquiterpenes,medium,1,observed,Dehydrocostus lactone; LC-APCI-QFT; MS2; CE: Ramp 20%-70% (nominal); R=30000; [M-H]-,peak_mz:105.0700,extended,True,medium,medium,keep
CF:massbank_MSBNK-ACES_SU-AS000043_121_0308,CF,peak_mz,121.0308,MassBank record-derived,negative,Terpenes; Sesquiterpenes,medium,1,observed,Dehydrocostus lactone; LC-APCI-QFT; MS2; CE: Ramp 20%-70% (nominal); R=30000; [M-H]-,peak_mz:121.0300,extended,True,medium,medium,keep
CF:massbank_MSBNK-ACES_SU-AS000044_62_9642,CF,peak_mz,62.9642,MassBank record-derived,negative,Pesticides; Organophosphate Insecticides; Organothiophosphates,medium,1,observed,Diazinon; LC-APCI-QFT; MS2; CE: Ramp 20%-70% (nominal); R=30000; [M-H]-,peak_mz:62.9650,extended,True,medium,medium,keep
CF:massbank_MSBNK-ACES_SU-AS000044_68_0256,CF,peak_mz,68.0256,MassBank record-derived,negative,Pesticides; Organophosphate Insecticides; Organothiophosphates,medium,1,observed,Diazinon; LC-APCI-QFT; MS2; CE: Ramp 20%-70% (nominal); R=30000; [M-H]-,peak_mz:68.0250,extended,True,medium,medium,keep
CF:massbank_MSBNK-ACES_SU-AS000045_126_9959,CF,peak_mz,126.9959,MassBank record-derived,negative,Biocides; Disinfectants; Benzene Derivatives; Chlorobenzenes; Chlorophenols,medium,1,observed,Dichlorophene; LC-APCI-QFT; MS2; CE: Ramp 20%-70% (nominal); R=30000; [M-H]-,peak_mz:126.9950,extended,True,medium,medium,keep
CF:massbank_MSBNK-ACES_SU-AS000045_127_9989,CF,peak_mz,127.9989,MassBank record-derived,negative,Biocides; Disinfectants; Benzene Derivatives; Chlorobenzenes; Chlorophenols,medium,1,observed,Dichlorophene; LC-APCI-QFT; MS2; CE: Ramp 20%-70% (nominal); R=30000; [M-H]-,peak_mz:128.0000,extended,True,medium,medium,keep
CF:massbank_MSBNK-ACES_SU-AS000046_71_0141,CF,peak_mz,71.0141,MassBank record-derived,negative,Drugs; Nonsteroidal Antiinflammatory Drugs; Carboxylic Acids; Phenylacetates,medium,1,observed,Diclofenac; LC-APCI-QFT; MS2; CE: Ramp 20%-70% (nominal); R=30000; [M-H]-,peak_mz:71.0150,extended,True,medium,medium,keep
CF:massbank_MSBNK-ACES_SU-AS000046_148_0528,CF,peak_mz,148.0528,MassBank record-derived,negative,Drugs; Nonsteroidal Antiinflammatory Drugs; Carboxylic Acids; Phenylacetates,medium,1,observed,Diclofenac; LC-APCI-QFT; MS2; CE: Ramp 20%-70% (nominal); R=30000; [M-H]-,peak_mz:148.0550,extended,True,medium,medium,keep
CF:massbank_MSBNK-ACES_SU-AS000047_93_0348,CF,peak_mz,93.0348,MassBank record-derived,negative,Aryl phosphate,medium,1,observed,Diphenyl Phosphate; LC-APCI-QFT; MS2; CE: Ramp 20%-70% (nominal); R=30000; [M-H]-,peak_mz:93.0350,extended,True,medium,medium,keep
CF:massbank_MSBNK-ACES_SU-AS000048_62_964,CF,peak_mz,62.964,MassBank record-derived,negative,Azo Dyes,medium,1,observed,Disperse Orange 1; LC-APCI-QFT; MS2; CE: Ramp 20%-70% (nominal); R=30000; [M-H]-,peak_mz:62.9650,extended,True,medium,medium,keep
CF:massbank_MSBNK-ACES_SU-AS000048_74_2722,CF,peak_mz,74.2722,MassBank record-derived,negative,Azo Dyes,medium,1,observed,Disperse Orange 1; LC-APCI-QFT; MS2; CE: Ramp 20%-70% (nominal); R=30000; [M-H]-,peak_mz:74.2700,extended,True,medium,medium,keep
CF:massbank_MSBNK-ACES_SU-AS000048_78_0349,CF,peak_mz,78.0349,MassBank record-derived,negative,Azo Dyes,medium,1,observed,Disperse Orange 1; LC-APCI-QFT; MS2; CE: Ramp 20%-70% (nominal); R=30000; [M-H]-,peak_mz:78.0350,extended,True,medium,medium,keep
CF:massbank_MSBNK-ACES_SU-AS000049_92_0508,CF,peak_mz,92.0508,MassBank record-derived,negative,Azo Dyes,medium,1,observed,Disperse Yellow 3; LC-APCI-QFT; MS2; CE: Ramp 20%-70% (nominal); R=30000; [M-H]-,peak_mz:92.0500,extended,True,medium,medium,keep
CF:massbank_MSBNK-ACES_SU-AS000049_93_0541,CF,peak_mz,93.0541,MassBank record-derived,negative,Azo Dyes,medium,1,observed,Disperse Yellow 3; LC-APCI-QFT; MS2; CE: Ramp 20%-70% (nominal); R=30000; [M-H]-,peak_mz:93.0550,extended,True,medium,medium,keep
CF:massbank_MSBNK-ACES_SU-AS000049_104_0383,CF,peak_mz,104.0383,MassBank record-derived,negative,Azo Dyes,medium,1,observed,Disperse Yellow 3; LC-APCI-QFT; MS2; CE: Ramp 20%-70% (nominal); R=30000; [M-H]-,peak_mz:104.0400,extended,True,medium,medium,keep
CF:massbank_MSBNK-ACES_SU-AS000050_77_9657,CF,peak_mz,77.9657,MassBank record-derived,negative,Pesticides; Herbicides; Urea Derivatives; Benzene Derivatives,medium,1,observed,Diuron; LC-APCI-QFT; MS2; CE: Ramp 20%-70% (nominal); R=30000; [M-H]-,peak_mz:77.9650,extended,True,medium,medium,keep
CF:massbank_MSBNK-ACES_SU-AS000051_89_0032,CF,peak_mz,89.0032,MassBank record-derived,negative,Pesticides; Herbicides; Urea Derivatives; Benzene Derivatives,medium,1,observed,Fenuron; LC-APCI-QFT; MS2; CE: Ramp 20%-70% (nominal); R=30000; [M-H]-,peak_mz:89.0050,extended,True,medium,medium,keep
CF:massbank_MSBNK-ACES_SU-AS000051_92_0507,CF,peak_mz,92.0507,MassBank record-derived,negative,Pesticides; Herbicides; Urea Derivatives; Benzene Derivatives,medium,1,observed,Fenuron; LC-APCI-QFT; MS2; CE: Ramp 20%-70% (nominal); R=30000; [M-H]-,peak_mz:92.0500,extended,True,medium,medium,keep
CF:massbank_MSBNK-ACES_SU-AS000051_118_0299,CF,peak_mz,118.0299,MassBank record-derived,negative,Pesticides; Herbicides; Urea Derivatives; Benzene Derivatives,medium,1,observed,Fenuron; LC-APCI-QFT; MS2; CE: Ramp 20%-70% (nominal); R=30000; [M-H]-,peak_mz:118.0300,extended,True,medium,medium,keep
CF:massbank_MSBNK-ACES_SU-AS000052_67_0302,CF,peak_mz,67.0302,MassBank record-derived,negative,Drugs; Antifungal Agents; Cytochrome P-450 Enzyme Inhibitors; 14-alpha Demethylase Inhibitors,medium,1,observed,Fluconazole; LC-APCI-QFT; MS2; CE: Ramp 20%-70% (nominal); R=30000; [M-H]-,peak_mz:67.0300,extended,True,medium,medium,keep
CF:massbank_MSBNK-ACES_SU-AS000052_68_036,CF,peak_mz,68.036,MassBank record-derived,negative,Drugs; Antifungal Agents; Cytochrome P-450 Enzyme Inhibitors; 14-alpha Demethylase Inhibitors,medium,1,observed,Fluconazole; LC-APCI-QFT; MS2; CE: Ramp 20%-70% (nominal); R=30000; [M-H]-,peak_mz:68.0350,extended,True,medium,medium,keep
CF:massbank_MSBNK-ACES_SU-AS000053_63_9626,CF,peak_mz,63.9626,MassBank record-derived,negative,Pesticides; Insecticides; Neonicotinoids,medium,1,observed,Imidacloprid; LC-APCI-QFT; MS2; CE: Ramp 20%-70% (nominal); R=30000; [M-H]-,peak_mz:63.9650,extended,True,medium,medium,keep
CF:massbank_MSBNK-ACES_SU-AS000053_63_9645,CF,peak_mz,63.9645,MassBank record-derived,negative,Pesticides; Insecticides; Neonicotinoids,medium,1,observed,Imidacloprid; LC-APCI-QFT; MS2; CE: Ramp 20%-70% (nominal); R=30000; [M-H]-,peak_mz:63.9650,extended,True,medium,medium,keep
CF:massbank_MSBNK-ACES_SU-AS000053_65_9584,CF,peak_mz,65.9584,MassBank record-derived,negative,Pesticides; Insecticides; Neonicotinoids,medium,1,observed,Imidacloprid; LC-APCI-QFT; MS2; CE: Ramp 20%-70% (nominal); R=30000; [M-H]-,peak_mz:65.9600,extended,True,medium,medium,keep
CF:massbank_MSBNK-ACES_SU-AS000054_113_9992,CF,peak_mz,113.9992,MassBank record-derived,negative,Drugs; Angiotensin II Receptor Antagonists; Benzene Derivatives; Biphenyl Compounds,medium,1,observed,Losartan; LC-APCI-QFT; MS2; CE: Ramp 20%-70% (nominal); R=30000; [M-H]-,peak_mz:114.0000,extended,True,medium,medium,keep
CF:massbank_MSBNK-ACES_SU-AS000054_127_0067,CF,peak_mz,127.0067,MassBank record-derived,negative,Drugs; Angiotensin II Receptor Antagonists; Benzene Derivatives; Biphenyl Compounds,medium,1,observed,Losartan; LC-APCI-QFT; MS2; CE: Ramp 20%-70% (nominal); R=30000; [M-H]-,peak_mz:127.0050,extended,True,medium,medium,keep
CF:massbank_MSBNK-ACES_SU-AS000054_128_0104,CF,peak_mz,128.0104,MassBank record-derived,negative,Drugs; Angiotensin II Receptor Antagonists; Benzene Derivatives; Biphenyl Compounds,medium,1,observed,Losartan; LC-APCI-QFT; MS2; CE: Ramp 20%-70% (nominal); R=30000; [M-H]-,peak_mz:128.0100,extended,True,medium,medium,keep
CF:massbank_MSBNK-ACES_SU-AS000055_62_9641,CF,peak_mz,62.9641,MassBank record-derived,negative,Pesticides; Organophosphate Insecticides; Organothiophosphates,medium,1,observed,Malaoxon; LC-APCI-QFT; MS2; CE: Ramp 20%-70% (nominal); R=30000; [M-H]-,peak_mz:62.9650,extended,True,medium,medium,keep
CF:massbank_MSBNK-ACES_SU-AS000055_69_1471,CF,peak_mz,69.1471,MassBank record-derived,negative,Pesticides; Organophosphate Insecticides; Organothiophosphates,medium,1,observed,Malaoxon; LC-APCI-QFT; MS2; CE: Ramp 20%-70% (nominal); R=30000; [M-H]-,peak_mz:69.1450,extended,True,medium,medium,keep
CF:massbank_MSBNK-ACES_SU-AS000055_76_9799,CF,peak_mz,76.9799,MassBank record-derived,negative,Pesticides; Organophosphate Insecticides; Organothiophosphates,medium,1,observed,Malaoxon; LC-APCI-QFT; MS2; CE: Ramp 20%-70% (nominal); R=30000; [M-H]-,peak_mz:76.9800,extended,True,medium,medium,keep
CF:massbank_MSBNK-ACES_SU-AS000056_78_9414,CF,peak_mz,78.9414,MassBank record-derived,negative,Pesticides; Organophosphate Insecticides; Organothiophosphates,medium,1,observed,Malathion; LC-APCI-QFT; MS2; CE: Ramp 20%-70% (nominal); R=30000; [M-H]-,peak_mz:78.9400,extended,True,medium,medium,keep
CF:massbank_MSBNK-ACES_SU-AS000057_75_009,CF,peak_mz,75.009,MassBank record-derived,negative,Pesticides; Fungicides; Carboxamides,medium,1,observed,Metalaxyl; LC-APCI-QFT; MS2; CE: Ramp 20%-70% (nominal); R=30000; [M-H]-,peak_mz:75.0100,extended,True,medium,medium,keep
CF:massbank_MSBNK-ACES_SU-AS000057_87_0451,CF,peak_mz,87.0451,MassBank record-derived,negative,Pesticides; Fungicides; Carboxamides,medium,1,observed,Metalaxyl; LC-APCI-QFT; MS2; CE: Ramp 20%-70% (nominal); R=30000; [M-H]-,peak_mz:87.0450,extended,True,medium,medium,keep
CF:massbank_MSBNK-ACES_SU-AS000058_72_0093,CF,peak_mz,72.0093,MassBank record-derived,negative,Ethanolamines; Surfactants; Antistatic agents,medium,1,observed,N-Lauroylethanolamine; LC-APCI-QFT; MS2; CE: Ramp 20%-70% (nominal); R=30000; [M-H]-,peak_mz:72.0100,extended,True,medium,medium,keep
CF:massbank_MSBNK-ACES_SU-AS000058_84_0457,CF,peak_mz,84.0457,MassBank record-derived,negative,Ethanolamines; Surfactants; Antistatic agents,medium,1,observed,N-Lauroylethanolamine; LC-APCI-QFT; MS2; CE: Ramp 20%-70% (nominal); R=30000; [M-H]-,peak_mz:84.0450,extended,True,medium,medium,keep
CF:massbank_MSBNK-ACES_SU-AS000058_181_1592,CF,peak_mz,181.1592,MassBank record-derived,negative,Ethanolamines; Surfactants; Antistatic agents,medium,1,observed,N-Lauroylethanolamine; LC-APCI-QFT; MS2; CE: Ramp 20%-70% (nominal); R=30000; [M-H]-,peak_mz:181.1600,extended,True,medium,medium,keep
CF:massbank_MSBNK-ACES_SU-AS000059_167_0502,CF,peak_mz,167.0502,MassBank record-derived,negative,Personnal Care Products; Sunscreens Agents; Cosmetics,medium,1,observed,Oxybenzone; LC-APCI-QFT; MS2; CE: Ramp 20%-70% (nominal); R=30000; [M-H]-,peak_mz:167.0500,extended,True,medium,medium,keep
CF:massbank_MSBNK-ACES_SU-AS000059_182_0378,CF,peak_mz,182.0378,MassBank record-derived,negative,Personnal Care Products; Sunscreens Agents; Cosmetics,medium,1,observed,Oxybenzone; LC-APCI-QFT; MS2; CE: Ramp 20%-70% (nominal); R=30000; [M-H]-,peak_mz:182.0400,extended,True,medium,medium,keep
CF:massbank_MSBNK-ACES_SU-AS000059_183_0465,CF,peak_mz,183.0465,MassBank record-derived,negative,Personnal Care Products; Sunscreens Agents; Cosmetics,medium,1,observed,Oxybenzone; LC-APCI-QFT; MS2; CE: Ramp 20%-70% (nominal); R=30000; [M-H]-,peak_mz:183.0450,extended,True,medium,medium,keep
CF:massbank_MSBNK-ACES_SU-AS000060_58_0296,CF,peak_mz,58.0296,MassBank record-derived,negative,Lipids; Fatty Acids; Palmitic Acids; Skin Conditionning Agents,medium,1,observed,Palmitamide; LC-APCI-QFT; MS2; CE: Ramp 20%-70% (nominal); R=30000; [M-H]-,peak_mz:58.0300,extended,True,medium,medium,keep
CF:massbank_MSBNK-ACES_SU-AS000060_214_9898,CF,peak_mz,214.9898,MassBank record-derived,negative,Lipids; Fatty Acids; Palmitic Acids; Skin Conditionning Agents,medium,1,observed,Palmitamide; LC-APCI-QFT; MS2; CE: Ramp 20%-70% (nominal); R=30000; [M-H]-,peak_mz:214.9900,extended,True,medium,medium,keep
CF:massbank_MSBNK-ACES_SU-AS000060_219_0338,CF,peak_mz,219.0338,MassBank record-derived,negative,Lipids; Fatty Acids; Palmitic Acids; Skin Conditionning Agents,medium,1,observed,Palmitamide; LC-APCI-QFT; MS2; CE: Ramp 20%-70% (nominal); R=30000; [M-H]-,peak_mz:219.0350,extended,True,medium,medium,keep
CF:massbank_MSBNK-ACES_SU-AS000061_71_0505,CF,peak_mz,71.0505,MassBank record-derived,negative,Personnal Care Products; Hair and Skin conditioning; Imides,medium,1,observed,Panthenol; LC-APCI-QFT; MS2; CE: Ramp 20%-70% (nominal); R=30000; [M-H]-,peak_mz:71.0500,extended,True,medium,medium,keep
CF:massbank_MSBNK-ACES_SU-AS000061_72_0457,CF,peak_mz,72.0457,MassBank record-derived,negative,Personnal Care Products; Hair and Skin conditioning; Imides,medium,1,observed,Panthenol; LC-APCI-QFT; MS2; CE: Ramp 20%-70% (nominal); R=30000; [M-H]-,peak_mz:72.0450,extended,True,medium,medium,keep
CF:massbank_MSBNK-ACES_SU-AS000062_68_9983,CF,peak_mz,68.9983,MassBank record-derived,negative,Benzene Derivatives; Chlorobenzenes; Chlorophenols,medium,1,observed,Pentachlorophenol; LC-APCI-QFT; MS2; CE: Ramp 20%-70% (nominal); R=30000; [M-H]-,peak_mz:69.0000,extended,True,medium,medium,keep
CF:massbank_MSBNK-ACES_SU-AS000062_78_9214,CF,peak_mz,78.9214,MassBank record-derived,negative,Benzene Derivatives; Chlorobenzenes; Chlorophenols,medium,1,observed,Pentachlorophenol; LC-APCI-QFT; MS2; CE: Ramp 20%-70% (nominal); R=30000; [M-H]-,peak_mz:78.9200,extended,True,medium,medium,keep
CF:massbank_MSBNK-ACES_SU-AS000063_66_0099,CF,peak_mz,66.0099,MassBank record-derived,negative,Pesticides; Herbicides; Triazine,medium,1,observed,Prometon; LC-APCI-QFT; MS2; CE: Ramp 20%-70% (nominal); R=30000; [M-H]-,peak_mz:66.0100,extended,True,medium,medium,keep
CF:massbank_MSBNK-ACES_SU-AS000063_67_0301,CF,peak_mz,67.0301,MassBank record-derived,negative,Pesticides; Herbicides; Triazine,medium,1,observed,Prometon; LC-APCI-QFT; MS2; CE: Ramp 20%-70% (nominal); R=30000; [M-H]-,peak_mz:67.0300,extended,True,medium,medium,keep
CF:massbank_MSBNK-ACES_SU-AS000063_83_0616,CF,peak_mz,83.0616,MassBank record-derived,negative,Pesticides; Herbicides; Triazine,medium,1,observed,Prometon; LC-APCI-QFT; MS2; CE: Ramp 20%-70% (nominal); R=30000; [M-H]-,peak_mz:83.0600,extended,True,medium,medium,keep
CF:massbank_MSBNK-ACES_SU-AS000065_65_04,CF,peak_mz,65.04,MassBank record-derived,negative,Natural Products; Terpenes; Sesquiterpenes,medium,1,observed,Rupestonic acid; LC-APCI-QFT; MS2; CE: Ramp 20%-70% (nominal); R=30000; [M-H]-,peak_mz:65.0400,extended,True,medium,medium,keep
CF:massbank_MSBNK-ACES_SU-AS000065_91_0431,CF,peak_mz,91.0431,MassBank record-derived,negative,Natural Products; Terpenes; Sesquiterpenes,medium,1,observed,Rupestonic acid; LC-APCI-QFT; MS2; CE: Ramp 20%-70% (nominal); R=30000; [M-H]-,peak_mz:91.0450,extended,True,medium,medium,keep
CF:massbank_MSBNK-ACES_SU-AS000066_70_0493,CF,peak_mz,70.0493,MassBank record-derived,negative,Pesticide metabolites; Herbicides; Triazines,medium,1,observed,Simazine-2-hydroxy; LC-APCI-QFT; MS2; CE: Ramp 20%-70% (nominal); R=30000; [M-H]-,peak_mz:70.0500,extended,True,medium,medium,keep
CF:massbank_MSBNK-ACES_SU-AS000067_52_4701,CF,peak_mz,52.4701,MassBank record-derived,negative,Food Additives; Flavoring Agents; Artifical Sweetners,medium,1,observed,Sucralose; LC-APCI-QFT; MS2; CE: Ramp 20%-70% (nominal); R=30000; [M-H]-,peak_mz:52.4700,extended,True,medium,medium,keep
CF:massbank_MSBNK-ACES_SU-AS000067_57_9344,CF,peak_mz,57.9344,MassBank record-derived,negative,Food Additives; Flavoring Agents; Artifical Sweetners,medium,1,observed,Sucralose; LC-APCI-QFT; MS2; CE: Ramp 20%-70% (nominal); R=30000; [M-H]-,peak_mz:57.9350,extended,True,medium,medium,keep
CF:massbank_MSBNK-ACES_SU-AS000067_59_2121,CF,peak_mz,59.2121,MassBank record-derived,negative,Food Additives; Flavoring Agents; Artifical Sweetners,medium,1,observed,Sucralose; LC-APCI-QFT; MS2; CE: Ramp 20%-70% (nominal); R=30000; [M-H]-,peak_mz:59.2100,extended,True,medium,medium,keep
CF:massbank_MSBNK-ACES_SU-AS000068_92_0256,CF,peak_mz,92.0256,MassBank record-derived,negative,Drugs; Antiinfective Agents; Amines; Aniline Compounds; Sulfanilamides,medium,1,observed,Sulfadiazine; LC-APCI-QFT; MS2; CE: Ramp 20%-70% (nominal); R=30000; [M-H]-,peak_mz:92.0250,extended,True,medium,medium,keep
CF:massbank_MSBNK-ACES_SU-AS000068_93_0334,CF,peak_mz,93.0334,MassBank record-derived,negative,Drugs; Antiinfective Agents; Amines; Aniline Compounds; Sulfanilamides,medium,1,observed,Sulfadiazine; LC-APCI-QFT; MS2; CE: Ramp 20%-70% (nominal); R=30000; [M-H]-,peak_mz:93.0350,extended,True,medium,medium,keep
CF:massbank_MSBNK-ACES_SU-AS000069_156_0129,CF,peak_mz,156.0129,MassBank record-derived,negative,Drugs; Antiinfective Agents; Amines; Aniline Compounds; Sulfanilamides,medium,1,observed,Sulfamethoxazole; LC-APCI-QFT; MS2; CE: Ramp 20%-70% (nominal); R=30000; [M-H]-,peak_mz:156.0150,extended,True,medium,medium,keep
CF:massbank_MSBNK-ACES_SU-AS000070_95_9526,CF,peak_mz,95.9526,MassBank record-derived,negative,Surfactants,medium,1,observed,Tetradecyl sulfate; LC-APCI-QFT; MS2; CE: Ramp 20%-70% (nominal); R=30000; [M-H]-,peak_mz:95.9550,extended,True,medium,medium,keep
CF:massbank_MSBNK-ACES_SU-AS000071_65_9987,CF,peak_mz,65.9987,MassBank record-derived,negative,Biocides; Disinfectants; Aniline Compounds; Anilides; Carbanilides,medium,1,observed,Triclocarban; LC-APCI-QFT; MS2; CE: Ramp 20%-70% (nominal); R=30000; [M-H]-,peak_mz:66.0000,extended,True,medium,medium,keep
CF:massbank_MSBNK-ACES_SU-AS000071_94_0294,CF,peak_mz,94.0294,MassBank record-derived,negative,Biocides; Disinfectants; Aniline Compounds; Anilides; Carbanilides,medium,1,observed,Triclocarban; LC-APCI-QFT; MS2; CE: Ramp 20%-70% (nominal); R=30000; [M-H]-,peak_mz:94.0300,extended,True,medium,medium,keep
CF:massbank_MSBNK-ACES_SU-AS000072_53_039,CF,peak_mz,53.039,MassBank record-derived,positive,Benzopyrans; Flavonoids; Isoflavones,medium,1,observed,"(R,S)-Equol; LC-APCI-QFT; MS2; CE: Ramp 20%-70% (nominal); R=30000; [M+H]+",peak_mz:53.0400,extended,True,medium,medium,keep
CF:massbank_MSBNK-ACES_SU-AS000072_55_0182,CF,peak_mz,55.0182,MassBank record-derived,positive,Benzopyrans; Flavonoids; Isoflavones,medium,1,observed,"(R,S)-Equol; LC-APCI-QFT; MS2; CE: Ramp 20%-70% (nominal); R=30000; [M+H]+",peak_mz:55.0200,extended,True,medium,medium,keep
CF:massbank_MSBNK-ACES_SU-AS000072_67_0545,CF,peak_mz,67.0545,MassBank record-derived,positive,Benzopyrans; Flavonoids; Isoflavones,medium,1,observed,"(R,S)-Equol; LC-APCI-QFT; MS2; CE: Ramp 20%-70% (nominal); R=30000; [M+H]+",peak_mz:67.0550,extended,True,medium,medium,keep
CF:massbank_MSBNK-ACES_SU-AS000073_65_0387,CF,peak_mz,65.0387,MassBank record-derived,positive,Pesticides; Fungicides; Benzimidazoles,medium,1,observed,1H-Benzimidazole; LC-APCI-QFT; MS2; CE: Ramp 20%-70% (nominal); R=30000; [M+H]+,peak_mz:65.0400,extended,True,medium,medium,keep
CF:massbank_MSBNK-ACES_SU-AS000073_92_0499,CF,peak_mz,92.0499,MassBank record-derived,positive,Pesticides; Fungicides; Benzimidazoles,medium,1,observed,1H-Benzimidazole; LC-APCI-QFT; MS2; CE: Ramp 20%-70% (nominal); R=30000; [M+H]+,peak_mz:92.0500,extended,True,medium,medium,keep
CF:massbank_MSBNK-ACES_SU-AS000073_119_0608,CF,peak_mz,119.0608,MassBank record-derived,positive,Pesticides; Fungicides; Benzimidazoles,medium,1,observed,1H-Benzimidazole; LC-APCI-QFT; MS2; CE: Ramp 20%-70% (nominal); R=30000; [M+H]+,peak_mz:119.0600,extended,True,medium,medium,keep
CF:massbank_MSBNK-ACES_SU-AS000074_80_0494,CF,peak_mz,80.0494,MassBank record-derived,positive,Benzimidazoles,medium,1,observed,2-Hydroxybenzimidazole; LC-APCI-QFT; MS2; CE: Ramp 20%-70% (nominal); R=30000; [M+H]+,peak_mz:80.0500,extended,True,medium,medium,keep
CF:massbank_MSBNK-ACES_SU-AS000075_51_0233,CF,peak_mz,51.0233,MassBank record-derived,positive,Azoles; Triazoles; Benzotriazoles,medium,1,observed,4-Methyl-1H-benzotriazole; LC-APCI-QFT; MS2; CE: Ramp 20%-70% (nominal); R=30000; [M+H]+,peak_mz:51.0250,extended,True,medium,medium,keep
CF:massbank_MSBNK-ACES_SU-AS000075_65_0388,CF,peak_mz,65.0388,MassBank record-derived,positive,Azoles; Triazoles; Benzotriazoles,medium,1,observed,4-Methyl-1H-benzotriazole; LC-APCI-QFT; MS2; CE: Ramp 20%-70% (nominal); R=30000; [M+H]+,peak_mz:65.0400,extended,True,medium,medium,keep
CF:massbank_MSBNK-ACES_SU-AS000076_106_0665,CF,peak_mz,106.0665,MassBank record-derived,positive,Benzimidazoles,medium,1,observed,"5,6-Dimethylbenzimidazole; LC-APCI-QFT; MS2; CE: Ramp 20%-70% (nominal); R=30000; [M+H]+",peak_mz:106.0650,extended,True,medium,medium,keep
CF:massbank_MSBNK-ACES_SU-AS000076_120_0807,CF,peak_mz,120.0807,MassBank record-derived,positive,Benzimidazoles,medium,1,observed,"5,6-Dimethylbenzimidazole; LC-APCI-QFT; MS2; CE: Ramp 20%-70% (nominal); R=30000; [M+H]+",peak_mz:120.0800,extended,True,medium,medium,keep
CF:massbank_MSBNK-ACES_SU-AS000076_131_0606,CF,peak_mz,131.0606,MassBank record-derived,positive,Benzimidazoles,medium,1,observed,"5,6-Dimethylbenzimidazole; LC-APCI-QFT; MS2; CE: Ramp 20%-70% (nominal); R=30000; [M+H]+",peak_mz:131.0600,extended,True,medium,medium,keep
CF:massbank_MSBNK-ACES_SU-AS000077_80_0542,CF,peak_mz,80.0542,MassBank record-derived,positive,Azoles; Triazoles; Benzotriazoles,medium,1,observed,5-Methyl-1H-benzotriazole; LC-APCI-QFT; MS2; CE: Ramp 20%-70% (nominal); R=30000; [M+H]+,peak_mz:80.0550,extended,True,medium,medium,keep
CF:massbank_MSBNK-ACES_SU-AS000077_92_0545,CF,peak_mz,92.0545,MassBank record-derived,positive,Azoles; Triazoles; Benzotriazoles,medium,1,observed,5-Methyl-1H-benzotriazole; LC-APCI-QFT; MS2; CE: Ramp 20%-70% (nominal); R=30000; [M+H]+,peak_mz:92.0550,extended,True,medium,medium,keep
CF:massbank_MSBNK-ACES_SU-AS000078_79_0541,CF,peak_mz,79.0541,MassBank record-derived,positive,Drugs; Benzoates; Hydroxybenzoates; Salicylates,medium,1,observed,Aspirin; LC-APCI-QFT; MS2; CE: Ramp 20%-70% (nominal); R=30000; [M+H]+,peak_mz:79.0550,extended,True,medium,medium,keep
CF:massbank_MSBNK-ACES_SU-AS000079_56_0499,CF,peak_mz,56.0499,MassBank record-derived,positive,Drugs; Agent Affecting Nervous System; Beta-Adrenergic Antagonist,medium,1,observed,Atenolol; LC-APCI-QFT; MS2; CE: Ramp 20%-70% (nominal); R=30000; [M+H]+,peak_mz:56.0500,extended,True,medium,medium,keep
CF:massbank_MSBNK-ACES_SU-AS000079_72_0809,CF,peak_mz,72.0809,MassBank record-derived,positive,Drugs; Agent Affecting Nervous System; Beta-Adrenergic Antagonist,medium,1,observed,Atenolol; LC-APCI-QFT; MS2; CE: Ramp 20%-70% (nominal); R=30000; [M+H]+,peak_mz:72.0800,extended,True,medium,medium,keep
CF:massbank_MSBNK-ACES_SU-AS000079_74_0601,CF,peak_mz,74.0601,MassBank record-derived,positive,Drugs; Agent Affecting Nervous System; Beta-Adrenergic Antagonist,medium,1,observed,Atenolol; LC-APCI-QFT; MS2; CE: Ramp 20%-70% (nominal); R=30000; [M+H]+,peak_mz:74.0600,extended,True,medium,medium,keep
NL:massbank_MSBNK-ACES_SU-AS000080,NL,mass_diff,1.0076,MassBank record-derived,positive,Pesticides; Herbicides; Triazines,medium,1,observed,Atrazine; LC-APCI-QFT; MS2; CE: Ramp 20%-70% (nominal); R=30000; [M+H]+,mass_diff:1.0100,extended,True,medium,medium,keep
CF:massbank_MSBNK-ACES_SU-AS000080_61_9796,CF,peak_mz,61.9796,MassBank record-derived,positive,Pesticides; Herbicides; Triazines,medium,1,observed,Atrazine; LC-APCI-QFT; MS2; CE: Ramp 20%-70% (nominal); R=30000; [M+H]+,peak_mz:61.9800,extended,True,medium,medium,keep
CF:massbank_MSBNK-ACES_SU-AS000080_68_0244,CF,peak_mz,68.0244,MassBank record-derived,positive,Pesticides; Herbicides; Triazines,medium,1,observed,Atrazine; LC-APCI-QFT; MS2; CE: Ramp 20%-70% (nominal); R=30000; [M+H]+,peak_mz:68.0250,extended,True,medium,medium,keep
CF:massbank_MSBNK-ACES_SU-AS000080_71_0605,CF,peak_mz,71.0605,MassBank record-derived,positive,Pesticides; Herbicides; Triazines,medium,1,observed,Atrazine; LC-APCI-QFT; MS2; CE: Ramp 20%-70% (nominal); R=30000; [M+H]+,peak_mz:71.0600,extended,True,medium,medium,keep
CF:massbank_MSBNK-ACES_SU-AS000081_69_0086,CF,peak_mz,69.0086,MassBank record-derived,positive,Pesticide metabolites; Herbicides; Triazines,medium,1,observed,Atrazine-2-hydroxy; LC-APCI-QFT; MS2; CE: Ramp 20%-70% (nominal); R=30000; [M+H]+,peak_mz:69.0100,extended,True,medium,medium,keep
CF:massbank_MSBNK-ACES_SU-AS000081_71_0604,CF,peak_mz,71.0604,MassBank record-derived,positive,Pesticide metabolites; Herbicides; Triazines,medium,1,observed,Atrazine-2-hydroxy; LC-APCI-QFT; MS2; CE: Ramp 20%-70% (nominal); R=30000; [M+H]+,peak_mz:71.0600,extended,True,medium,medium,keep
CF:massbank_MSBNK-ACES_SU-AS000081_86_0349,CF,peak_mz,86.0349,MassBank record-derived,positive,Pesticide metabolites; Herbicides; Triazines,medium,1,observed,Atrazine-2-hydroxy; LC-APCI-QFT; MS2; CE: Ramp 20%-70% (nominal); R=30000; [M+H]+,peak_mz:86.0350,extended,True,medium,medium,keep
CF:massbank_MSBNK-ACES_SU-AS000082_68_0245,CF,peak_mz,68.0245,MassBank record-derived,positive,Pesticide metabolites; Herbicides; Triazines,medium,1,observed,Atrazine-desethyl; LC-APCI-QFT; MS2; CE: Ramp 20%-70% (nominal); R=30000; [M+H]+,peak_mz:68.0250,extended,True,medium,medium,keep
CF:massbank_MSBNK-ACES_SU-AS000082_79_0055,CF,peak_mz,79.0055,MassBank record-derived,positive,Pesticide metabolites; Herbicides; Triazines,medium,1,observed,Atrazine-desethyl; LC-APCI-QFT; MS2; CE: Ramp 20%-70% (nominal); R=30000; [M+H]+,peak_mz:79.0050,extended,True,medium,medium,keep
CF:massbank_MSBNK-ACES_SU-AS000082_104_0013,CF,peak_mz,104.0013,MassBank record-derived,positive,Pesticide metabolites; Herbicides; Triazines,medium,1,observed,Atrazine-desethyl; LC-APCI-QFT; MS2; CE: Ramp 20%-70% (nominal); R=30000; [M+H]+,peak_mz:104.0000,extended,True,medium,medium,keep
CF:massbank_MSBNK-ACES_SU-AS000083_69_0084,CF,peak_mz,69.0084,MassBank record-derived,positive,Pesticide metabolites; Herbicides; Triazines,medium,1,observed,Atrazine-desethyl-2-hydroxy; LC-APCI-QFT; MS2; CE: Ramp 20%-70% (nominal); R=30000; [M+H]+,peak_mz:69.0100,extended,True,medium,medium,keep
CF:massbank_MSBNK-ACES_SU-AS000083_85_0507,CF,peak_mz,85.0507,MassBank record-derived,positive,Pesticide metabolites; Herbicides; Triazines,medium,1,observed,Atrazine-desethyl-2-hydroxy; LC-APCI-QFT; MS2; CE: Ramp 20%-70% (nominal); R=30000; [M+H]+,peak_mz:85.0500,extended,True,medium,medium,keep
CF:massbank_MSBNK-ACES_SU-AS000083_86_0346,CF,peak_mz,86.0346,MassBank record-derived,positive,Pesticide metabolites; Herbicides; Triazines,medium,1,observed,Atrazine-desethyl-2-hydroxy; LC-APCI-QFT; MS2; CE: Ramp 20%-70% (nominal); R=30000; [M+H]+,peak_mz:86.0350,extended,True,medium,medium,keep
CF:massbank_MSBNK-ACES_SU-AS000084_61_9794,CF,peak_mz,61.9794,MassBank record-derived,positive,Pesticide metabolites; Herbicides; Triazines,medium,1,observed,Atrazine-desisopropyl; LC-APCI-QFT; MS2; CE: Ramp 20%-70% (nominal); R=30000; [M+H]+,peak_mz:61.9800,extended,True,medium,medium,keep
CF:massbank_MSBNK-ACES_SU-AS000084_68_0243,CF,peak_mz,68.0243,MassBank record-derived,positive,Pesticide metabolites; Herbicides; Triazines,medium,1,observed,Atrazine-desisopropyl; LC-APCI-QFT; MS2; CE: Ramp 20%-70% (nominal); R=30000; [M+H]+,peak_mz:68.0250,extended,True,medium,medium,keep
CF:massbank_MSBNK-ACES_SU-AS000084_71_0606,CF,peak_mz,71.0606,MassBank record-derived,positive,Pesticide metabolites; Herbicides; Triazines,medium,1,observed,Atrazine-desisopropyl; LC-APCI-QFT; MS2; CE: Ramp 20%-70% (nominal); R=30000; [M+H]+,peak_mz:71.0600,extended,True,medium,medium,keep
CF:massbank_MSBNK-ACES_SU-AS000085_67_0544,CF,peak_mz,67.0544,MassBank record-derived,positive,Drugs; Tropanes,medium,1,observed,Benzoylecgonine; LC-APCI-QFT; MS2; CE: Ramp 20%-70% (nominal); R=30000; [M+H]+,peak_mz:67.0550,extended,True,medium,medium,keep
CF:massbank_MSBNK-ACES_SU-AS000085_68_0496,CF,peak_mz,68.0496,MassBank record-derived,positive,Drugs; Tropanes,medium,1,observed,Benzoylecgonine; LC-APCI-QFT; MS2; CE: Ramp 20%-70% (nominal); R=30000; [M+H]+,peak_mz:68.0500,extended,True,medium,medium,keep
CF:massbank_MSBNK-ACES_SU-AS000086_75_0002,CF,peak_mz,75.0002,MassBank record-derived,positive,Organophosphorus compound; Dialkyl phosphate,medium,1,observed,"Bis(1,3-dichloro-2-propyl) phosphate; LC-APCI-QFT; MS2; CE: Ramp 20%-70% (nominal); R=30000; [M+H]+",peak_mz:75.0000,extended,True,medium,medium,keep
CF:massbank_MSBNK-ACES_SU-AS000086_98_9838,CF,peak_mz,98.9838,MassBank record-derived,positive,Organophosphorus compound; Dialkyl phosphate,medium,1,observed,"Bis(1,3-dichloro-2-propyl) phosphate; LC-APCI-QFT; MS2; CE: Ramp 20%-70% (nominal); R=30000; [M+H]+",peak_mz:98.9850,extended,True,medium,medium,keep
CF:massbank_MSBNK-ACES_SU-AS000086_116_995,CF,peak_mz,116.995,MassBank record-derived,positive,Organophosphorus compound; Dialkyl phosphate,medium,1,observed,"Bis(1,3-dichloro-2-propyl) phosphate; LC-APCI-QFT; MS2; CE: Ramp 20%-70% (nominal); R=30000; [M+H]+",peak_mz:116.9950,extended,True,medium,medium,keep
CF:massbank_MSBNK-ACES_SU-AS000087_57_0701,CF,peak_mz,57.0701,MassBank record-derived,positive,"Organophosphates; Fragrance Components; Lubricant additives, Corrosion inhibitors",medium,1,observed,Bis(2-ethylhexyl) phosphate; LC-APCI-QFT; MS2; CE: Ramp 20%-70% (nominal); R=30000; [M+H]+,peak_mz:57.0700,extended,True,medium,medium,keep
CF:massbank_MSBNK-ACES_SU-AS000087_71_0856,CF,peak_mz,71.0856,MassBank record-derived,positive,"Organophosphates; Fragrance Components; Lubricant additives, Corrosion inhibitors",medium,1,observed,Bis(2-ethylhexyl) phosphate; LC-APCI-QFT; MS2; CE: Ramp 20%-70% (nominal); R=30000; [M+H]+,peak_mz:71.0850,extended,True,medium,medium,keep
CF:massbank_MSBNK-ACES_SU-AS000087_98_9844,CF,peak_mz,98.9844,MassBank record-derived,positive,"Organophosphates; Fragrance Components; Lubricant additives, Corrosion inhibitors",medium,1,observed,Bis(2-ethylhexyl) phosphate; LC-APCI-QFT; MS2; CE: Ramp 20%-70% (nominal); R=30000; [M+H]+,peak_mz:98.9850,extended,True,medium,medium,keep
CF:massbank_MSBNK-ACES_SU-AS000088_56_0498,CF,peak_mz,56.0498,MassBank record-derived,positive,Natural Products; Drugs; Alkaloids; Xanthines,medium,1,observed,Caffeine; LC-APCI-QFT; MS2; CE: Ramp 20%-70% (nominal); R=30000; [M+H]+,peak_mz:56.0500,extended,True,medium,medium,keep
CF:massbank_MSBNK-ACES_SU-AS000089_116_0496,CF,peak_mz,116.0496,MassBank record-derived,positive,Drug; Anticonvulsants; Cytochrome P-450 Enzyme Inducers,medium,1,observed,Carbamazepine; LC-APCI-QFT; MS2; CE: Ramp 20%-70% (nominal); R=30000; [M+H]+,peak_mz:116.0500,extended,True,medium,medium,keep
CF:massbank_MSBNK-ACES_SU-AS000089_152_0624,CF,peak_mz,152.0624,MassBank record-derived,positive,Drug; Anticonvulsants; Cytochrome P-450 Enzyme Inducers,medium,1,observed,Carbamazepine; LC-APCI-QFT; MS2; CE: Ramp 20%-70% (nominal); R=30000; [M+H]+,peak_mz:152.0600,extended,True,medium,medium,keep
CF:massbank_MSBNK-ACES_SU-AS000089_165_07,CF,peak_mz,165.07,MassBank record-derived,positive,Drug; Anticonvulsants; Cytochrome P-450 Enzyme Inducers,medium,1,observed,Carbamazepine; LC-APCI-QFT; MS2; CE: Ramp 20%-70% (nominal); R=30000; [M+H]+,peak_mz:165.0700,extended,True,medium,medium,keep
CF:massbank_MSBNK-ACES_SU-AS000090_92_0496,CF,peak_mz,92.0496,MassBank record-derived,positive,Pesticides; Fungicides; Carbamates,medium,1,observed,Carbendazim; LC-APCI-QFT; MS2; CE: Ramp 20%-70% (nominal); R=30000; [M+H]+,peak_mz:92.0500,extended,True,medium,medium,keep
CF:massbank_MSBNK-ACES_SU-AS000090_105_0446,CF,peak_mz,105.0446,MassBank record-derived,positive,Pesticides; Fungicides; Carbamates,medium,1,observed,Carbendazim; LC-APCI-QFT; MS2; CE: Ramp 20%-70% (nominal); R=30000; [M+H]+,peak_mz:105.0450,extended,True,medium,medium,keep
CF:massbank_MSBNK-ACES_SU-AS000090_132_056,CF,peak_mz,132.056,MassBank record-derived,positive,Pesticides; Fungicides; Carbamates,medium,1,observed,Carbendazim; LC-APCI-QFT; MS2; CE: Ramp 20%-70% (nominal); R=30000; [M+H]+,peak_mz:132.0550,extended,True,medium,medium,keep
CF:massbank_MSBNK-ACES_SU-AS000091_55_0545,CF,peak_mz,55.0545,MassBank record-derived,positive,Pesticides; Carbamate Insecticides; Phenylcarbamates,medium,1,observed,Carbofuran; LC-APCI-QFT; MS2; CE: Ramp 20%-70% (nominal); R=30000; [M+H]+,peak_mz:55.0550,extended,True,medium,medium,keep
CF:massbank_MSBNK-ACES_SU-AS000091_58_0291,CF,peak_mz,58.0291,MassBank record-derived,positive,Pesticides; Carbamate Insecticides; Phenylcarbamates,medium,1,observed,Carbofuran; LC-APCI-QFT; MS2; CE: Ramp 20%-70% (nominal); R=30000; [M+H]+,peak_mz:58.0300,extended,True,medium,medium,keep
NL:massbank_MSBNK-ACES_SU-AS000092,NL,mass_diff,1.0075,MassBank record-derived,positive,Drugs; Antiinfective Agents; Alcohols; Glycols; Propylene Glycols,medium,1,observed,Chloramphenicol; LC-APCI-QFT; MS2; CE: Ramp 20%-70% (nominal); R=30000; [M+H]+,mass_diff:1.0100,extended,True,medium,medium,keep
CF:massbank_MSBNK-ACES_SU-AS000092_82_9453,CF,peak_mz,82.9453,MassBank record-derived,positive,Drugs; Antiinfective Agents; Alcohols; Glycols; Propylene Glycols,medium,1,observed,Chloramphenicol; LC-APCI-QFT; MS2; CE: Ramp 20%-70% (nominal); R=30000; [M+H]+,peak_mz:82.9450,extended,True,medium,medium,keep
CF:massbank_MSBNK-ACES_SU-AS000092_115_0547,CF,peak_mz,115.0547,MassBank record-derived,positive,Drugs; Antiinfective Agents; Alcohols; Glycols; Propylene Glycols,medium,1,observed,Chloramphenicol; LC-APCI-QFT; MS2; CE: Ramp 20%-70% (nominal); R=30000; [M+H]+,peak_mz:115.0550,extended,True,medium,medium,keep
CF:massbank_MSBNK-ACES_SU-AS000092_117_0575,CF,peak_mz,117.0575,MassBank record-derived,positive,Drugs; Antiinfective Agents; Alcohols; Glycols; Propylene Glycols,medium,1,observed,Chloramphenicol; LC-APCI-QFT; MS2; CE: Ramp 20%-70% (nominal); R=30000; [M+H]+,peak_mz:117.0600,extended,True,medium,medium,keep
NL:massbank_MSBNK-ACES_SU-AS000093,NL,mass_diff,1.0079,MassBank record-derived,positive,Pesticides; Insecticides; Aminobenzoates,medium,1,observed,Chlorantraniliprole; LC-APCI-QFT; MS2; CE: Ramp 20%-70% (nominal); R=30000; [M+H]+,mass_diff:1.0100,extended,True,medium,medium,keep
CF:massbank_MSBNK-ACES_SU-AS000093_76_0206,CF,peak_mz,76.0206,MassBank record-derived,positive,Pesticides; Insecticides; Aminobenzoates,medium,1,observed,Chlorantraniliprole; LC-APCI-QFT; MS2; CE: Ramp 20%-70% (nominal); R=30000; [M+H]+,peak_mz:76.0200,extended,True,medium,medium,keep
CF:massbank_MSBNK-ACES_SU-AS000093_111_995,CF,peak_mz,111.995,MassBank record-derived,positive,Pesticides; Insecticides; Aminobenzoates,medium,1,observed,Chlorantraniliprole; LC-APCI-QFT; MS2; CE: Ramp 20%-70% (nominal); R=30000; [M+H]+,peak_mz:111.9950,extended,True,medium,medium,keep
CF:massbank_MSBNK-ACES_SU-AS000093_130_0053,CF,peak_mz,130.0053,MassBank record-derived,positive,Pesticides; Insecticides; Aminobenzoates,medium,1,observed,Chlorantraniliprole; LC-APCI-QFT; MS2; CE: Ramp 20%-70% (nominal); R=30000; [M+H]+,peak_mz:130.0050,extended,True,medium,medium,keep
CF:massbank_MSBNK-ACES_SU-AS000094_64_9788,CF,peak_mz,64.9788,MassBank record-derived,positive,Pesticides; Organophosphate Insecticides; Organothiophosphates,medium,1,observed,Chlorpyrifos; LC-APCI-QFT; MS2; CE: Ramp 20%-70% (nominal); R=30000; [M+H]+,peak_mz:64.9800,extended,True,medium,medium,keep
CF:massbank_MSBNK-ACES_SU-AS000094_78_9402,CF,peak_mz,78.9402,MassBank record-derived,positive,Pesticides; Organophosphate Insecticides; Organothiophosphates,medium,1,observed,Chlorpyrifos; LC-APCI-QFT; MS2; CE: Ramp 20%-70% (nominal); R=30000; [M+H]+,peak_mz:78.9400,extended,True,medium,medium,keep
CF:massbank_MSBNK-ACES_SU-AS000094_96_9504,CF,peak_mz,96.9504,MassBank record-derived,positive,Pesticides; Organophosphate Insecticides; Organothiophosphates,medium,1,observed,Chlorpyrifos; LC-APCI-QFT; MS2; CE: Ramp 20%-70% (nominal); R=30000; [M+H]+,peak_mz:96.9500,extended,True,medium,medium,keep
CF:massbank_MSBNK-ACES_SU-AS000095_93_0571,CF,peak_mz,93.0571,MassBank record-derived,positive,Azo Dyes; Aniline Compounds,medium,1,observed,Chrysoidine G; LC-APCI-QFT; MS2; CE: Ramp 20%-70% (nominal); R=30000; [M+H]+,peak_mz:93.0550,extended,True,medium,medium,keep
CF:massbank_MSBNK-ACES_SU-AS000095_94_0527,CF,peak_mz,94.0527,MassBank record-derived,positive,Azo Dyes; Aniline Compounds,medium,1,observed,Chrysoidine G; LC-APCI-QFT; MS2; CE: Ramp 20%-70% (nominal); R=30000; [M+H]+,peak_mz:94.0550,extended,True,medium,medium,keep
NL:massbank_MSBNK-ACES_SU-AS000096,NL,mass_diff,1.0091,MassBank record-derived,positive,Drugs; Antiinfective Agents; Antibiotics; Macrolides,medium,1,observed,Clarithromycin; LC-APCI-QFT; MS2; CE: Ramp 20%-70% (nominal); R=30000; [M+H]+,mass_diff:1.0100,extended,True,medium,medium,keep
CF:massbank_MSBNK-ACES_SU-AS000096_53_0025,CF,peak_mz,53.0025,MassBank record-derived,positive,Drugs; Antiinfective Agents; Antibiotics; Macrolides,medium,1,observed,Clarithromycin; LC-APCI-QFT; MS2; CE: Ramp 20%-70% (nominal); R=30000; [M+H]+,peak_mz:53.0000,extended,True,medium,medium,keep
CF:massbank_MSBNK-ACES_SU-AS000096_59_0494,CF,peak_mz,59.0494,MassBank record-derived,positive,Drugs; Antiinfective Agents; Antibiotics; Macrolides,medium,1,observed,Clarithromycin; LC-APCI-QFT; MS2; CE: Ramp 20%-70% (nominal); R=30000; [M+H]+,peak_mz:59.0500,extended,True,medium,medium,keep
CF:massbank_MSBNK-ACES_SU-AS000097_104_0497,CF,peak_mz,104.0497,MassBank record-derived,positive,Veterinary Drugs; Adrenoreceptor agonist; Amino Alcohols; Ethanolamines,medium,1,observed,Clenbuterol; LC-APCI-QFT; MS2; CE: Ramp 20%-70% (nominal); R=30000; [M+H]+,peak_mz:104.0500,extended,True,medium,medium,keep
CF:massbank_MSBNK-ACES_SU-AS000097_123_066,CF,peak_mz,123.066,MassBank record-derived,positive,Veterinary Drugs; Adrenoreceptor agonist; Amino Alcohols; Ethanolamines,medium,1,observed,Clenbuterol; LC-APCI-QFT; MS2; CE: Ramp 20%-70% (nominal); R=30000; [M+H]+,peak_mz:123.0650,extended,True,medium,medium,keep
CF:massbank_MSBNK-ACES_SU-AS000098_70_0652,CF,peak_mz,70.0652,MassBank record-derived,positive,Drugs; Pyrrolidines; Pyrrolidinones; Cholinergic Agonists,medium,1,observed,Cotinine; LC-APCI-QFT; MS2; CE: Ramp 20%-70% (nominal); R=30000; [M+H]+,peak_mz:70.0650,extended,True,medium,medium,keep
CF:massbank_MSBNK-ACES_SU-AS000098_98_0604,CF,peak_mz,98.0604,MassBank record-derived,positive,Drugs; Pyrrolidines; Pyrrolidinones; Cholinergic Agonists,medium,1,observed,Cotinine; LC-APCI-QFT; MS2; CE: Ramp 20%-70% (nominal); R=30000; [M+H]+,peak_mz:98.0600,extended,True,medium,medium,keep
CF:massbank_MSBNK-ACES_SU-AS000100_91_0553,CF,peak_mz,91.0553,MassBank record-derived,positive,Phytoestrogens; Benzopyrans; Chromones; Flavonoids; Isoflavones,medium,1,observed,Daidzein; LC-APCI-QFT; MS2; CE: Ramp 20%-70% (nominal); R=30000; [M+H]+,peak_mz:91.0550,extended,True,medium,medium,keep
CF:massbank_MSBNK-ACES_SU-AS000100_119_0498,CF,peak_mz,119.0498,MassBank record-derived,positive,Phytoestrogens; Benzopyrans; Chromones; Flavonoids; Isoflavones,medium,1,observed,Daidzein; LC-APCI-QFT; MS2; CE: Ramp 20%-70% (nominal); R=30000; [M+H]+,peak_mz:119.0500,extended,True,medium,medium,keep
CF:massbank_MSBNK-ACES_SU-AS000100_128_0624,CF,peak_mz,128.0624,MassBank record-derived,positive,Phytoestrogens; Benzopyrans; Chromones; Flavonoids; Isoflavones,medium,1,observed,Daidzein; LC-APCI-QFT; MS2; CE: Ramp 20%-70% (nominal); R=30000; [M+H]+,peak_mz:128.0600,extended,True,medium,medium,keep
CF:massbank_MSBNK-ACES_SU-AS000101_72_0444,CF,peak_mz,72.0444,MassBank record-derived,positive,Pesticides; Insect Repellents; Carboxylic Acids; Benzoates; Benzamides,medium,1,observed,DEET; LC-APCI-QFT; MS2; CE: Ramp 20%-70% (nominal); R=30000; [M+H]+,peak_mz:72.0450,extended,True,medium,medium,keep
CF:massbank_MSBNK-ACES_SU-AS000102_79_0529,CF,peak_mz,79.0529,MassBank record-derived,positive,Terpenes; Sesquiterpenes,medium,1,observed,Dehydrocostus lactone; LC-APCI-QFT; MS2; CE: Ramp 20%-70% (nominal); R=30000; [M+H]+,peak_mz:79.0550,extended,True,medium,medium,keep
CF:massbank_MSBNK-ACES_SU-AS000104_179_0733,CF,peak_mz,179.0733,MassBank record-derived,positive,Drugs; Nonsteroidal Antiinflammatory Drugs; Carboxylic Acids; Phenylacetates,medium,1,observed,Diclofenac; LC-APCI-QFT; MS2; CE: Ramp 20%-70% (nominal); R=30000; [M+H]+,peak_mz:179.0750,extended,True,medium,medium,keep
CF:massbank_MSBNK-ACES_SU-AS000104_180_0809,CF,peak_mz,180.0809,MassBank record-derived,positive,Drugs; Nonsteroidal Antiinflammatory Drugs; Carboxylic Acids; Phenylacetates,medium,1,observed,Diclofenac; LC-APCI-QFT; MS2; CE: Ramp 20%-70% (nominal); R=30000; [M+H]+,peak_mz:180.0800,extended,True,medium,medium,keep
CF:massbank_MSBNK-ACES_SU-AS000104_212_7073,CF,peak_mz,212.7073,MassBank record-derived,positive,Drugs; Nonsteroidal Antiinflammatory Drugs; Carboxylic Acids; Phenylacetates,medium,1,observed,Diclofenac; LC-APCI-QFT; MS2; CE: Ramp 20%-70% (nominal); R=30000; [M+H]+,peak_mz:212.7050,extended,True,medium,medium,keep
CF:massbank_MSBNK-ACES_SU-AS000105_61_0108,CF,peak_mz,61.0108,MassBank record-derived,positive,Pesticides; Organophosphate Insecticides; Organothiophosphates,medium,1,observed,Dimethoate; LC-APCI-QFT; MS2; CE: Ramp 20%-70% (nominal); R=30000; [M+H]+,peak_mz:61.0100,extended,True,medium,medium,keep
CF:massbank_MSBNK-ACES_SU-AS000105_62_0186,CF,peak_mz,62.0186,MassBank record-derived,positive,Pesticides; Organophosphate Insecticides; Organothiophosphates,medium,1,observed,Dimethoate; LC-APCI-QFT; MS2; CE: Ramp 20%-70% (nominal); R=30000; [M+H]+,peak_mz:62.0200,extended,True,medium,medium,keep
CF:massbank_MSBNK-ACES_SU-AS000105_78_9944,CF,peak_mz,78.9944,MassBank record-derived,positive,Pesticides; Organophosphate Insecticides; Organothiophosphates,medium,1,observed,Dimethoate; LC-APCI-QFT; MS2; CE: Ramp 20%-70% (nominal); R=30000; [M+H]+,peak_mz:78.9950,extended,True,medium,medium,keep
CF:massbank_MSBNK-ACES_SU-AS000106_53_0389,CF,peak_mz,53.0389,MassBank record-derived,positive,Aryl phosphate,medium,1,observed,Diphenyl Phosphate; LC-APCI-QFT; MS2; CE: Ramp 20%-70% (nominal); R=30000; [M+H]+,peak_mz:53.0400,extended,True,medium,medium,keep
CF:massbank_MSBNK-ACES_SU-AS000106_55_0181,CF,peak_mz,55.0181,MassBank record-derived,positive,Aryl phosphate,medium,1,observed,Diphenyl Phosphate; LC-APCI-QFT; MS2; CE: Ramp 20%-70% (nominal); R=30000; [M+H]+,peak_mz:55.0200,extended,True,medium,medium,keep
CF:massbank_MSBNK-ACES_SU-AS000107_75_0225,CF,peak_mz,75.0225,MassBank record-derived,positive,Azo Dyes,medium,1,observed,Disperse Orange 1; LC-APCI-QFT; MS2; CE: Ramp 20%-70% (nominal); R=30000; [M+H]+,peak_mz:75.0200,extended,True,medium,medium,keep
CF:massbank_MSBNK-ACES_SU-AS000107_76_0331,CF,peak_mz,76.0331,MassBank record-derived,positive,Azo Dyes,medium,1,observed,Disperse Orange 1; LC-APCI-QFT; MS2; CE: Ramp 20%-70% (nominal); R=30000; [M+H]+,peak_mz:76.0350,extended,True,medium,medium,keep
CF:massbank_MSBNK-ACES_SU-AS000107_150_0297,CF,peak_mz,150.0297,MassBank record-derived,positive,Azo Dyes,medium,1,observed,Disperse Orange 1; LC-APCI-QFT; MS2; CE: Ramp 20%-70% (nominal); R=30000; [M+H]+,peak_mz:150.0300,extended,True,medium,medium,keep
CF:massbank_MSBNK-ACES_SU-AS000108_94_0651,CF,peak_mz,94.0651,MassBank record-derived,positive,Azo Dyes,medium,1,observed,Disperse Yellow 3; LC-APCI-QFT; MS2; CE: Ramp 20%-70% (nominal); R=30000; [M+H]+,peak_mz:94.0650,extended,True,medium,medium,keep
CF:massbank_MSBNK-ACES_SU-AS000109_56_0134,CF,peak_mz,56.0134,MassBank record-derived,positive,Pesticides; Herbicides; Urea Derivatives; Benzene Derivatives,medium,1,observed,Diuron; LC-APCI-QFT; MS2; CE: Ramp 20%-70% (nominal); R=30000; [M+H]+,peak_mz:56.0150,extended,True,medium,medium,keep
CF:massbank_MSBNK-ACES_SU-AS000109_132_9609,CF,peak_mz,132.9609,MassBank record-derived,positive,Pesticides; Herbicides; Urea Derivatives; Benzene Derivatives,medium,1,observed,Diuron; LC-APCI-QFT; MS2; CE: Ramp 20%-70% (nominal); R=30000; [M+H]+,peak_mz:132.9600,extended,True,medium,medium,keep
CF:massbank_MSBNK-ACES_SU-AS000110_59_0495,CF,peak_mz,59.0495,MassBank record-derived,positive,Drugs; Antiinfective Agents; Antibiotics; Lactones; Macrolides,medium,1,observed,Erythromycin; LC-APCI-QFT; MS2; CE: Ramp 20%-70% (nominal); R=30000; [M+H]+,peak_mz:59.0500,extended,True,medium,medium,keep
CF:massbank_MSBNK-ACES_SU-AS000111_92_0498,CF,peak_mz,92.0498,MassBank record-derived,positive,Pesticides; Herbicides; Urea Derivatives; Benzene Derivatives,medium,1,observed,Fenuron; LC-APCI-QFT; MS2; CE: Ramp 20%-70% (nominal); R=30000; [M+H]+,peak_mz:92.0500,extended,True,medium,medium,keep
CF:massbank_MSBNK-ACES_SU-AS000112_70_04,CF,peak_mz,70.04,MassBank record-derived,positive,Drugs; Antifungal Agents; Cytochrome P-450 Enzyme Inhibitors; 14-alpha Demethylase Inhibitors,medium,1,observed,Fluconazole; LC-APCI-QFT; MS2; CE: Ramp 20%-70% (nominal); R=30000; [M+H]+,peak_mz:70.0400,extended,True,medium,medium,keep
CF:massbank_MSBNK-ACES_SU-AS000112_77_0386,CF,peak_mz,77.0386,MassBank record-derived,positive,Drugs; Antifungal Agents; Cytochrome P-450 Enzyme Inhibitors; 14-alpha Demethylase Inhibitors,medium,1,observed,Fluconazole; LC-APCI-QFT; MS2; CE: Ramp 20%-70% (nominal); R=30000; [M+H]+,peak_mz:77.0400,extended,True,medium,medium,keep
CF:massbank_MSBNK-ACES_SU-AS000112_82_0404,CF,peak_mz,82.0404,MassBank record-derived,positive,Drugs; Antifungal Agents; Cytochrome P-450 Enzyme Inhibitors; 14-alpha Demethylase Inhibitors,medium,1,observed,Fluconazole; LC-APCI-QFT; MS2; CE: Ramp 20%-70% (nominal); R=30000; [M+H]+,peak_mz:82.0400,extended,True,medium,medium,keep
CF:massbank_MSBNK-ACES_SU-AS000113_56_0497,CF,peak_mz,56.0497,MassBank record-derived,positive,Pesticides; Insecticides; Neonicotinoids,medium,1,observed,Imidacloprid; LC-APCI-QFT; MS2; CE: Ramp 20%-70% (nominal); R=30000; [M+H]+,peak_mz:56.0500,extended,True,medium,medium,keep
CF:massbank_MSBNK-ACES_SU-AS000113_84_0553,CF,peak_mz,84.0553,MassBank record-derived,positive,Pesticides; Insecticides; Neonicotinoids,medium,1,observed,Imidacloprid; LC-APCI-QFT; MS2; CE: Ramp 20%-70% (nominal); R=30000; [M+H]+,peak_mz:84.0550,extended,True,medium,medium,keep
CF:massbank_MSBNK-ACES_SU-AS000114_79_0591,CF,peak_mz,79.0591,MassBank record-derived,positive,Drugs; Angiotensin II Receptor Antagonists; Benzene Derivatives; Biphenyl Compounds,medium,1,observed,Losartan; LC-APCI-QFT; MS2; CE: Ramp 20%-70% (nominal); R=30000; [M+H]+,peak_mz:79.0600,extended,True,medium,medium,keep
CF:massbank_MSBNK-ACES_SU-AS000115_53_0027,CF,peak_mz,53.0027,MassBank record-derived,positive,Pesticides; Organophosphate Insecticides; Organothiophosphates,medium,1,observed,Malaoxon; LC-APCI-QFT; MS2; CE: Ramp 20%-70% (nominal); R=30000; [M+H]+,peak_mz:53.0050,extended,True,medium,medium,keep
CF:massbank_MSBNK-ACES_SU-AS000115_71_0129,CF,peak_mz,71.0129,MassBank record-derived,positive,Pesticides; Organophosphate Insecticides; Organothiophosphates,medium,1,observed,Malaoxon; LC-APCI-QFT; MS2; CE: Ramp 20%-70% (nominal); R=30000; [M+H]+,peak_mz:71.0150,extended,True,medium,medium,keep
CF:massbank_MSBNK-ACES_SU-AS000115_99_0077,CF,peak_mz,99.0077,MassBank record-derived,positive,Pesticides; Organophosphate Insecticides; Organothiophosphates,medium,1,observed,Malaoxon; LC-APCI-QFT; MS2; CE: Ramp 20%-70% (nominal); R=30000; [M+H]+,peak_mz:99.0100,extended,True,medium,medium,keep
CF:massbank_MSBNK-ACES_SU-AS000116_113_0235,CF,peak_mz,113.0235,MassBank record-derived,positive,Pesticides; Organophosphate Insecticides; Organothiophosphates,medium,1,observed,Malathion; LC-APCI-QFT; MS2; CE: Ramp 20%-70% (nominal); R=30000; [M+H]+,peak_mz:113.0250,extended,True,medium,medium,keep
CF:massbank_MSBNK-ACES_SU-AS000116_114_985,CF,peak_mz,114.985,MassBank record-derived,positive,Pesticides; Organophosphate Insecticides; Organothiophosphates,medium,1,observed,Malathion; LC-APCI-QFT; MS2; CE: Ramp 20%-70% (nominal); R=30000; [M+H]+,peak_mz:114.9850,extended,True,medium,medium,keep
CF:massbank_MSBNK-ACES_SU-AS000117_60_0559,CF,peak_mz,60.0559,MassBank record-derived,positive,Xenobiotic transformation products; Flame retardants; Triazines,medium,1,observed,Melamine; LC-APCI-QFT; MS2; CE: Ramp 20%-70% (nominal); R=30000; [M+H]+,peak_mz:60.0550,extended,True,medium,medium,keep
CF:massbank_MSBNK-ACES_SU-AS000118_69_07,CF,peak_mz,69.07,MassBank record-derived,positive,Pharmaceutical; Alzheimer Disease Agents; Antiparkinsonian Agents; Adamantane; Amantadine,medium,1,observed,Memantine; LC-APCI-QFT; MS2; CE: Ramp 20%-70% (nominal); R=30000; [M+H]+,peak_mz:69.0700,extended,True,medium,medium,keep
CF:massbank_MSBNK-ACES_SU-AS000118_81_07,CF,peak_mz,81.07,MassBank record-derived,positive,Pharmaceutical; Alzheimer Disease Agents; Antiparkinsonian Agents; Adamantane; Amantadine,medium,1,observed,Memantine; LC-APCI-QFT; MS2; CE: Ramp 20%-70% (nominal); R=30000; [M+H]+,peak_mz:81.0700,extended,True,medium,medium,keep
CF:massbank_MSBNK-ACES_SU-AS000118_93_0698,CF,peak_mz,93.0698,MassBank record-derived,positive,Pharmaceutical; Alzheimer Disease Agents; Antiparkinsonian Agents; Adamantane; Amantadine,medium,1,observed,Memantine; LC-APCI-QFT; MS2; CE: Ramp 20%-70% (nominal); R=30000; [M+H]+,peak_mz:93.0700,extended,True,medium,medium,keep
CF:massbank_MSBNK-ACES_SU-AS000119_105_0698,CF,peak_mz,105.0698,MassBank record-derived,positive,Pesticides; Fungicides; Carboxamides,medium,1,observed,Metalaxyl; LC-APCI-QFT; MS2; CE: Ramp 20%-70% (nominal); R=30000; [M+H]+,peak_mz:105.0700,extended,True,medium,medium,keep
CF:massbank_MSBNK-ACES_SU-AS000119_118_0655,CF,peak_mz,118.0655,MassBank record-derived,positive,Pesticides; Fungicides; Carboxamides,medium,1,observed,Metalaxyl; LC-APCI-QFT; MS2; CE: Ramp 20%-70% (nominal); R=30000; [M+H]+,peak_mz:118.0650,extended,True,medium,medium,keep
CF:massbank_MSBNK-ACES_SU-AS000119_119_086,CF,peak_mz,119.086,MassBank record-derived,positive,Pesticides; Fungicides; Carboxamides,medium,1,observed,Metalaxyl; LC-APCI-QFT; MS2; CE: Ramp 20%-70% (nominal); R=30000; [M+H]+,peak_mz:119.0850,extended,True,medium,medium,keep
CF:massbank_MSBNK-ACES_SU-AS000121_60_481,CF,peak_mz,60.481,MassBank record-derived,positive,Pesticides; Organophosphate Insecticides; Organothiophosphorus Compounds,medium,1,observed,Methamidophos; LC-APCI-QFT; MS2; CE: Ramp 20%-70% (nominal); R=30000; [M+H]+,peak_mz:60.4800,extended,True,medium,medium,keep
CF:massbank_MSBNK-ACES_SU-AS000121_63_994,CF,peak_mz,63.994,MassBank record-derived,positive,Pesticides; Organophosphate Insecticides; Organothiophosphorus Compounds,medium,1,observed,Methamidophos; LC-APCI-QFT; MS2; CE: Ramp 20%-70% (nominal); R=30000; [M+H]+,peak_mz:63.9950,extended,True,medium,medium,keep
CF:massbank_MSBNK-ACES_SU-AS000121_63_9949,CF,peak_mz,63.9949,MassBank record-derived,positive,Pesticides; Organophosphate Insecticides; Organothiophosphorus Compounds,medium,1,observed,Methamidophos; LC-APCI-QFT; MS2; CE: Ramp 20%-70% (nominal); R=30000; [M+H]+,peak_mz:63.9950,extended,True,medium,medium,keep
CF:massbank_MSBNK-ACES_SU-AS000122_56_0372,CF,peak_mz,56.0372,MassBank record-derived,positive,Drugs; Antiinfective Agents; Nitroimidazoles,medium,1,observed,Metronidazole; LC-APCI-QFT; MS2; CE: Ramp 20%-70% (nominal); R=30000; [M+H]+,peak_mz:56.0350,extended,True,medium,medium,keep
CF:massbank_MSBNK-ACES_SU-AS000122_69_0449,CF,peak_mz,69.0449,MassBank record-derived,positive,Drugs; Antiinfective Agents; Nitroimidazoles,medium,1,observed,Metronidazole; LC-APCI-QFT; MS2; CE: Ramp 20%-70% (nominal); R=30000; [M+H]+,peak_mz:69.0450,extended,True,medium,medium,keep
CF:massbank_MSBNK-ACES_SU-AS000123_80_0504,CF,peak_mz,80.0504,MassBank record-derived,positive,Alkaloids; Cholinergic Agonists,medium,1,observed,Nicotine; LC-APCI-QFT; MS2; CE: Ramp 20%-70% (nominal); R=30000; [M+H]+,peak_mz:80.0500,extended,True,medium,medium,keep
CF:massbank_MSBNK-ACES_SU-AS000123_84_0814,CF,peak_mz,84.0814,MassBank record-derived,positive,Alkaloids; Cholinergic Agonists,medium,1,observed,Nicotine; LC-APCI-QFT; MS2; CE: Ramp 20%-70% (nominal); R=30000; [M+H]+,peak_mz:84.0800,extended,True,medium,medium,keep
CF:massbank_MSBNK-ACES_SU-AS000123_92_0501,CF,peak_mz,92.0501,MassBank record-derived,positive,Alkaloids; Cholinergic Agonists,medium,1,observed,Nicotine; LC-APCI-QFT; MS2; CE: Ramp 20%-70% (nominal); R=30000; [M+H]+,peak_mz:92.0500,extended,True,medium,medium,keep
CF:massbank_MSBNK-ACES_SU-AS000124_62_0603,CF,peak_mz,62.0603,MassBank record-derived,positive,Ethanolamines; Surfactants; Antistatic agents,medium,1,observed,N-Lauroylethanolamine; LC-APCI-QFT; MS2; CE: Ramp 20%-70% (nominal); R=30000; [M+H]+,peak_mz:62.0600,extended,True,medium,medium,keep
CF:massbank_MSBNK-ACES_SU-AS000125_115_0541,CF,peak_mz,115.0541,MassBank record-derived,positive,Indole Alkaloids; Carbolines,medium,1,observed,Norharman; LC-APCI-QFT; MS2; CE: Ramp 20%-70% (nominal); R=30000; [M+H]+,peak_mz:115.0550,extended,True,medium,medium,keep
CF:massbank_MSBNK-ACES_SU-AS000125_142_0655,CF,peak_mz,142.0655,MassBank record-derived,positive,Indole Alkaloids; Carbolines,medium,1,observed,Norharman; LC-APCI-QFT; MS2; CE: Ramp 20%-70% (nominal); R=30000; [M+H]+,peak_mz:142.0650,extended,True,medium,medium,keep
CF:massbank_MSBNK-ACES_SU-AS000125_168_0682,CF,peak_mz,168.0682,MassBank record-derived,positive,Indole Alkaloids; Carbolines,medium,1,observed,Norharman; LC-APCI-QFT; MS2; CE: Ramp 20%-70% (nominal); R=30000; [M+H]+,peak_mz:168.0700,extended,True,medium,medium,keep
CF:massbank_MSBNK-ACES_SU-AS000126_51_8007,CF,peak_mz,51.8007,MassBank record-derived,positive,Acrylates; Personnal Care Products; Sunscreens Agents; UV Stabilizers,medium,1,observed,Octocrylene; LC-APCI-QFT; MS2; CE: Ramp 20%-70% (nominal); R=30000; [M+H]+,peak_mz:51.8000,extended,True,medium,medium,keep
CF:massbank_MSBNK-ACES_SU-AS000126_57_0702,CF,peak_mz,57.0702,MassBank record-derived,positive,Acrylates; Personnal Care Products; Sunscreens Agents; UV Stabilizers,medium,1,observed,Octocrylene; LC-APCI-QFT; MS2; CE: Ramp 20%-70% (nominal); R=30000; [M+H]+,peak_mz:57.0700,extended,True,medium,medium,keep
CF:massbank_MSBNK-ACES_SU-AS000126_69_0142,CF,peak_mz,69.0142,MassBank record-derived,positive,Acrylates; Personnal Care Products; Sunscreens Agents; UV Stabilizers,medium,1,observed,Octocrylene; LC-APCI-QFT; MS2; CE: Ramp 20%-70% (nominal); R=30000; [M+H]+,peak_mz:69.0150,extended,True,medium,medium,keep
CF:massbank_MSBNK-ACES_SU-AS000128_55_0546,CF,peak_mz,55.0546,MassBank record-derived,positive,Lipids; Fatty Acids; Palmitic Acids; Skin Conditionning Agents,medium,1,observed,Palmitamide; LC-APCI-QFT; MS2; CE: Ramp 20%-70% (nominal); R=30000; [M+H]+,peak_mz:55.0550,extended,True,medium,medium,keep
CF:massbank_MSBNK-ACES_SU-AS000129_57_0703,CF,peak_mz,57.0703,MassBank record-derived,positive,Personnal Care Products; Hair and Skin conditioning; Imides,medium,1,observed,Panthenol; LC-APCI-QFT; MS2; CE: Ramp 20%-70% (nominal); R=30000; [M+H]+,peak_mz:57.0700,extended,True,medium,medium,keep
CF:massbank_MSBNK-ACES_SU-AS000129_58_0654,CF,peak_mz,58.0654,MassBank record-derived,positive,Personnal Care Products; Hair and Skin conditioning; Imides,medium,1,observed,Panthenol; LC-APCI-QFT; MS2; CE: Ramp 20%-70% (nominal); R=30000; [M+H]+,peak_mz:58.0650,extended,True,medium,medium,keep
CF:massbank_MSBNK-ACES_SU-AS000130_57_0451,CF,peak_mz,57.0451,MassBank record-derived,positive,Pesticides; Herbicides; Triazine,medium,1,observed,Prometon; LC-APCI-QFT; MS2; CE: Ramp 20%-70% (nominal); R=30000; [M+H]+,peak_mz:57.0450,extended,True,medium,medium,keep
CF:massbank_MSBNK-ACES_SU-AS000130_75_0556,CF,peak_mz,75.0556,MassBank record-derived,positive,Pesticides; Herbicides; Triazine,medium,1,observed,Prometon; LC-APCI-QFT; MS2; CE: Ramp 20%-70% (nominal); R=30000; [M+H]+,peak_mz:75.0550,extended,True,medium,medium,keep
NL:massbank_MSBNK-ACES_SU-AS000131,NL,mass_diff,1.0078,MassBank record-derived,positive,Pesticides; Fungicides; Triazoles,medium,1,observed,Propiconazole; LC-APCI-QFT; MS2; CE: Ramp 20%-70% (nominal); R=30000; [M+H]+,mass_diff:1.0100,extended,True,medium,medium,keep
CF:massbank_MSBNK-ACES_SU-AS000131_70_0399,CF,peak_mz,70.0399,MassBank record-derived,positive,Pesticides; Fungicides; Triazoles,medium,1,observed,Propiconazole; LC-APCI-QFT; MS2; CE: Ramp 20%-70% (nominal); R=30000; [M+H]+,peak_mz:70.0400,extended,True,medium,medium,keep
CF:massbank_MSBNK-ACES_SU-AS000132_139_0507,CF,peak_mz,139.0507,MassBank record-derived,positive,Pesticides; Herbicides; Sulfonylurea; Pyrazoles,medium,1,observed,Pyrazosulfuron-ethyl; LC-APCI-QFT; MS2; CE: Ramp 20%-70% (nominal); R=30000; [M+H]+,peak_mz:139.0500,extended,True,medium,medium,keep
CF:massbank_MSBNK-ACES_SU-AS000132_156_0766,CF,peak_mz,156.0766,MassBank record-derived,positive,Pesticides; Herbicides; Sulfonylurea; Pyrazoles,medium,1,observed,Pyrazosulfuron-ethyl; LC-APCI-QFT; MS2; CE: Ramp 20%-70% (nominal); R=30000; [M+H]+,peak_mz:156.0750,extended,True,medium,medium,keep
CF:massbank_MSBNK-ACES_SU-AS000132_157_0609,CF,peak_mz,157.0609,MassBank record-derived,positive,Pesticides; Herbicides; Sulfonylurea; Pyrazoles,medium,1,observed,Pyrazosulfuron-ethyl; LC-APCI-QFT; MS2; CE: Ramp 20%-70% (nominal); R=30000; [M+H]+,peak_mz:157.0600,extended,True,medium,medium,keep
CF:massbank_MSBNK-ACES_SU-AS000133_103_0567,CF,peak_mz,103.0567,MassBank record-derived,positive,Quinolines,medium,1,observed,Quinoline; LC-APCI-QFT; MS2; CE: Ramp 20%-70% (nominal); R=30000; [M+H]+,peak_mz:103.0550,extended,True,medium,medium,keep
CF:massbank_MSBNK-ACES_SU-AS000133_130_065,CF,peak_mz,130.065,MassBank record-derived,positive,Quinolines,medium,1,observed,Quinoline; LC-APCI-QFT; MS2; CE: Ramp 20%-70% (nominal); R=30000; [M+H]+,peak_mz:130.0650,extended,True,medium,medium,keep
CF:massbank_MSBNK-ACES_SU-AS000134_79_0533,CF,peak_mz,79.0533,MassBank record-derived,positive,Natural Products; Terpenes; Sesquiterpenes,medium,1,observed,Rupestonic acid; LC-APCI-QFT; MS2; CE: Ramp 20%-70% (nominal); R=30000; [M+H]+,peak_mz:79.0550,extended,True,medium,medium,keep
CF:massbank_MSBNK-ACES_SU-AS000134_81_0702,CF,peak_mz,81.0702,MassBank record-derived,positive,Natural Products; Terpenes; Sesquiterpenes,medium,1,observed,Rupestonic acid; LC-APCI-QFT; MS2; CE: Ramp 20%-70% (nominal); R=30000; [M+H]+,peak_mz:81.0700,extended,True,medium,medium,keep
CF:massbank_MSBNK-ACES_SU-AS000136_71_0603,CF,peak_mz,71.0603,MassBank record-derived,positive,Pesticide metabolites; Herbicides; Triazines,medium,1,observed,Simazine-2-hydroxy; LC-APCI-QFT; MS2; CE: Ramp 20%-70% (nominal); R=30000; [M+H]+,peak_mz:71.0600,extended,True,medium,medium,keep
CF:massbank_MSBNK-ACES_SU-AS000138_80_0495,CF,peak_mz,80.0495,MassBank record-derived,positive,Drugs; Antiinfective Agents; Amines; Aniline Compounds; Sulfanilamides,medium,1,observed,Sulfamethazine; LC-APCI-QFT; MS2; CE: Ramp 20%-70% (nominal); R=30000; [M+H]+,peak_mz:80.0500,extended,True,medium,medium,keep
CF:massbank_MSBNK-ACES_SU-AS000140_57_0449,CF,peak_mz,57.0449,MassBank record-derived,positive,Pesticides; Insecticides; Neonicotinoids,medium,1,observed,Thiamethoxam; LC-APCI-QFT; MS2; CE: Ramp 20%-70% (nominal); R=30000; [M+H]+,peak_mz:57.0450,extended,True,medium,medium,keep
CF:massbank_MSBNK-ACES_SU-AS000140_67_0417,CF,peak_mz,67.0417,MassBank record-derived,positive,Pesticides; Insecticides; Neonicotinoids,medium,1,observed,Thiamethoxam; LC-APCI-QFT; MS2; CE: Ramp 20%-70% (nominal); R=30000; [M+H]+,peak_mz:67.0400,extended,True,medium,medium,keep
CF:massbank_MSBNK-ACES_SU-AS000140_69_0448,CF,peak_mz,69.0448,MassBank record-derived,positive,Pesticides; Insecticides; Neonicotinoids,medium,1,observed,Thiamethoxam; LC-APCI-QFT; MS2; CE: Ramp 20%-70% (nominal); R=30000; [M+H]+,peak_mz:69.0450,extended,True,medium,medium,keep
CF:massbank_MSBNK-ACES_SU-AS000141_93_0576,CF,peak_mz,93.0576,MassBank record-derived,positive,Biocides; Disinfectants; Aniline Compounds; Anilides; Carbanilides,medium,1,observed,Triclocarban; LC-APCI-QFT; MS2; CE: Ramp 20%-70% (nominal); R=30000; [M+H]+,peak_mz:93.0600,extended,True,medium,medium,keep
CF:massbank_MSBNK-ACES_SU-AS000141_99_0002,CF,peak_mz,99.0002,MassBank record-derived,positive,Biocides; Disinfectants; Aniline Compounds; Anilides; Carbanilides,medium,1,observed,Triclocarban; LC-APCI-QFT; MS2; CE: Ramp 20%-70% (nominal); R=30000; [M+H]+,peak_mz:99.0000,extended,True,medium,medium,keep
CF:massbank_MSBNK-ACES_SU-AS000141_126_0108,CF,peak_mz,126.0108,MassBank record-derived,positive,Biocides; Disinfectants; Aniline Compounds; Anilides; Carbanilides,medium,1,observed,Triclocarban; LC-APCI-QFT; MS2; CE: Ramp 20%-70% (nominal); R=30000; [M+H]+,peak_mz:126.0100,extended,True,medium,medium,keep
CF:massbank_MSBNK-ACES_SU-AS000142_81_0448,CF,peak_mz,81.0448,MassBank record-derived,positive,Drugs; Antiinfective Agents; Amines; Aminopyridines; Cytochrome P-450 Enzyme Inhibitors; Cytochrome P-450 CYP2C8 Inhibitors,medium,1,observed,Trimethoprim; LC-APCI-QFT; MS2; CE: Ramp 20%-70% (nominal); R=30000; [M+H]+,peak_mz:81.0450,extended,True,medium,medium,keep
CF:massbank_MSBNK-ACES_SU-AS000142_110_0589,CF,peak_mz,110.0589,MassBank record-derived,positive,Drugs; Antiinfective Agents; Amines; Aminopyridines; Cytochrome P-450 Enzyme Inhibitors; Cytochrome P-450 CYP2C8 Inhibitors,medium,1,observed,Trimethoprim; LC-APCI-QFT; MS2; CE: Ramp 20%-70% (nominal); R=30000; [M+H]+,peak_mz:110.0600,extended,True,medium,medium,keep
CF:massbank_MSBNK-ACES_SU-AS000142_111_0669,CF,peak_mz,111.0669,MassBank record-derived,positive,Drugs; Antiinfective Agents; Amines; Aminopyridines; Cytochrome P-450 Enzyme Inhibitors; Cytochrome P-450 CYP2C8 Inhibitors,medium,1,observed,Trimethoprim; LC-APCI-QFT; MS2; CE: Ramp 20%-70% (nominal); R=30000; [M+H]+,peak_mz:111.0650,extended,True,medium,medium,keep
CF:massbank_MSBNK-ACES_SU-AS000144_92_0548,CF,peak_mz,92.0548,MassBank record-derived,positive,Pesticides; Fungicides; Benzimidazoles,medium,1,observed,1H-Benzimidazole; LC-ESI-QFT; MS2; CE: Ramp 20%-70% (nominal); R=30000; [M+H]+,peak_mz:92.0550,extended,True,medium,medium,keep
CF:massbank_MSBNK-ACES_SU-AS000145_80_0544,CF,peak_mz,80.0544,MassBank record-derived,positive,Benzimidazoles,medium,1,observed,2-Hydroxybenzimidazole; LC-ESI-QFT; MS2; CE: Ramp 20%-70% (nominal); R=30000; [M+H]+,peak_mz:80.0550,extended,True,medium,medium,keep
CF:massbank_MSBNK-ACES_SU-AS000146_53_0388,CF,peak_mz,53.0388,MassBank record-derived,positive,Azoles; Triazoles; Benzotriazoles,medium,1,observed,4-Methyl-1H-benzotriazole; LC-ESI-QFT; MS2; CE: Ramp 20%-70% (nominal); R=30000; [M+H]+,peak_mz:53.0400,extended,True,medium,medium,keep
CF:massbank_MSBNK-ACES_SU-AS000146_79_0543,CF,peak_mz,79.0543,MassBank record-derived,positive,Azoles; Triazoles; Benzotriazoles,medium,1,observed,4-Methyl-1H-benzotriazole; LC-ESI-QFT; MS2; CE: Ramp 20%-70% (nominal); R=30000; [M+H]+,peak_mz:79.0550,extended,True,medium,medium,keep
CF:massbank_MSBNK-ACES_SU-AS000147_93_0742,CF,peak_mz,93.0742,MassBank record-derived,positive,Benzimidazoles,medium,1,observed,"5,6-Dimethylbenzimidazole; LC-ESI-QFT; MS2; CE: Ramp 20%-70% (nominal); R=30000; [M+H]+",peak_mz:93.0750,extended,True,medium,medium,keep
CF:massbank_MSBNK-ACES_SU-AS000147_106_0664,CF,peak_mz,106.0664,MassBank record-derived,positive,Benzimidazoles,medium,1,observed,"5,6-Dimethylbenzimidazole; LC-ESI-QFT; MS2; CE: Ramp 20%-70% (nominal); R=30000; [M+H]+",peak_mz:106.0650,extended,True,medium,medium,keep
CF:massbank_MSBNK-ACES_SU-AS000147_120_0806,CF,peak_mz,120.0806,MassBank record-derived,positive,Benzimidazoles,medium,1,observed,"5,6-Dimethylbenzimidazole; LC-ESI-QFT; MS2; CE: Ramp 20%-70% (nominal); R=30000; [M+H]+",peak_mz:120.0800,extended,True,medium,medium,keep
CF:massbank_MSBNK-ACES_SU-AS000148_77_0408,CF,peak_mz,77.0408,MassBank record-derived,positive,Azoles; Triazoles; Benzotriazoles,medium,1,observed,5-Methyl-1H-benzotriazole; LC-ESI-QFT; MS2; CE: Ramp 20%-70% (nominal); R=30000; [M+H]+,peak_mz:77.0400,extended,True,medium,medium,keep
CF:massbank_MSBNK-ACES_SU-AS000148_79_059,CF,peak_mz,79.059,MassBank record-derived,positive,Azoles; Triazoles; Benzotriazoles,medium,1,observed,5-Methyl-1H-benzotriazole; LC-ESI-QFT; MS2; CE: Ramp 20%-70% (nominal); R=30000; [M+H]+,peak_mz:79.0600,extended,True,medium,medium,keep
CF:massbank_MSBNK-ACES_SU-AS000149_55_0183,CF,peak_mz,55.0183,MassBank record-derived,positive,Drugs; Benzoates; Hydroxybenzoates; Salicylates,medium,1,observed,Aspirin; LC-ESI-QFT; MS2; CE: Ramp 20%-70% (nominal); R=30000; [M+H]+,peak_mz:55.0200,extended,True,medium,medium,keep
CF:massbank_MSBNK-ACES_SU-AS000149_64_9777,CF,peak_mz,64.9777,MassBank record-derived,positive,Drugs; Benzoates; Hydroxybenzoates; Salicylates,medium,1,observed,Aspirin; LC-ESI-QFT; MS2; CE: Ramp 20%-70% (nominal); R=30000; [M+H]+,peak_mz:64.9800,extended,True,medium,medium,keep
CF:massbank_MSBNK-ACES_SU-AS000150_58_0655,CF,peak_mz,58.0655,MassBank record-derived,positive,Drugs; Agent Affecting Nervous System; Beta-Adrenergic Antagonist,medium,1,observed,Atenolol; LC-ESI-QFT; MS2; CE: Ramp 20%-70% (nominal); R=30000; [M+H]+,peak_mz:58.0650,extended,True,medium,medium,keep
CF:massbank_MSBNK-ACES_SU-AS000151_68_0246,CF,peak_mz,68.0246,MassBank record-derived,positive,Pesticides; Herbicides; Triazines,medium,1,observed,Atrazine; LC-ESI-QFT; MS2; CE: Ramp 20%-70% (nominal); R=30000; [M+H]+,peak_mz:68.0250,extended,True,medium,medium,keep
CF:massbank_MSBNK-ACES_SU-AS000151_85_0517,CF,peak_mz,85.0517,MassBank record-derived,positive,Pesticides; Herbicides; Triazines,medium,1,observed,Atrazine; LC-ESI-QFT; MS2; CE: Ramp 20%-70% (nominal); R=30000; [M+H]+,peak_mz:85.0500,extended,True,medium,medium,keep
CF:massbank_MSBNK-ACES_SU-AS000152_86_0418,CF,peak_mz,86.0418,MassBank record-derived,positive,Pesticide metabolites; Herbicides; Triazines,medium,1,observed,Atrazine-2-hydroxy; LC-ESI-QFT; MS2; CE: Ramp 20%-70% (nominal); R=30000; [M+H]+,peak_mz:86.0400,extended,True,medium,medium,keep
CF:massbank_MSBNK-ACES_SU-AS000154_61_9795,CF,peak_mz,61.9795,MassBank record-derived,positive,Pesticide metabolites; Herbicides; Triazines,medium,1,observed,Atrazine-desethyl-2-hydroxy; LC-ESI-QFT; MS2; CE: Ramp 20%-70% (nominal); R=30000; [M+H]+,peak_mz:61.9800,extended,True,medium,medium,keep
CF:massbank_MSBNK-ACES_SU-AS000154_79_0107,CF,peak_mz,79.0107,MassBank record-derived,positive,Pesticide metabolites; Herbicides; Triazines,medium,1,observed,Atrazine-desethyl-2-hydroxy; LC-ESI-QFT; MS2; CE: Ramp 20%-70% (nominal); R=30000; [M+H]+,peak_mz:79.0100,extended,True,medium,medium,keep
CF:massbank_MSBNK-ACES_SU-AS000157_75_0019,CF,peak_mz,75.0019,MassBank record-derived,positive,Organophosphorus compound; Dialkyl phosphate,medium,1,observed,"Bis(1,3-dichloro-2-propyl) phosphate; LC-ESI-QFT; MS2; CE: Ramp 20%-70% (nominal); R=30000; [M+H]+",peak_mz:75.0000,extended,True,medium,medium,keep
CF:massbank_MSBNK-ACES_SU-AS000158_98_9841,CF,peak_mz,98.9841,MassBank record-derived,positive,"Organophosphates; Fragrance Components; Lubricant additives, Corrosion inhibitors",medium,1,observed,Bis(2-ethylhexyl) phosphate; LC-ESI-QFT; MS2; CE: Ramp 20%-70% (nominal); R=30000; [M+H]+,peak_mz:98.9850,extended,True,medium,medium,keep
CF:massbank_MSBNK-ACES_SU-AS000159_83_0679,CF,peak_mz,83.0679,MassBank record-derived,positive,Natural Products; Drugs; Alkaloids; Xanthines,medium,1,observed,Caffeine; LC-ESI-QFT; MS2; CE: Ramp 20%-70% (nominal); R=30000; [M+H]+,peak_mz:83.0700,extended,True,medium,medium,keep
CF:massbank_MSBNK-ACES_SU-AS000160_91_0592,CF,peak_mz,91.0592,MassBank record-derived,positive,Drug; Anticonvulsants; Cytochrome P-450 Enzyme Inducers,medium,1,observed,Carbamazepine; LC-ESI-QFT; MS2; CE: Ramp 20%-70% (nominal); R=30000; [M+H]+,peak_mz:91.0600,extended,True,medium,medium,keep
CF:massbank_MSBNK-ACES_SU-AS000160_152_0627,CF,peak_mz,152.0627,MassBank record-derived,positive,Drug; Anticonvulsants; Cytochrome P-450 Enzyme Inducers,medium,1,observed,Carbamazepine; LC-ESI-QFT; MS2; CE: Ramp 20%-70% (nominal); R=30000; [M+H]+,peak_mz:152.0650,extended,True,medium,medium,keep
CF:massbank_MSBNK-ACES_SU-AS000161_132_0559,CF,peak_mz,132.0559,MassBank record-derived,positive,Pesticides; Fungicides; Carbamates,medium,1,observed,Carbendazim; LC-ESI-QFT; MS2; CE: Ramp 20%-70% (nominal); R=30000; [M+H]+,peak_mz:132.0550,extended,True,medium,medium,keep
CF:massbank_MSBNK-ACES_SU-AS000162_58_029,CF,peak_mz,58.029,MassBank record-derived,positive,Pesticides; Carbamate Insecticides; Phenylcarbamates,medium,1,observed,Carbofuran; LC-ESI-QFT; MS2; CE: Ramp 20%-70% (nominal); R=30000; [M+H]+,peak_mz:58.0300,extended,True,medium,medium,keep
CF:massbank_MSBNK-ACES_SU-AS000162_67_0541,CF,peak_mz,67.0541,MassBank record-derived,positive,Pesticides; Carbamate Insecticides; Phenylcarbamates,medium,1,observed,Carbofuran; LC-ESI-QFT; MS2; CE: Ramp 20%-70% (nominal); R=30000; [M+H]+,peak_mz:67.0550,extended,True,medium,medium,keep
CF:massbank_MSBNK-ACES_SU-AS000163_111_9951,CF,peak_mz,111.9951,MassBank record-derived,positive,Pesticides; Insecticides; Aminobenzoates,medium,1,observed,Chlorantraniliprole; LC-ESI-QFT; MS2; CE: Ramp 20%-70% (nominal); R=30000; [M+H]+,peak_mz:111.9950,extended,True,medium,medium,keep
CF:massbank_MSBNK-ACES_SU-AS000163_130_0054,CF,peak_mz,130.0054,MassBank record-derived,positive,Pesticides; Insecticides; Aminobenzoates,medium,1,observed,Chlorantraniliprole; LC-ESI-QFT; MS2; CE: Ramp 20%-70% (nominal); R=30000; [M+H]+,peak_mz:130.0050,extended,True,medium,medium,keep
CF:massbank_MSBNK-ACES_SU-AS000164_96_9501,CF,peak_mz,96.9501,MassBank record-derived,positive,Pesticides; Organophosphate Insecticides; Organothiophosphates,medium,1,observed,Chlorpyrifos; LC-ESI-QFT; MS2; CE: Ramp 20%-70% (nominal); R=30000; [M+H]+,peak_mz:96.9500,extended,True,medium,medium,keep
CF:massbank_MSBNK-ACES_SU-AS000165_77_0409,CF,peak_mz,77.0409,MassBank record-derived,positive,Azo Dyes; Aniline Compounds,medium,1,observed,Chrysoidine G; LC-ESI-QFT; MS2; CE: Ramp 20%-70% (nominal); R=30000; [M+H]+,peak_mz:77.0400,extended,True,medium,medium,keep
CF:massbank_MSBNK-ACES_SU-AS000167_131_0605,CF,peak_mz,131.0605,MassBank record-derived,positive,Veterinary Drugs; Adrenoreceptor agonist; Amino Alcohols; Ethanolamines,medium,1,observed,Clenbuterol; LC-ESI-QFT; MS2; CE: Ramp 20%-70% (nominal); R=30000; [M+H]+,peak_mz:131.0600,extended,True,medium,medium,keep
CF:massbank_MSBNK-ACES_SU-AS000167_132_0682,CF,peak_mz,132.0682,MassBank record-derived,positive,Veterinary Drugs; Adrenoreceptor agonist; Amino Alcohols; Ethanolamines,medium,1,observed,Clenbuterol; LC-ESI-QFT; MS2; CE: Ramp 20%-70% (nominal); R=30000; [M+H]+,peak_mz:132.0700,extended,True,medium,medium,keep
CF:massbank_MSBNK-ACES_SU-AS000168_70_0653,CF,peak_mz,70.0653,MassBank record-derived,positive,Drugs; Pyrrolidines; Pyrrolidinones; Cholinergic Agonists,medium,1,observed,Cotinine; LC-ESI-QFT; MS2; CE: Ramp 20%-70% (nominal); R=30000; [M+H]+,peak_mz:70.0650,extended,True,medium,medium,keep
CF:massbank_MSBNK-ACES_SU-AS000168_98_0603,CF,peak_mz,98.0603,MassBank record-derived,positive,Drugs; Pyrrolidines; Pyrrolidinones; Cholinergic Agonists,medium,1,observed,Cotinine; LC-ESI-QFT; MS2; CE: Ramp 20%-70% (nominal); R=30000; [M+H]+,peak_mz:98.0600,extended,True,medium,medium,keep
CF:massbank_MSBNK-ACES_SU-AS000169_61_9793,CF,peak_mz,61.9793,MassBank record-derived,positive,Pesticides; Herbicides; Triazines,medium,1,observed,Cyanazine; LC-ESI-QFT; MS2; CE: Ramp 20%-70% (nominal); R=30000; [M+H]+,peak_mz:61.9800,extended,True,medium,medium,keep
CF:massbank_MSBNK-ACES_SU-AS000170_83_0318,CF,peak_mz,83.0318,MassBank record-derived,positive,Pesticides; Insecticides; Acaricides; Molluscicides; Organochlorines; Pyrethroid ester; Monoterpenes; Pyrethrins,medium,1,observed,Cypermethrin; LC-ESI-QFT; MS2; CE: Ramp 20%-70% (nominal); R=30000; [M+H]+,peak_mz:83.0300,extended,True,medium,medium,keep
CF:massbank_MSBNK-ACES_SU-AS000170_84_0343,CF,peak_mz,84.0343,MassBank record-derived,positive,Pesticides; Insecticides; Acaricides; Molluscicides; Organochlorines; Pyrethroid ester; Monoterpenes; Pyrethrins,medium,1,observed,Cypermethrin; LC-ESI-QFT; MS2; CE: Ramp 20%-70% (nominal); R=30000; [M+H]+,peak_mz:84.0350,extended,True,medium,medium,keep
CF:massbank_MSBNK-ACES_SU-AS000171_91_0543,CF,peak_mz,91.0543,MassBank record-derived,positive,Phytoestrogens; Benzopyrans; Chromones; Flavonoids; Isoflavones,medium,1,observed,Daidzein; LC-ESI-QFT; MS2; CE: Ramp 20%-70% (nominal); R=30000; [M+H]+,peak_mz:91.0550,extended,True,medium,medium,keep
CF:massbank_MSBNK-ACES_SU-AS000171_119_0496,CF,peak_mz,119.0496,MassBank record-derived,positive,Phytoestrogens; Benzopyrans; Chromones; Flavonoids; Isoflavones,medium,1,observed,Daidzein; LC-ESI-QFT; MS2; CE: Ramp 20%-70% (nominal); R=30000; [M+H]+,peak_mz:119.0500,extended,True,medium,medium,keep
CF:massbank_MSBNK-ACES_SU-AS000171_128_0623,CF,peak_mz,128.0623,MassBank record-derived,positive,Phytoestrogens; Benzopyrans; Chromones; Flavonoids; Isoflavones,medium,1,observed,Daidzein; LC-ESI-QFT; MS2; CE: Ramp 20%-70% (nominal); R=30000; [M+H]+,peak_mz:128.0600,extended,True,medium,medium,keep
CF:massbank_MSBNK-ACES_SU-AS000173_79_0588,CF,peak_mz,79.0588,MassBank record-derived,positive,Terpenes; Sesquiterpenes,medium,1,observed,Dehydrocostus lactone; LC-ESI-QFT; MS2; CE: Ramp 20%-70% (nominal); R=30000; [M+H]+,peak_mz:79.0600,extended,True,medium,medium,keep
CF:massbank_MSBNK-ACES_SU-AS000174_84_0441,CF,peak_mz,84.0441,MassBank record-derived,positive,Pesticides; Organophosphate Insecticides; Organothiophosphates,medium,1,observed,Diazinon; LC-ESI-QFT; MS2; CE: Ramp 20%-70% (nominal); R=30000; [M+H]+,peak_mz:84.0450,extended,True,medium,medium,keep
CF:massbank_MSBNK-ACES_SU-AS000174_96_9507,CF,peak_mz,96.9507,MassBank record-derived,positive,Pesticides; Organophosphate Insecticides; Organothiophosphates,medium,1,observed,Diazinon; LC-ESI-QFT; MS2; CE: Ramp 20%-70% (nominal); R=30000; [M+H]+,peak_mz:96.9500,extended,True,medium,medium,keep
CF:massbank_MSBNK-ACES_SU-AS000175_179_0732,CF,peak_mz,179.0732,MassBank record-derived,positive,Drugs; Nonsteroidal Antiinflammatory Drugs; Carboxylic Acids; Phenylacetates,medium,1,observed,Diclofenac; LC-ESI-QFT; MS2; CE: Ramp 20%-70% (nominal); R=30000; [M+H]+,peak_mz:179.0750,extended,True,medium,medium,keep
CF:massbank_MSBNK-ACES_SU-AS000175_214_0407,CF,peak_mz,214.0407,MassBank record-derived,positive,Drugs; Nonsteroidal Antiinflammatory Drugs; Carboxylic Acids; Phenylacetates,medium,1,observed,Diclofenac; LC-ESI-QFT; MS2; CE: Ramp 20%-70% (nominal); R=30000; [M+H]+,peak_mz:214.0400,extended,True,medium,medium,keep
CF:massbank_MSBNK-ACES_SU-AS000176_58_9953,CF,peak_mz,58.9953,MassBank record-derived,positive,Pesticides; Organophosphate Insecticides; Organothiophosphates,medium,1,observed,Dimethoate; LC-ESI-QFT; MS2; CE: Ramp 20%-70% (nominal); R=30000; [M+H]+,peak_mz:58.9950,extended,True,medium,medium,keep
CF:massbank_MSBNK-ACES_SU-AS000176_61_0109,CF,peak_mz,61.0109,MassBank record-derived,positive,Pesticides; Organophosphate Insecticides; Organothiophosphates,medium,1,observed,Dimethoate; LC-ESI-QFT; MS2; CE: Ramp 20%-70% (nominal); R=30000; [M+H]+,peak_mz:61.0100,extended,True,medium,medium,keep
CF:massbank_MSBNK-ACES_SU-AS000176_62_0187,CF,peak_mz,62.0187,MassBank record-derived,positive,Pesticides; Organophosphate Insecticides; Organothiophosphates,medium,1,observed,Dimethoate; LC-ESI-QFT; MS2; CE: Ramp 20%-70% (nominal); R=30000; [M+H]+,peak_mz:62.0200,extended,True,medium,medium,keep
CF:massbank_MSBNK-ACES_SU-AS000177_51_0234,CF,peak_mz,51.0234,MassBank record-derived,positive,Aryl phosphate,medium,1,observed,Diphenyl Phosphate; LC-ESI-QFT; MS2; CE: Ramp 20%-70% (nominal); R=30000; [M+H]+,peak_mz:51.0250,extended,True,medium,medium,keep
CF:massbank_MSBNK-ACES_SU-AS000178_50_0156,CF,peak_mz,50.0156,MassBank record-derived,positive,Azo Dyes,medium,1,observed,Disperse Orange 1; LC-ESI-QFT; MS2; CE: Ramp 20%-70% (nominal); R=30000; [M+H]+,peak_mz:50.0150,extended,True,medium,medium,keep
CF:massbank_MSBNK-ACES_SU-AS000178_63_0232,CF,peak_mz,63.0232,MassBank record-derived,positive,Azo Dyes,medium,1,observed,Disperse Orange 1; LC-ESI-QFT; MS2; CE: Ramp 20%-70% (nominal); R=30000; [M+H]+,peak_mz:63.0250,extended,True,medium,medium,keep
CF:massbank_MSBNK-ACES_SU-AS000179_92_0549,CF,peak_mz,92.0549,MassBank record-derived,positive,Azo Dyes,medium,1,observed,Disperse Yellow 3; LC-ESI-QFT; MS2; CE: Ramp 20%-70% (nominal); R=30000; [M+H]+,peak_mz:92.0550,extended,True,medium,medium,keep
CF:massbank_MSBNK-ACES_SU-AS000182_72_0407,CF,peak_mz,72.0407,MassBank record-derived,positive,Pesticides; Herbicides; Urea Derivatives; Benzene Derivatives,medium,1,observed,Fenuron; LC-ESI-QFT; MS2; CE: Ramp 20%-70% (nominal); R=30000; [M+H]+,peak_mz:72.0400,extended,True,medium,medium,keep
CF:massbank_MSBNK-ACES_SU-AS000182_72_0443,CF,peak_mz,72.0443,MassBank record-derived,positive,Pesticides; Herbicides; Urea Derivatives; Benzene Derivatives,medium,1,observed,Fenuron; LC-ESI-QFT; MS2; CE: Ramp 20%-70% (nominal); R=30000; [M+H]+,peak_mz:72.0450,extended,True,medium,medium,keep
CF:massbank_MSBNK-ACES_SU-AS000183_82_0405,CF,peak_mz,82.0405,MassBank record-derived,positive,Drugs; Antifungal Agents; Cytochrome P-450 Enzyme Inhibitors; 14-alpha Demethylase Inhibitors,medium,1,observed,Fluconazole; LC-ESI-QFT; MS2; CE: Ramp 20%-70% (nominal); R=30000; [M+H]+,peak_mz:82.0400,extended,True,medium,medium,keep
CF:massbank_MSBNK-ACES_SU-AS000184_84_0623,CF,peak_mz,84.0623,MassBank record-derived,positive,Pesticides; Insecticides; Neonicotinoids,medium,1,observed,Imidacloprid; LC-ESI-QFT; MS2; CE: Ramp 20%-70% (nominal); R=30000; [M+H]+,peak_mz:84.0600,extended,True,medium,medium,keep
CF:massbank_MSBNK-ACES_SU-AS000185_80_0334,CF,peak_mz,80.0334,MassBank record-derived,positive,Drugs; Angiotensin II Receptor Antagonists; Benzene Derivatives; Biphenyl Compounds,medium,1,observed,Losartan; LC-ESI-QFT; MS2; CE: Ramp 20%-70% (nominal); R=30000; [M+H]+,peak_mz:80.0350,extended,True,medium,medium,keep
CF:massbank_MSBNK-ACES_SU-AS000185_139_0543,CF,peak_mz,139.0543,MassBank record-derived,positive,Drugs; Angiotensin II Receptor Antagonists; Benzene Derivatives; Biphenyl Compounds,medium,1,observed,Losartan; LC-ESI-QFT; MS2; CE: Ramp 20%-70% (nominal); R=30000; [M+H]+,peak_mz:139.0550,extended,True,medium,medium,keep
CF:massbank_MSBNK-ACES_SU-AS000185_140_049,CF,peak_mz,140.049,MassBank record-derived,positive,Drugs; Angiotensin II Receptor Antagonists; Benzene Derivatives; Biphenyl Compounds,medium,1,observed,Losartan; LC-ESI-QFT; MS2; CE: Ramp 20%-70% (nominal); R=30000; [M+H]+,peak_mz:140.0500,extended,True,medium,medium,keep
CF:massbank_MSBNK-ACES_SU-AS000186_53_0026,CF,peak_mz,53.0026,MassBank record-derived,positive,Pesticides; Organophosphate Insecticides; Organothiophosphates,medium,1,observed,Malaoxon; LC-ESI-QFT; MS2; CE: Ramp 20%-70% (nominal); R=30000; [M+H]+,peak_mz:53.0050,extended,True,medium,medium,keep
CF:massbank_MSBNK-ACES_SU-AS000186_78_995,CF,peak_mz,78.995,MassBank record-derived,positive,Pesticides; Organophosphate Insecticides; Organothiophosphates,medium,1,observed,Malaoxon; LC-ESI-QFT; MS2; CE: Ramp 20%-70% (nominal); R=30000; [M+H]+,peak_mz:78.9950,extended,True,medium,medium,keep
CF:massbank_MSBNK-ACES_SU-AS000187_78_9991,CF,peak_mz,78.9991,MassBank record-derived,positive,Pesticides; Organophosphate Insecticides; Organothiophosphates,medium,1,observed,Malathion; LC-ESI-QFT; MS2; CE: Ramp 20%-70% (nominal); R=30000; [M+H]+,peak_mz:79.0000,extended,True,medium,medium,keep
CF:massbank_MSBNK-ACES_SU-AS000187_86_9959,CF,peak_mz,86.9959,MassBank record-derived,positive,Pesticides; Organophosphate Insecticides; Organothiophosphates,medium,1,observed,Malathion; LC-ESI-QFT; MS2; CE: Ramp 20%-70% (nominal); R=30000; [M+H]+,peak_mz:86.9950,extended,True,medium,medium,keep
CF:massbank_MSBNK-ACES_SU-AS000188_81_0771,CF,peak_mz,81.0771,MassBank record-derived,positive,Pharmaceutical; Alzheimer Disease Agents; Antiparkinsonian Agents; Adamantane; Amantadine,medium,1,observed,Memantine; LC-ESI-QFT; MS2; CE: Ramp 20%-70% (nominal); R=30000; [M+H]+,peak_mz:81.0750,extended,True,medium,medium,keep
CF:massbank_MSBNK-ACES_SU-AS000189_105_07,CF,peak_mz,105.07,MassBank record-derived,positive,Pesticides; Fungicides; Carboxamides,medium,1,observed,Metalaxyl; LC-ESI-QFT; MS2; CE: Ramp 20%-70% (nominal); R=30000; [M+H]+,peak_mz:105.0700,extended,True,medium,medium,keep
CF:massbank_MSBNK-ACES_SU-AS000189_119_0861,CF,peak_mz,119.0861,MassBank record-derived,positive,Pesticides; Fungicides; Carboxamides,medium,1,observed,Metalaxyl; LC-ESI-QFT; MS2; CE: Ramp 20%-70% (nominal); R=30000; [M+H]+,peak_mz:119.0850,extended,True,medium,medium,keep
CF:massbank_MSBNK-ACES_SU-AS000190_51_6491,CF,peak_mz,51.6491,MassBank record-derived,positive,Drugs; Antidiabetic Agents; Amidines; Guanidines; Biguanides,medium,1,observed,Metformin; LC-ESI-QFT; MS2; CE: Ramp 20%-70% (nominal); R=30000; [M+H]+,peak_mz:51.6500,extended,True,medium,medium,keep
CF:massbank_MSBNK-ACES_SU-AS000190_64_6787,CF,peak_mz,64.6787,MassBank record-derived,positive,Drugs; Antidiabetic Agents; Amidines; Guanidines; Biguanides,medium,1,observed,Metformin; LC-ESI-QFT; MS2; CE: Ramp 20%-70% (nominal); R=30000; [M+H]+,peak_mz:64.6800,extended,True,medium,medium,keep
CF:massbank_MSBNK-ACES_SU-AS000191_82_0522,CF,peak_mz,82.0522,MassBank record-derived,positive,Drugs; Antiinfective Agents; Nitroimidazoles,medium,1,observed,Metronidazole; LC-ESI-QFT; MS2; CE: Ramp 20%-70% (nominal); R=30000; [M+H]+,peak_mz:82.0500,extended,True,medium,medium,keep
CF:massbank_MSBNK-ACES_SU-AS000192_80_0524,CF,peak_mz,80.0524,MassBank record-derived,positive,Alkaloids; Cholinergic Agonists,medium,1,observed,Nicotine; LC-ESI-QFT; MS2; CE: Ramp 20%-70% (nominal); R=30000; [M+H]+,peak_mz:80.0500,extended,True,medium,medium,keep
CF:massbank_MSBNK-ACES_SU-AS000192_84_0835,CF,peak_mz,84.0835,MassBank record-derived,positive,Alkaloids; Cholinergic Agonists,medium,1,observed,Nicotine; LC-ESI-QFT; MS2; CE: Ramp 20%-70% (nominal); R=30000; [M+H]+,peak_mz:84.0850,extended,True,medium,medium,keep
CF:massbank_MSBNK-ACES_SU-AS000192_106_0653,CF,peak_mz,106.0653,MassBank record-derived,positive,Alkaloids; Cholinergic Agonists,medium,1,observed,Nicotine; LC-ESI-QFT; MS2; CE: Ramp 20%-70% (nominal); R=30000; [M+H]+,peak_mz:106.0650,extended,True,medium,medium,keep
CF:massbank_MSBNK-ACES_SU-AS000193_142_0656,CF,peak_mz,142.0656,MassBank record-derived,positive,Indole Alkaloids; Carbolines,medium,1,observed,Norharman; LC-ESI-QFT; MS2; CE: Ramp 20%-70% (nominal); R=30000; [M+H]+,peak_mz:142.0650,extended,True,medium,medium,keep
CF:massbank_MSBNK-ACES_SU-AS000193_168_0681,CF,peak_mz,168.0681,MassBank record-derived,positive,Indole Alkaloids; Carbolines,medium,1,observed,Norharman; LC-ESI-QFT; MS2; CE: Ramp 20%-70% (nominal); R=30000; [M+H]+,peak_mz:168.0700,extended,True,medium,medium,keep
CF:massbank_MSBNK-ACES_SU-AS000195_67_0543,CF,peak_mz,67.0543,MassBank record-derived,positive,Personnal Care Products; Sunscreens Agents; Cosmetics,medium,1,observed,Oxybenzone; LC-ESI-QFT; MS2; CE: Ramp 20%-70% (nominal); R=30000; [M+H]+,peak_mz:67.0550,extended,True,medium,medium,keep
CF:massbank_MSBNK-ACES_SU-AS000196_56_0133,CF,peak_mz,56.0133,MassBank record-derived,positive,Personnal Care Products; Hair and Skin conditioning; Imides,medium,1,observed,Panthenol; LC-ESI-QFT; MS2; CE: Ramp 20%-70% (nominal); R=30000; [M+H]+,peak_mz:56.0150,extended,True,medium,medium,keep
CF:massbank_MSBNK-ACES_SU-AS000197_59_0731,CF,peak_mz,59.0731,MassBank record-derived,positive,Drugs; Amines; Anilides; Acetanilides,medium,1,observed,Paracetamol; LC-ESI-QFT; MS2; CE: Ramp 20%-70% (nominal); R=30000; [M+H]+,peak_mz:59.0750,extended,True,medium,medium,keep
CF:massbank_MSBNK-ACES_SU-AS000198_75_0577,CF,peak_mz,75.0577,MassBank record-derived,positive,Pesticides; Herbicides; Triazine,medium,1,observed,Prometon; LC-ESI-QFT; MS2; CE: Ramp 20%-70% (nominal); R=30000; [M+H]+,peak_mz:75.0600,extended,True,medium,medium,keep
CF:massbank_MSBNK-ACES_SU-AS000200_83_0316,CF,peak_mz,83.0316,MassBank record-derived,positive,Pesticides; Herbicides; Sulfonylurea; Pyrazoles,medium,1,observed,Pyrazosulfuron-ethyl; LC-ESI-QFT; MS2; CE: Ramp 20%-70% (nominal); R=30000; [M+H]+,peak_mz:83.0300,extended,True,medium,medium,keep
CF:massbank_MSBNK-ACES_SU-AS000200_139_05,CF,peak_mz,139.05,MassBank record-derived,positive,Pesticides; Herbicides; Sulfonylurea; Pyrazoles,medium,1,observed,Pyrazosulfuron-ethyl; LC-ESI-QFT; MS2; CE: Ramp 20%-70% (nominal); R=30000; [M+H]+,peak_mz:139.0500,extended,True,medium,medium,keep
CF:massbank_MSBNK-ACES_SU-AS000203_86_035,CF,peak_mz,86.035,MassBank record-derived,positive,Pesticide metabolites; Herbicides; Triazines,medium,1,observed,Simazine-2-hydroxy; LC-ESI-QFT; MS2; CE: Ramp 20%-70% (nominal); R=30000; [M+H]+,peak_mz:86.0350,extended,True,medium,medium,keep
CF:massbank_MSBNK-ACES_SU-AS000207_67_0418,CF,peak_mz,67.0418,MassBank record-derived,positive,Pesticides; Insecticides; Neonicotinoids,medium,1,observed,Thiamethoxam; LC-ESI-QFT; MS2; CE: Ramp 20%-70% (nominal); R=30000; [M+H]+,peak_mz:67.0400,extended,True,medium,medium,keep
CF:massbank_MSBNK-ACES_SU-AS000207_69_045,CF,peak_mz,69.045,MassBank record-derived,positive,Pesticides; Insecticides; Neonicotinoids,medium,1,observed,Thiamethoxam; LC-ESI-QFT; MS2; CE: Ramp 20%-70% (nominal); R=30000; [M+H]+,peak_mz:69.0450,extended,True,medium,medium,keep
CF:massbank_MSBNK-ACES_SU-AS000207_70_9952,CF,peak_mz,70.9952,MassBank record-derived,positive,Pesticides; Insecticides; Neonicotinoids,medium,1,observed,Thiamethoxam; LC-ESI-QFT; MS2; CE: Ramp 20%-70% (nominal); R=30000; [M+H]+,peak_mz:70.9950,extended,True,medium,medium,keep
CF:massbank_MSBNK-ACES_SU-AS000208_93_0575,CF,peak_mz,93.0575,MassBank record-derived,positive,Biocides; Disinfectants; Aniline Compounds; Anilides; Carbanilides,medium,1,observed,Triclocarban; LC-ESI-QFT; MS2; CE: Ramp 20%-70% (nominal); R=30000; [M+H]+,peak_mz:93.0600,extended,True,medium,medium,keep
CF:massbank_MSBNK-ACES_SU-AS000208_98_9995,CF,peak_mz,98.9995,MassBank record-derived,positive,Biocides; Disinfectants; Aniline Compounds; Anilides; Carbanilides,medium,1,observed,Triclocarban; LC-ESI-QFT; MS2; CE: Ramp 20%-70% (nominal); R=30000; [M+H]+,peak_mz:99.0000,extended,True,medium,medium,keep
CF:massbank_MSBNK-ACES_SU-AS000209_110_0591,CF,peak_mz,110.0591,MassBank record-derived,positive,Drugs; Antiinfective Agents; Amines; Aminopyridines; Cytochrome P-450 Enzyme Inhibitors; Cytochrome P-450 CYP2C8 Inhibitors,medium,1,observed,Trimethoprim; LC-ESI-QFT; MS2; CE: Ramp 20%-70% (nominal); R=30000; [M+H]+,peak_mz:110.0600,extended,True,medium,medium,keep
CF:massbank_MSBNK-ACES_SU-AS000209_111_0665,CF,peak_mz,111.0665,MassBank record-derived,positive,Drugs; Antiinfective Agents; Amines; Aminopyridines; Cytochrome P-450 Enzyme Inhibitors; Cytochrome P-450 CYP2C8 Inhibitors,medium,1,observed,Trimethoprim; LC-ESI-QFT; MS2; CE: Ramp 20%-70% (nominal); R=30000; [M+H]+,peak_mz:111.0650,extended,True,medium,medium,keep
CF:massbank_MSBNK-ACES_SU-AS000211_91_0554,CF,peak_mz,91.0554,MassBank record-derived,negative,Benzopyrans; Flavonoids; Isoflavones,medium,1,observed,"(R,S)-Equol; LC-ESI-QFT; MS2; CE: Ramp 20%-70% (nominal); R=30000; [M-H]-",peak_mz:91.0550,extended,True,medium,medium,keep
CF:massbank_MSBNK-ACES_SU-AS000211_93_0346,CF,peak_mz,93.0346,MassBank record-derived,negative,Benzopyrans; Flavonoids; Isoflavones,medium,1,observed,"(R,S)-Equol; LC-ESI-QFT; MS2; CE: Ramp 20%-70% (nominal); R=30000; [M-H]-",peak_mz:93.0350,extended,True,medium,medium,keep
NL:massbank_MSBNK-ACES_SU-AS000212,NL,mass_diff,88.9591,MassBank record-derived,negative,Pesticides; Fungicides; Benzimidazoles,medium,1,observed,1H-Benzimidazole; LC-ESI-QFT; MS2; CE: Ramp 20%-70% (nominal); R=30000; [M-H]-,mass_diff:88.9600,extended,True,medium,medium,keep
CF:massbank_MSBNK-ACES_SU-AS000212_117_0461,CF,peak_mz,117.0461,MassBank record-derived,negative,Pesticides; Fungicides; Benzimidazoles,medium,1,observed,1H-Benzimidazole; LC-ESI-QFT; MS2; CE: Ramp 20%-70% (nominal); R=30000; [M-H]-,peak_mz:117.0450,extended,True,medium,medium,keep
NL:massbank_MSBNK-ACES_SU-AS000213,NL,mass_diff,90.9733,MassBank record-derived,negative,Polycyclic Aromatic Hydrocarbons; Naphthalenes; Naphthalenesulfonates; Organosulfonic acids; Arenesulfonic acids,medium,1,observed,1-Naphthalenesulfonic acid; LC-ESI-QFT; MS2; CE: Ramp 20%-70% (nominal); R=30000; [M-H]-,mass_diff:90.9750,extended,True,medium,medium,keep
CF:massbank_MSBNK-ACES_SU-AS000213_87_0091,CF,peak_mz,87.0091,MassBank record-derived,negative,Polycyclic Aromatic Hydrocarbons; Naphthalenes; Naphthalenesulfonates; Organosulfonic acids; Arenesulfonic acids,medium,1,observed,1-Naphthalenesulfonic acid; LC-ESI-QFT; MS2; CE: Ramp 20%-70% (nominal); R=30000; [M-H]-,peak_mz:87.0100,extended,True,medium,medium,keep
CF:massbank_MSBNK-ACES_SU-AS000213_111_0088,CF,peak_mz,111.0088,MassBank record-derived,negative,Polycyclic Aromatic Hydrocarbons; Naphthalenes; Naphthalenesulfonates; Organosulfonic acids; Arenesulfonic acids,medium,1,observed,1-Naphthalenesulfonic acid; LC-ESI-QFT; MS2; CE: Ramp 20%-70% (nominal); R=30000; [M-H]-,peak_mz:111.0100,extended,True,medium,medium,keep
NL:massbank_MSBNK-ACES_SU-AS000214,NL,mass_diff,39.962,MassBank record-derived,negative,Pesticides; Herbicides; Glycolates; Phenoxyacetates,medium,1,observed,"2,4-Dichlorophenoxyacetic Acid; LC-ESI-QFT; MS2; CE: Ramp 20%-70% (nominal); R=30000; [M-H]-",mass_diff:39.9600,extended,True,medium,medium,keep
CF:massbank_MSBNK-ACES_SU-AS000214_73_0297,CF,peak_mz,73.0297,MassBank record-derived,negative,Pesticides; Herbicides; Glycolates; Phenoxyacetates,medium,1,observed,"2,4-Dichlorophenoxyacetic Acid; LC-ESI-QFT; MS2; CE: Ramp 20%-70% (nominal); R=30000; [M-H]-",peak_mz:73.0300,extended,True,medium,medium,keep
CF:massbank_MSBNK-ACES_SU-AS000214_115_0395,CF,peak_mz,115.0395,MassBank record-derived,negative,Pesticides; Herbicides; Glycolates; Phenoxyacetates,medium,1,observed,"2,4-Dichlorophenoxyacetic Acid; LC-ESI-QFT; MS2; CE: Ramp 20%-70% (nominal); R=30000; [M-H]-",peak_mz:115.0400,extended,True,medium,medium,keep
CF:massbank_MSBNK-ACES_SU-AS000214_124_9804,CF,peak_mz,124.9804,MassBank record-derived,negative,Pesticides; Herbicides; Glycolates; Phenoxyacetates,medium,1,observed,"2,4-Dichlorophenoxyacetic Acid; LC-ESI-QFT; MS2; CE: Ramp 20%-70% (nominal); R=30000; [M-H]-",peak_mz:124.9800,extended,True,medium,medium,keep
NL:massbank_MSBNK-ACES_SU-AS000215,NL,mass_diff,23.9841,MassBank record-derived,negative,Aromatic Amines; Aniline Compounds,medium,1,observed,"2,4-Dinitroaniline; LC-ESI-QFT; MS2; CE: Ramp 20%-70% (nominal); R=30000; [M-H]-",mass_diff:23.9850,extended,True,medium,medium,keep
CF:massbank_MSBNK-ACES_SU-AS000215_89_0147,CF,peak_mz,89.0147,MassBank record-derived,negative,Aromatic Amines; Aniline Compounds,medium,1,observed,"2,4-Dinitroaniline; LC-ESI-QFT; MS2; CE: Ramp 20%-70% (nominal); R=30000; [M-H]-",peak_mz:89.0150,extended,True,medium,medium,keep
CF:massbank_MSBNK-ACES_SU-AS000215_105_0224,CF,peak_mz,105.0224,MassBank record-derived,negative,Aromatic Amines; Aniline Compounds,medium,1,observed,"2,4-Dinitroaniline; LC-ESI-QFT; MS2; CE: Ramp 20%-70% (nominal); R=30000; [M-H]-",peak_mz:105.0200,extended,True,medium,medium,keep
CF:massbank_MSBNK-ACES_SU-AS000215_122_0251,CF,peak_mz,122.0251,MassBank record-derived,negative,Aromatic Amines; Aniline Compounds,medium,1,observed,"2,4-Dinitroaniline; LC-ESI-QFT; MS2; CE: Ramp 20%-70% (nominal); R=30000; [M-H]-",peak_mz:122.0250,extended,True,medium,medium,keep
NL:massbank_MSBNK-ACES_SU-AS000216,NL,mass_diff,41.9762,MassBank record-derived,negative,Nitroanilines,medium,1,observed,"2-Bromo-4,6-dinitroaniline; LC-ESI-QFT; MS2; CE: Ramp 20%-70% (nominal); R=30000; [M-H]-",mass_diff:41.9750,extended,True,medium,medium,keep
CF:massbank_MSBNK-ACES_SU-AS000216_68_9984,CF,peak_mz,68.9984,MassBank record-derived,negative,Nitroanilines,medium,1,observed,"2-Bromo-4,6-dinitroaniline; LC-ESI-QFT; MS2; CE: Ramp 20%-70% (nominal); R=30000; [M-H]-",peak_mz:69.0000,extended,True,medium,medium,keep
CF:massbank_MSBNK-ACES_SU-AS000216_78_919,CF,peak_mz,78.919,MassBank record-derived,negative,Nitroanilines,medium,1,observed,"2-Bromo-4,6-dinitroaniline; LC-ESI-QFT; MS2; CE: Ramp 20%-70% (nominal); R=30000; [M-H]-",peak_mz:78.9200,extended,True,medium,medium,keep
NL:massbank_MSBNK-ACES_SU-AS000217,NL,mass_diff,25.9984,MassBank record-derived,negative,Polycyclic Aromatic Hydrocarbons; Naphthalenes; Naphthalenesulfonates; Organosulfonic acids; Arenesulfonic acids,medium,1,observed,2-Naphthalenesulfonic acid; LC-ESI-QFT; MS2; CE: Ramp 20%-70% (nominal); R=30000; [M-H]-,mass_diff:26.0000,extended,True,medium,medium,keep
CF:massbank_MSBNK-ACES_SU-AS000217_115_0552,CF,peak_mz,115.0552,MassBank record-derived,negative,Polycyclic Aromatic Hydrocarbons; Naphthalenes; Naphthalenesulfonates; Organosulfonic acids; Arenesulfonic acids,medium,1,observed,2-Naphthalenesulfonic acid; LC-ESI-QFT; MS2; CE: Ramp 20%-70% (nominal); R=30000; [M-H]-,peak_mz:115.0550,extended,True,medium,medium,keep
CF:massbank_MSBNK-ACES_SU-AS000217_143_0501,CF,peak_mz,143.0501,MassBank record-derived,negative,Polycyclic Aromatic Hydrocarbons; Naphthalenes; Naphthalenesulfonates; Organosulfonic acids; Arenesulfonic acids,medium,1,observed,2-Naphthalenesulfonic acid; LC-ESI-QFT; MS2; CE: Ramp 20%-70% (nominal); R=30000; [M-H]-,peak_mz:143.0500,extended,True,medium,medium,keep
NL:massbank_MSBNK-ACES_SU-AS000218,NL,mass_diff,1.006,MassBank record-derived,negative,Halogenated Polyaromatics; Benzene Derivatives; Biphenyl Compounds; Polybrominated Biphenyls; Bisphenols; Bromobisphenols; Flame retardants,medium,1,observed,"3,3,5,5-Tetrabromobisphenol A; LC-ESI-QFT; MS2; CE: Ramp 20%-70% (nominal); R=30000; [M-H]-",mass_diff:1.0050,extended,True,medium,medium,keep
CF:massbank_MSBNK-ACES_SU-AS000218_210_291,CF,peak_mz,210.291,MassBank record-derived,negative,Halogenated Polyaromatics; Benzene Derivatives; Biphenyl Compounds; Polybrominated Biphenyls; Bisphenols; Bromobisphenols; Flame retardants,medium,1,observed,"3,3,5,5-Tetrabromobisphenol A; LC-ESI-QFT; MS2; CE: Ramp 20%-70% (nominal); R=30000; [M-H]-",peak_mz:210.2900,extended,True,medium,medium,keep
CF:massbank_MSBNK-ACES_SU-AS000218_538_7495,CF,peak_mz,538.7495,MassBank record-derived,negative,Halogenated Polyaromatics; Benzene Derivatives; Biphenyl Compounds; Polybrominated Biphenyls; Bisphenols; Bromobisphenols; Flame retardants,medium,1,observed,"3,3,5,5-Tetrabromobisphenol A; LC-ESI-QFT; MS2; CE: Ramp 20%-70% (nominal); R=30000; [M-H]-",peak_mz:538.7500,extended,True,medium,medium,keep
CF:massbank_MSBNK-ACES_SU-AS000219_145_0658,CF,peak_mz,145.0658,MassBank record-derived,negative,Food Additives; Benzene Derivatives; Phenols; Cresols; Alkylbenzenes,medium,1,observed,"3,5-Di-tert-butyl-4-hydroxybenzyl alcohol; LC-ESI-QFT; MS2; CE: Ramp 20%-70% (nominal); R=30000; [M-H]-",peak_mz:145.0650,extended,True,medium,medium,keep
CF:massbank_MSBNK-ACES_SU-AS000219_160_0899,CF,peak_mz,160.0899,MassBank record-derived,negative,Food Additives; Benzene Derivatives; Phenols; Cresols; Alkylbenzenes,medium,1,observed,"3,5-Di-tert-butyl-4-hydroxybenzyl alcohol; LC-ESI-QFT; MS2; CE: Ramp 20%-70% (nominal); R=30000; [M-H]-",peak_mz:160.0900,extended,True,medium,medium,keep
CF:massbank_MSBNK-ACES_SU-AS000219_217_1604,CF,peak_mz,217.1604,MassBank record-derived,negative,Food Additives; Benzene Derivatives; Phenols; Cresols; Alkylbenzenes,medium,1,observed,"3,5-Di-tert-butyl-4-hydroxybenzyl alcohol; LC-ESI-QFT; MS2; CE: Ramp 20%-70% (nominal); R=30000; [M-H]-",peak_mz:217.1600,extended,True,medium,medium,keep
CF:massbank_MSBNK-ACES_SU-AS000220_102_0352,CF,peak_mz,102.0352,MassBank record-derived,negative,Azoles; Triazoles; Benzotriazoles,medium,1,observed,4-Methyl-1H-benzotriazole; LC-ESI-QFT; MS2; CE: Ramp 20%-70% (nominal); R=30000; [M-H]-,peak_mz:102.0350,extended,True,medium,medium,keep
CF:massbank_MSBNK-ACES_SU-AS000220_103_0428,CF,peak_mz,103.0428,MassBank record-derived,negative,Azoles; Triazoles; Benzotriazoles,medium,1,observed,4-Methyl-1H-benzotriazole; LC-ESI-QFT; MS2; CE: Ramp 20%-70% (nominal); R=30000; [M-H]-,peak_mz:103.0450,extended,True,medium,medium,keep
CF:massbank_MSBNK-ACES_SU-AS000220_104_0506,CF,peak_mz,104.0506,MassBank record-derived,negative,Azoles; Triazoles; Benzotriazoles,medium,1,observed,4-Methyl-1H-benzotriazole; LC-ESI-QFT; MS2; CE: Ramp 20%-70% (nominal); R=30000; [M-H]-,peak_mz:104.0500,extended,True,medium,medium,keep
NL:massbank_MSBNK-ACES_SU-AS000221,NL,mass_diff,14.0278,MassBank record-derived,negative,Benzimidazoles,medium,1,observed,"5,6-Dimethylbenzimidazole; LC-ESI-QFT; MS2; CE: Ramp 20%-70% (nominal); R=30000; [M-H]-",mass_diff:14.0300,extended,True,medium,medium,keep
CF:massbank_MSBNK-ACES_SU-AS000221_130_0539,CF,peak_mz,130.0539,MassBank record-derived,negative,Benzimidazoles,medium,1,observed,"5,6-Dimethylbenzimidazole; LC-ESI-QFT; MS2; CE: Ramp 20%-70% (nominal); R=30000; [M-H]-",peak_mz:130.0550,extended,True,medium,medium,keep
CF:massbank_MSBNK-ACES_SU-AS000221_143_062,CF,peak_mz,143.062,MassBank record-derived,negative,Benzimidazoles,medium,1,observed,"5,6-Dimethylbenzimidazole; LC-ESI-QFT; MS2; CE: Ramp 20%-70% (nominal); R=30000; [M-H]-",peak_mz:143.0600,extended,True,medium,medium,keep
CF:massbank_MSBNK-ACES_SU-AS000221_144_0695,CF,peak_mz,144.0695,MassBank record-derived,negative,Benzimidazoles,medium,1,observed,"5,6-Dimethylbenzimidazole; LC-ESI-QFT; MS2; CE: Ramp 20%-70% (nominal); R=30000; [M-H]-",peak_mz:144.0700,extended,True,medium,medium,keep
NL:massbank_MSBNK-ACES_SU-AS000222,NL,mass_diff,12.0134,MassBank record-derived,negative,Azoles; Triazoles; Benzotriazoles,medium,1,observed,5-Methyl-1H-benzotriazole; LC-ESI-QFT; MS2; CE: Ramp 20%-70% (nominal); R=30000; [M-H]-,mass_diff:12.0150,extended,True,medium,medium,keep
CF:massbank_MSBNK-ACES_SU-AS000222_64_0192,CF,peak_mz,64.0192,MassBank record-derived,negative,Azoles; Triazoles; Benzotriazoles,medium,1,observed,5-Methyl-1H-benzotriazole; LC-ESI-QFT; MS2; CE: Ramp 20%-70% (nominal); R=30000; [M-H]-,peak_mz:64.0200,extended,True,medium,medium,keep
CF:massbank_MSBNK-ACES_SU-AS000222_103_0429,CF,peak_mz,103.0429,MassBank record-derived,negative,Azoles; Triazoles; Benzotriazoles,medium,1,observed,5-Methyl-1H-benzotriazole; LC-ESI-QFT; MS2; CE: Ramp 20%-70% (nominal); R=30000; [M-H]-,peak_mz:103.0450,extended,True,medium,medium,keep
CF:massbank_MSBNK-ACES_SU-AS000223_76_0196,CF,peak_mz,76.0196,MassBank record-derived,negative,Amines; Aniline Compounds,medium,1,observed,"6-Chloro-2,4-dinitroaniline; LC-ESI-QFT; MS2; CE: Ramp 20%-70% (nominal); R=30000; [M-H]-",peak_mz:76.0200,extended,True,medium,medium,keep
CF:massbank_MSBNK-ACES_SU-AS000224_70_0301,CF,peak_mz,70.0301,MassBank record-derived,negative,Thiazines; Artificial Sweeteners,medium,1,observed,Acesulfam; LC-ESI-QFT; MS2; CE: Ramp 20%-70% (nominal); R=30000; [M-H]-,peak_mz:70.0300,extended,True,medium,medium,keep
CF:massbank_MSBNK-ACES_SU-AS000224_77_9658,CF,peak_mz,77.9658,MassBank record-derived,negative,Thiazines; Artificial Sweeteners,medium,1,observed,Acesulfam; LC-ESI-QFT; MS2; CE: Ramp 20%-70% (nominal); R=30000; [M-H]-,peak_mz:77.9650,extended,True,medium,medium,keep
CF:massbank_MSBNK-ACES_SU-AS000224_82_0301,CF,peak_mz,82.0301,MassBank record-derived,negative,Thiazines; Artificial Sweeteners,medium,1,observed,Acesulfam; LC-ESI-QFT; MS2; CE: Ramp 20%-70% (nominal); R=30000; [M-H]-,peak_mz:82.0300,extended,True,medium,medium,keep
CF:massbank_MSBNK-ACES_SU-AS000225_106_0425,CF,peak_mz,106.0425,MassBank record-derived,negative,Drugs; Agent Affecting Nervous System; Beta-Adrenergic Antagonist,medium,1,observed,Atenolol; LC-ESI-QFT; MS2; CE: Ramp 20%-70% (nominal); R=30000; [M-H]-,peak_mz:106.0400,extended,True,medium,medium,keep
CF:massbank_MSBNK-ACES_SU-AS000225_119_051,CF,peak_mz,119.051,MassBank record-derived,negative,Drugs; Agent Affecting Nervous System; Beta-Adrenergic Antagonist,medium,1,observed,Atenolol; LC-ESI-QFT; MS2; CE: Ramp 20%-70% (nominal); R=30000; [M-H]-,peak_mz:119.0500,extended,True,medium,medium,keep
NL:massbank_MSBNK-ACES_SU-AS000226,NL,mass_diff,18.9733,MassBank record-derived,negative,Pesticides; Herbicides; Triazines,medium,1,observed,Atrazine; LC-ESI-QFT; MS2; CE: Ramp 20%-70% (nominal); R=30000; [M-H]-,mass_diff:18.9750,extended,True,medium,medium,keep
CF:massbank_MSBNK-ACES_SU-AS000226_83_0618,CF,peak_mz,83.0618,MassBank record-derived,negative,Pesticides; Herbicides; Triazines,medium,1,observed,Atrazine; LC-ESI-QFT; MS2; CE: Ramp 20%-70% (nominal); R=30000; [M-H]-,peak_mz:83.0600,extended,True,medium,medium,keep
CF:massbank_MSBNK-ACES_SU-AS000226_84_0207,CF,peak_mz,84.0207,MassBank record-derived,negative,Pesticides; Herbicides; Triazines,medium,1,observed,Atrazine; LC-ESI-QFT; MS2; CE: Ramp 20%-70% (nominal); R=30000; [M-H]-,peak_mz:84.0200,extended,True,medium,medium,keep
NL:massbank_MSBNK-ACES_SU-AS000227,NL,mass_diff,29.0382,MassBank record-derived,negative,Pesticide metabolites; Herbicides; Triazines,medium,1,observed,Atrazine-2-hydroxy; LC-ESI-QFT; MS2; CE: Ramp 20%-70% (nominal); R=30000; [M-H]-,mass_diff:29.0400,extended,True,medium,medium,keep
CF:massbank_MSBNK-ACES_SU-AS000227_67_0304,CF,peak_mz,67.0304,MassBank record-derived,negative,Pesticide metabolites; Herbicides; Triazines,medium,1,observed,Atrazine-2-hydroxy; LC-ESI-QFT; MS2; CE: Ramp 20%-70% (nominal); R=30000; [M-H]-,peak_mz:67.0300,extended,True,medium,medium,keep
CF:massbank_MSBNK-ACES_SU-AS000227_69_0461,CF,peak_mz,69.0461,MassBank record-derived,negative,Pesticide metabolites; Herbicides; Triazines,medium,1,observed,Atrazine-2-hydroxy; LC-ESI-QFT; MS2; CE: Ramp 20%-70% (nominal); R=30000; [M-H]-,peak_mz:69.0450,extended,True,medium,medium,keep
CF:massbank_MSBNK-ACES_SU-AS000227_83_0617,CF,peak_mz,83.0617,MassBank record-derived,negative,Pesticide metabolites; Herbicides; Triazines,medium,1,observed,Atrazine-2-hydroxy; LC-ESI-QFT; MS2; CE: Ramp 20%-70% (nominal); R=30000; [M-H]-,peak_mz:83.0600,extended,True,medium,medium,keep
NL:massbank_MSBNK-ACES_SU-AS000228,NL,mass_diff,44.9905,MassBank record-derived,negative,Pesticide metabolites; Herbicides; Triazines,medium,1,observed,Atrazine-desethyl-2-hydroxy; LC-ESI-QFT; MS2; CE: Ramp 20%-70% (nominal); R=30000; [M-H]-,mass_diff:44.9900,extended,True,medium,medium,keep
CF:massbank_MSBNK-ACES_SU-AS000228_93_0344,CF,peak_mz,93.0344,MassBank record-derived,negative,Pesticide metabolites; Herbicides; Triazines,medium,1,observed,Atrazine-desethyl-2-hydroxy; LC-ESI-QFT; MS2; CE: Ramp 20%-70% (nominal); R=30000; [M-H]-,peak_mz:93.0350,extended,True,medium,medium,keep
CF:massbank_MSBNK-ACES_SU-AS000229_105_0349,CF,peak_mz,105.0349,MassBank record-derived,negative,Pesticides; Herbicides; Triazines; Thiazides; Benzothiadiazines,medium,1,observed,Bentazon; LC-ESI-QFT; MS2; CE: Ramp 20%-70% (nominal); R=30000; [M-H]-,peak_mz:105.0350,extended,True,medium,medium,keep
CF:massbank_MSBNK-ACES_SU-AS000229_116_0381,CF,peak_mz,116.0381,MassBank record-derived,negative,Pesticides; Herbicides; Triazines; Thiazides; Benzothiadiazines,medium,1,observed,Bentazon; LC-ESI-QFT; MS2; CE: Ramp 20%-70% (nominal); R=30000; [M-H]-,peak_mz:116.0400,extended,True,medium,medium,keep
CF:massbank_MSBNK-ACES_SU-AS000230_99_9253,CF,peak_mz,99.9253,MassBank record-derived,negative,Drugs; Tropanes,medium,1,observed,Benzoylecgonine; LC-ESI-QFT; MS2; CE: Ramp 20%-70% (nominal); R=30000; [M-H]-,peak_mz:99.9250,extended,True,medium,medium,keep
CF:massbank_MSBNK-ACES_SU-AS000230_121_0292,CF,peak_mz,121.0292,MassBank record-derived,negative,Drugs; Tropanes,medium,1,observed,Benzoylecgonine; LC-ESI-QFT; MS2; CE: Ramp 20%-70% (nominal); R=30000; [M-H]-,peak_mz:121.0300,extended,True,medium,medium,keep
CF:massbank_MSBNK-ACES_SU-AS000230_212_9513,CF,peak_mz,212.9513,MassBank record-derived,negative,Drugs; Tropanes,medium,1,observed,Benzoylecgonine; LC-ESI-QFT; MS2; CE: Ramp 20%-70% (nominal); R=30000; [M-H]-,peak_mz:212.9500,extended,True,medium,medium,keep
CF:massbank_MSBNK-ACES_SU-AS000231_212_447,CF,peak_mz,212.447,MassBank record-derived,negative,Organophosphorus compound; Dialkyl phosphate,medium,1,observed,"Bis(1,3-dichloro-2-propyl) phosphate; LC-ESI-QFT; MS2; CE: Ramp 20%-70% (nominal); R=30000; [M-H]-",peak_mz:212.4450,extended,True,medium,medium,keep
CF:massbank_MSBNK-ACES_SU-AS000231_316_9076,CF,peak_mz,316.9076,MassBank record-derived,negative,Organophosphorus compound; Dialkyl phosphate,medium,1,observed,"Bis(1,3-dichloro-2-propyl) phosphate; LC-ESI-QFT; MS2; CE: Ramp 20%-70% (nominal); R=30000; [M-H]-",peak_mz:316.9100,extended,True,medium,medium,keep
NL:massbank_MSBNK-ACES_SU-AS000232,NL,mass_diff,1.0096,MassBank record-derived,negative,"Organophosphates; Fragrance Components; Lubricant additives, Corrosion inhibitors",medium,1,observed,Bis(2-ethylhexyl) phosphate; LC-ESI-QFT; MS2; CE: Ramp 20%-70% (nominal); R=30000; [M-H]-,mass_diff:1.0100,extended,True,medium,medium,keep
CF:massbank_MSBNK-ACES_SU-AS000232_78_9586,CF,peak_mz,78.9586,MassBank record-derived,negative,"Organophosphates; Fragrance Components; Lubricant additives, Corrosion inhibitors",medium,1,observed,Bis(2-ethylhexyl) phosphate; LC-ESI-QFT; MS2; CE: Ramp 20%-70% (nominal); R=30000; [M-H]-,peak_mz:78.9600,extended,True,medium,medium,keep
CF:massbank_MSBNK-ACES_SU-AS000232_78_9599,CF,peak_mz,78.9599,MassBank record-derived,negative,"Organophosphates; Fragrance Components; Lubricant additives, Corrosion inhibitors",medium,1,observed,Bis(2-ethylhexyl) phosphate; LC-ESI-QFT; MS2; CE: Ramp 20%-70% (nominal); R=30000; [M-H]-,peak_mz:78.9600,extended,True,medium,medium,keep
CF:massbank_MSBNK-ACES_SU-AS000232_209_095,CF,peak_mz,209.095,MassBank record-derived,negative,"Organophosphates; Fragrance Components; Lubricant additives, Corrosion inhibitors",medium,1,observed,Bis(2-ethylhexyl) phosphate; LC-ESI-QFT; MS2; CE: Ramp 20%-70% (nominal); R=30000; [M-H]-,peak_mz:209.0950,extended,True,medium,medium,keep
CF:massbank_MSBNK-ACES_SU-AS000233_133_0659,CF,peak_mz,133.0659,MassBank record-derived,negative,Plastices and Rubber; Epoxy Resins; Polymers; Benzene Derivatives; Phenols; Bisphenols; Fire retardant,medium,1,observed,Bisphenol A; LC-ESI-QFT; MS2; CE: Ramp 20%-70% (nominal); R=30000; [M-H]-,peak_mz:133.0650,extended,True,medium,medium,keep
CF:massbank_MSBNK-ACES_SU-AS000233_211_0773,CF,peak_mz,211.0773,MassBank record-derived,negative,Plastices and Rubber; Epoxy Resins; Polymers; Benzene Derivatives; Phenols; Bisphenols; Fire retardant,medium,1,observed,Bisphenol A; LC-ESI-QFT; MS2; CE: Ramp 20%-70% (nominal); R=30000; [M-H]-,peak_mz:211.0750,extended,True,medium,medium,keep
CF:massbank_MSBNK-ACES_SU-AS000233_227_1079,CF,peak_mz,227.1079,MassBank record-derived,negative,Plastices and Rubber; Epoxy Resins; Polymers; Benzene Derivatives; Phenols; Bisphenols; Fire retardant,medium,1,observed,Bisphenol A; LC-ESI-QFT; MS2; CE: Ramp 20%-70% (nominal); R=30000; [M-H]-,peak_mz:227.1100,extended,True,medium,medium,keep
CF:massbank_MSBNK-ACES_SU-AS000234_126_0308,CF,peak_mz,126.0308,MassBank record-derived,negative,Pesticides; Fungicides; Carbamates,medium,1,observed,Carbendazim; LC-ESI-QFT; MS2; CE: Ramp 20%-70% (nominal); R=30000; [M-H]-,peak_mz:126.0300,extended,True,medium,medium,keep
CF:massbank_MSBNK-ACES_SU-AS000234_158_0359,CF,peak_mz,158.0359,MassBank record-derived,negative,Pesticides; Fungicides; Carbamates,medium,1,observed,Carbendazim; LC-ESI-QFT; MS2; CE: Ramp 20%-70% (nominal); R=30000; [M-H]-,peak_mz:158.0350,extended,True,medium,medium,keep
CF:massbank_MSBNK-ACES_SU-AS000234_190_0623,CF,peak_mz,190.0623,MassBank record-derived,negative,Pesticides; Fungicides; Carbamates,medium,1,observed,Carbendazim; LC-ESI-QFT; MS2; CE: Ramp 20%-70% (nominal); R=30000; [M-H]-,peak_mz:190.0600,extended,True,medium,medium,keep
CF:massbank_MSBNK-ACES_SU-AS000235_78_0351,CF,peak_mz,78.0351,MassBank record-derived,negative,Drugs; Antiinfective Agents; Alcohols; Glycols; Propylene Glycols,medium,1,observed,Chloramphenicol; LC-ESI-QFT; MS2; CE: Ramp 20%-70% (nominal); R=30000; [M-H]-,peak_mz:78.0350,extended,True,medium,medium,keep
CF:massbank_MSBNK-ACES_SU-AS000235_82_9464,CF,peak_mz,82.9464,MassBank record-derived,negative,Drugs; Antiinfective Agents; Alcohols; Glycols; Propylene Glycols,medium,1,observed,Chloramphenicol; LC-ESI-QFT; MS2; CE: Ramp 20%-70% (nominal); R=30000; [M-H]-,peak_mz:82.9450,extended,True,medium,medium,keep
CF:massbank_MSBNK-ACES_SU-AS000235_84_0095,CF,peak_mz,84.0095,MassBank record-derived,negative,Drugs; Antiinfective Agents; Alcohols; Glycols; Propylene Glycols,medium,1,observed,Chloramphenicol; LC-ESI-QFT; MS2; CE: Ramp 20%-70% (nominal); R=30000; [M-H]-,peak_mz:84.0100,extended,True,medium,medium,keep
NL:massbank_MSBNK-ACES_SU-AS000236,NL,mass_diff,1.0061,MassBank record-derived,negative,Pesticides; Insecticides; Aminobenzoates,medium,1,observed,Chlorantraniliprole; LC-ESI-QFT; MS2; CE: Ramp 20%-70% (nominal); R=30000; [M-H]-,mass_diff:1.0050,extended,True,medium,medium,keep
CF:massbank_MSBNK-ACES_SU-AS000236_144_9411,CF,peak_mz,144.9411,MassBank record-derived,negative,Pesticides; Insecticides; Aminobenzoates,medium,1,observed,Chlorantraniliprole; LC-ESI-QFT; MS2; CE: Ramp 20%-70% (nominal); R=30000; [M-H]-,peak_mz:144.9400,extended,True,medium,medium,keep
CF:massbank_MSBNK-ACES_SU-AS000236_201_9621,CF,peak_mz,201.9621,MassBank record-derived,negative,Pesticides; Insecticides; Aminobenzoates,medium,1,observed,Chlorantraniliprole; LC-ESI-QFT; MS2; CE: Ramp 20%-70% (nominal); R=30000; [M-H]-,peak_mz:201.9600,extended,True,medium,medium,keep
NL:massbank_MSBNK-ACES_SU-AS000237,NL,mass_diff,1.0066,MassBank record-derived,negative,Drugs; Antiinfective Agents; Antibiotics; Macrolides,medium,1,observed,Clarithromycin; LC-ESI-QFT; MS2; CE: Ramp 20%-70% (nominal); R=30000; [M-H]-,mass_diff:1.0050,extended,True,medium,medium,keep
CF:massbank_MSBNK-ACES_SU-AS000237_129_0552,CF,peak_mz,129.0552,MassBank record-derived,negative,Drugs; Antiinfective Agents; Antibiotics; Macrolides,medium,1,observed,Clarithromycin; LC-ESI-QFT; MS2; CE: Ramp 20%-70% (nominal); R=30000; [M-H]-,peak_mz:129.0550,extended,True,medium,medium,keep
CF:massbank_MSBNK-ACES_SU-AS000237_174_1139,CF,peak_mz,174.1139,MassBank record-derived,negative,Drugs; Antiinfective Agents; Antibiotics; Macrolides,medium,1,observed,Clarithromycin; LC-ESI-QFT; MS2; CE: Ramp 20%-70% (nominal); R=30000; [M-H]-,peak_mz:174.1150,extended,True,medium,medium,keep
CF:massbank_MSBNK-ACES_SU-AS000237_281_1734,CF,peak_mz,281.1734,MassBank record-derived,negative,Drugs; Antiinfective Agents; Antibiotics; Macrolides,medium,1,observed,Clarithromycin; LC-ESI-QFT; MS2; CE: Ramp 20%-70% (nominal); R=30000; [M-H]-,peak_mz:281.1750,extended,True,medium,medium,keep
CF:massbank_MSBNK-ACES_SU-AS000238_81_0461,CF,peak_mz,81.0461,MassBank record-derived,negative,Pesticides; Herbicides; Triazines,medium,1,observed,Cyanazine; LC-ESI-QFT; MS2; CE: Ramp 20%-70% (nominal); R=30000; [M-H]-,peak_mz:81.0450,extended,True,medium,medium,keep
CF:massbank_MSBNK-ACES_SU-AS000239_91_0191,CF,peak_mz,91.0191,MassBank record-derived,negative,Phytoestrogens; Benzopyrans; Chromones; Flavonoids; Isoflavones,medium,1,observed,Daidzein; LC-ESI-QFT; MS2; CE: Ramp 20%-70% (nominal); R=30000; [M-H]-,peak_mz:91.0200,extended,True,medium,medium,keep
CF:massbank_MSBNK-ACES_SU-AS000239_132_0222,CF,peak_mz,132.0222,MassBank record-derived,negative,Phytoestrogens; Benzopyrans; Chromones; Flavonoids; Isoflavones,medium,1,observed,Daidzein; LC-ESI-QFT; MS2; CE: Ramp 20%-70% (nominal); R=30000; [M-H]-,peak_mz:132.0200,extended,True,medium,medium,keep
CF:massbank_MSBNK-ACES_SU-AS000239_133_0296,CF,peak_mz,133.0296,MassBank record-derived,negative,Phytoestrogens; Benzopyrans; Chromones; Flavonoids; Isoflavones,medium,1,observed,Daidzein; LC-ESI-QFT; MS2; CE: Ramp 20%-70% (nominal); R=30000; [M-H]-,peak_mz:133.0300,extended,True,medium,medium,keep
CF:massbank_MSBNK-ACES_SU-AS000240_126_9962,CF,peak_mz,126.9962,MassBank record-derived,negative,Biocides; Disinfectants; Benzene Derivatives; Chlorobenzenes; Chlorophenols,medium,1,observed,Dichlorophene; LC-ESI-QFT; MS2; CE: Ramp 20%-70% (nominal); R=30000; [M-H]-,peak_mz:126.9950,extended,True,medium,medium,keep
CF:massbank_MSBNK-ACES_SU-AS000240_266_9988,CF,peak_mz,266.9988,MassBank record-derived,negative,Biocides; Disinfectants; Benzene Derivatives; Chlorobenzenes; Chlorophenols,medium,1,observed,Dichlorophene; LC-ESI-QFT; MS2; CE: Ramp 20%-70% (nominal); R=30000; [M-H]-,peak_mz:267.0000,extended,True,medium,medium,keep
CF:massbank_MSBNK-ACES_SU-AS000241_178_0672,CF,peak_mz,178.0672,MassBank record-derived,negative,Drugs; Nonsteroidal Antiinflammatory Drugs; Carboxylic Acids; Phenylacetates,medium,1,observed,Diclofenac; LC-ESI-QFT; MS2; CE: Ramp 20%-70% (nominal); R=30000; [M-H]-,peak_mz:178.0650,extended,True,medium,medium,keep
CF:massbank_MSBNK-ACES_SU-AS000241_214_0433,CF,peak_mz,214.0433,MassBank record-derived,negative,Drugs; Nonsteroidal Antiinflammatory Drugs; Carboxylic Acids; Phenylacetates,medium,1,observed,Diclofenac; LC-ESI-QFT; MS2; CE: Ramp 20%-70% (nominal); R=30000; [M-H]-,peak_mz:214.0450,extended,True,medium,medium,keep
CF:massbank_MSBNK-ACES_SU-AS000241_250_02,CF,peak_mz,250.02,MassBank record-derived,negative,Drugs; Nonsteroidal Antiinflammatory Drugs; Carboxylic Acids; Phenylacetates,medium,1,observed,Diclofenac; LC-ESI-QFT; MS2; CE: Ramp 20%-70% (nominal); R=30000; [M-H]-,peak_mz:250.0200,extended,True,medium,medium,keep
CF:massbank_MSBNK-ACES_SU-AS000242_78_9592,CF,peak_mz,78.9592,MassBank record-derived,negative,Aryl phosphate,medium,1,observed,Diphenyl Phosphate; LC-ESI-QFT; MS2; CE: Ramp 20%-70% (nominal); R=30000; [M-H]-,peak_mz:78.9600,extended,True,medium,medium,keep
CF:massbank_MSBNK-ACES_SU-AS000242_93_0347,CF,peak_mz,93.0347,MassBank record-derived,negative,Aryl phosphate,medium,1,observed,Diphenyl Phosphate; LC-ESI-QFT; MS2; CE: Ramp 20%-70% (nominal); R=30000; [M-H]-,peak_mz:93.0350,extended,True,medium,medium,keep
CF:massbank_MSBNK-ACES_SU-AS000242_154_9904,CF,peak_mz,154.9904,MassBank record-derived,negative,Aryl phosphate,medium,1,observed,Diphenyl Phosphate; LC-ESI-QFT; MS2; CE: Ramp 20%-70% (nominal); R=30000; [M-H]-,peak_mz:154.9900,extended,True,medium,medium,keep
CF:massbank_MSBNK-ACES_SU-AS000243_116_0508,CF,peak_mz,116.0508,MassBank record-derived,negative,Azo Dyes,medium,1,observed,Disperse Orange 1; LC-ESI-QFT; MS2; CE: Ramp 20%-70% (nominal); R=30000; [M-H]-,peak_mz:116.0500,extended,True,medium,medium,keep
CF:massbank_MSBNK-ACES_SU-AS000243_122_0252,CF,peak_mz,122.0252,MassBank record-derived,negative,Azo Dyes,medium,1,observed,Disperse Orange 1; LC-ESI-QFT; MS2; CE: Ramp 20%-70% (nominal); R=30000; [M-H]-,peak_mz:122.0250,extended,True,medium,medium,keep
CF:massbank_MSBNK-ACES_SU-AS000243_166_0668,CF,peak_mz,166.0668,MassBank record-derived,negative,Azo Dyes,medium,1,observed,Disperse Orange 1; LC-ESI-QFT; MS2; CE: Ramp 20%-70% (nominal); R=30000; [M-H]-,peak_mz:166.0650,extended,True,medium,medium,keep
CF:massbank_MSBNK-ACES_SU-AS000244_92_0509,CF,peak_mz,92.0509,MassBank record-derived,negative,Azo Dyes,medium,1,observed,Disperse Yellow 3; LC-ESI-QFT; MS2; CE: Ramp 20%-70% (nominal); R=30000; [M-H]-,peak_mz:92.0500,extended,True,medium,medium,keep
CF:massbank_MSBNK-ACES_SU-AS000244_133_0412,CF,peak_mz,133.0412,MassBank record-derived,negative,Azo Dyes,medium,1,observed,Disperse Yellow 3; LC-ESI-QFT; MS2; CE: Ramp 20%-70% (nominal); R=30000; [M-H]-,peak_mz:133.0400,extended,True,medium,medium,keep
CF:massbank_MSBNK-ACES_SU-AS000244_134_0615,CF,peak_mz,134.0615,MassBank record-derived,negative,Azo Dyes,medium,1,observed,Disperse Yellow 3; LC-ESI-QFT; MS2; CE: Ramp 20%-70% (nominal); R=30000; [M-H]-,peak_mz:134.0600,extended,True,medium,medium,keep
CF:massbank_MSBNK-ACES_SU-AS000245_121_9805,CF,peak_mz,121.9805,MassBank record-derived,negative,Pesticides; Herbicides; Urea Derivatives; Benzene Derivatives,medium,1,observed,Diuron; LC-ESI-QFT; MS2; CE: Ramp 20%-70% (nominal); R=30000; [M-H]-,peak_mz:121.9800,extended,True,medium,medium,keep
CF:massbank_MSBNK-ACES_SU-AS000245_149_9754,CF,peak_mz,149.9754,MassBank record-derived,negative,Pesticides; Herbicides; Urea Derivatives; Benzene Derivatives,medium,1,observed,Diuron; LC-ESI-QFT; MS2; CE: Ramp 20%-70% (nominal); R=30000; [M-H]-,peak_mz:149.9750,extended,True,medium,medium,keep
CF:massbank_MSBNK-ACES_SU-AS000245_159_973,CF,peak_mz,159.973,MassBank record-derived,negative,Pesticides; Herbicides; Urea Derivatives; Benzene Derivatives,medium,1,observed,Diuron; LC-ESI-QFT; MS2; CE: Ramp 20%-70% (nominal); R=30000; [M-H]-,peak_mz:159.9750,extended,True,medium,medium,keep
CF:massbank_MSBNK-ACES_SU-AS000246_118_0303,CF,peak_mz,118.0303,MassBank record-derived,negative,Pesticides; Herbicides; Urea Derivatives; Benzene Derivatives,medium,1,observed,Fenuron; LC-ESI-QFT; MS2; CE: Ramp 20%-70% (nominal); R=30000; [M-H]-,peak_mz:118.0300,extended,True,medium,medium,keep
CF:massbank_MSBNK-ACES_SU-AS000246_162_8874,CF,peak_mz,162.8874,MassBank record-derived,negative,Pesticides; Herbicides; Urea Derivatives; Benzene Derivatives,medium,1,observed,Fenuron; LC-ESI-QFT; MS2; CE: Ramp 20%-70% (nominal); R=30000; [M-H]-,peak_mz:162.8850,extended,True,medium,medium,keep
CF:massbank_MSBNK-ACES_SU-AS000247_93_0149,CF,peak_mz,93.0149,MassBank record-derived,negative,Drugs; Antifungal Agents; Cytochrome P-450 Enzyme Inhibitors; 14-alpha Demethylase Inhibitors,medium,1,observed,Fluconazole; LC-ESI-QFT; MS2; CE: Ramp 20%-70% (nominal); R=30000; [M-H]-,peak_mz:93.0150,extended,True,medium,medium,keep
CF:massbank_MSBNK-ACES_SU-AS000247_94_0412,CF,peak_mz,94.0412,MassBank record-derived,negative,Drugs; Antifungal Agents; Cytochrome P-450 Enzyme Inhibitors; 14-alpha Demethylase Inhibitors,medium,1,observed,Fluconazole; LC-ESI-QFT; MS2; CE: Ramp 20%-70% (nominal); R=30000; [M-H]-,peak_mz:94.0400,extended,True,medium,medium,keep
CF:massbank_MSBNK-ACES_SU-AS000248_67_0191,CF,peak_mz,67.0191,MassBank record-derived,negative,Drugs; Nonsteroidal antiiflammatory drug; Cyclooxygenase Inhibitor; Phenylpropionates,medium,1,observed,Ibuprofen; LC-ESI-QFT; MS2; CE: Ramp 20%-70% (nominal); R=30000; [M-H]-,peak_mz:67.0200,extended,True,medium,medium,keep
CF:massbank_MSBNK-ACES_SU-AS000249_85_9999,CF,peak_mz,85.9999,MassBank record-derived,negative,Pesticides; Insecticides; Neonicotinoids,medium,1,observed,Imidacloprid; LC-ESI-QFT; MS2; CE: Ramp 20%-70% (nominal); R=30000; [M-H]-,peak_mz:86.0000,extended,True,medium,medium,keep
CF:massbank_MSBNK-ACES_SU-AS000249_153_0229,CF,peak_mz,153.0229,MassBank record-derived,negative,Pesticides; Insecticides; Neonicotinoids,medium,1,observed,Imidacloprid; LC-ESI-QFT; MS2; CE: Ramp 20%-70% (nominal); R=30000; [M-H]-,peak_mz:153.0250,extended,True,medium,medium,keep
CF:massbank_MSBNK-ACES_SU-AS000249_207_0442,CF,peak_mz,207.0442,MassBank record-derived,negative,Pesticides; Insecticides; Neonicotinoids,medium,1,observed,Imidacloprid; LC-ESI-QFT; MS2; CE: Ramp 20%-70% (nominal); R=30000; [M-H]-,peak_mz:207.0450,extended,True,medium,medium,keep
NL:massbank_MSBNK-ACES_SU-AS000250,NL,mass_diff,1.0064,MassBank record-derived,negative,Drugs; Angiotensin II Receptor Antagonists; Benzene Derivatives; Biphenyl Compounds,medium,1,observed,Losartan; LC-ESI-QFT; MS2; CE: Ramp 20%-70% (nominal); R=30000; [M-H]-,mass_diff:1.0050,extended,True,medium,medium,keep
CF:massbank_MSBNK-ACES_SU-AS000250_113_9994,CF,peak_mz,113.9994,MassBank record-derived,negative,Drugs; Angiotensin II Receptor Antagonists; Benzene Derivatives; Biphenyl Compounds,medium,1,observed,Losartan; LC-ESI-QFT; MS2; CE: Ramp 20%-70% (nominal); R=30000; [M-H]-,peak_mz:114.0000,extended,True,medium,medium,keep
CF:massbank_MSBNK-ACES_SU-AS000250_127_0071,CF,peak_mz,127.0071,MassBank record-derived,negative,Drugs; Angiotensin II Receptor Antagonists; Benzene Derivatives; Biphenyl Compounds,medium,1,observed,Losartan; LC-ESI-QFT; MS2; CE: Ramp 20%-70% (nominal); R=30000; [M-H]-,peak_mz:127.0050,extended,True,medium,medium,keep
CF:massbank_MSBNK-ACES_SU-AS000250_155_0383,CF,peak_mz,155.0383,MassBank record-derived,negative,Drugs; Angiotensin II Receptor Antagonists; Benzene Derivatives; Biphenyl Compounds,medium,1,observed,Losartan; LC-ESI-QFT; MS2; CE: Ramp 20%-70% (nominal); R=30000; [M-H]-,peak_mz:155.0400,extended,True,medium,medium,keep
CF:massbank_MSBNK-ACES_SU-AS000251_78_9593,CF,peak_mz,78.9593,MassBank record-derived,negative,Pesticides; Organophosphate Insecticides; Organothiophosphates,medium,1,observed,Malaoxon; LC-ESI-QFT; MS2; CE: Ramp 20%-70% (nominal); R=30000; [M-H]-,peak_mz:78.9600,extended,True,medium,medium,keep
CF:massbank_MSBNK-ACES_SU-AS000251_84_9754,CF,peak_mz,84.9754,MassBank record-derived,negative,Pesticides; Organophosphate Insecticides; Organothiophosphates,medium,1,observed,Malaoxon; LC-ESI-QFT; MS2; CE: Ramp 20%-70% (nominal); R=30000; [M-H]-,peak_mz:84.9750,extended,True,medium,medium,keep
CF:massbank_MSBNK-ACES_SU-AS000252_94_9364,CF,peak_mz,94.9364,MassBank record-derived,negative,Pesticides; Organophosphate Insecticides; Organothiophosphates,medium,1,observed,Malathion; LC-ESI-QFT; MS2; CE: Ramp 20%-70% (nominal); R=30000; [M-H]-,peak_mz:94.9350,extended,True,medium,medium,keep
CF:massbank_MSBNK-ACES_SU-AS000252_124_9833,CF,peak_mz,124.9833,MassBank record-derived,negative,Pesticides; Organophosphate Insecticides; Organothiophosphates,medium,1,observed,Malathion; LC-ESI-QFT; MS2; CE: Ramp 20%-70% (nominal); R=30000; [M-H]-,peak_mz:124.9850,extended,True,medium,medium,keep
CF:massbank_MSBNK-ACES_SU-AS000253_95_0249,CF,peak_mz,95.0249,MassBank record-derived,negative,Drugs; Antiinfective Agents; Nitroimidazoles,medium,1,observed,Metronidazole; LC-ESI-QFT; MS2; CE: Ramp 20%-70% (nominal); R=30000; [M-H]-,peak_mz:95.0250,extended,True,medium,medium,keep
CF:massbank_MSBNK-ACES_SU-AS000253_96_0332,CF,peak_mz,96.0332,MassBank record-derived,negative,Drugs; Antiinfective Agents; Nitroimidazoles,medium,1,observed,Metronidazole; LC-ESI-QFT; MS2; CE: Ramp 20%-70% (nominal); R=30000; [M-H]-,peak_mz:96.0350,extended,True,medium,medium,keep
CF:massbank_MSBNK-ACES_SU-AS000253_110_0364,CF,peak_mz,110.0364,MassBank record-derived,negative,Drugs; Antiinfective Agents; Nitroimidazoles,medium,1,observed,Metronidazole; LC-ESI-QFT; MS2; CE: Ramp 20%-70% (nominal); R=30000; [M-H]-,peak_mz:110.0350,extended,True,medium,medium,keep
CF:massbank_MSBNK-ACES_SU-AS000254_181_1598,CF,peak_mz,181.1598,MassBank record-derived,negative,Ethanolamines; Surfactants; Antistatic agents,medium,1,observed,N-Lauroylethanolamine; LC-ESI-QFT; MS2; CE: Ramp 20%-70% (nominal); R=30000; [M-H]-,peak_mz:181.1600,extended,True,medium,medium,keep
CF:massbank_MSBNK-ACES_SU-AS000254_198_1862,CF,peak_mz,198.1862,MassBank record-derived,negative,Ethanolamines; Surfactants; Antistatic agents,medium,1,observed,N-Lauroylethanolamine; LC-ESI-QFT; MS2; CE: Ramp 20%-70% (nominal); R=30000; [M-H]-,peak_mz:198.1850,extended,True,medium,medium,keep
CF:massbank_MSBNK-ACES_SU-AS000254_210_3127,CF,peak_mz,210.3127,MassBank record-derived,negative,Ethanolamines; Surfactants; Antistatic agents,medium,1,observed,N-Lauroylethanolamine; LC-ESI-QFT; MS2; CE: Ramp 20%-70% (nominal); R=30000; [M-H]-,peak_mz:210.3150,extended,True,medium,medium,keep
CF:massbank_MSBNK-ACES_SU-AS000255_140_0511,CF,peak_mz,140.0511,MassBank record-derived,negative,Indole Alkaloids; Carbolines,medium,1,observed,Norharman; LC-ESI-QFT; MS2; CE: Ramp 20%-70% (nominal); R=30000; [M-H]-,peak_mz:140.0500,extended,True,medium,medium,keep
CF:massbank_MSBNK-ACES_SU-AS000255_167_0618,CF,peak_mz,167.0618,MassBank record-derived,negative,Indole Alkaloids; Carbolines,medium,1,observed,Norharman; LC-ESI-QFT; MS2; CE: Ramp 20%-70% (nominal); R=30000; [M-H]-,peak_mz:167.0600,extended,True,medium,medium,keep
CF:massbank_MSBNK-ACES_SU-AS000256_167_0508,CF,peak_mz,167.0508,MassBank record-derived,negative,Personnal Care Products; Sunscreens Agents; Cosmetics,medium,1,observed,Oxybenzone; LC-ESI-QFT; MS2; CE: Ramp 20%-70% (nominal); R=30000; [M-H]-,peak_mz:167.0500,extended,True,medium,medium,keep
CF:massbank_MSBNK-ACES_SU-AS000256_183_0458,CF,peak_mz,183.0458,MassBank record-derived,negative,Personnal Care Products; Sunscreens Agents; Cosmetics,medium,1,observed,Oxybenzone; LC-ESI-QFT; MS2; CE: Ramp 20%-70% (nominal); R=30000; [M-H]-,peak_mz:183.0450,extended,True,medium,medium,keep
CF:massbank_MSBNK-ACES_SU-AS000256_184_0535,CF,peak_mz,184.0535,MassBank record-derived,negative,Personnal Care Products; Sunscreens Agents; Cosmetics,medium,1,observed,Oxybenzone; LC-ESI-QFT; MS2; CE: Ramp 20%-70% (nominal); R=30000; [M-H]-,peak_mz:184.0550,extended,True,medium,medium,keep
CF:massbank_MSBNK-ACES_SU-AS000257_71_0503,CF,peak_mz,71.0503,MassBank record-derived,negative,Personnal Care Products; Hair and Skin conditioning; Imides,medium,1,observed,Panthenol; LC-ESI-QFT; MS2; CE: Ramp 20%-70% (nominal); R=30000; [M-H]-,peak_mz:71.0500,extended,True,medium,medium,keep
CF:massbank_MSBNK-ACES_SU-AS000257_72_0456,CF,peak_mz,72.0456,MassBank record-derived,negative,Personnal Care Products; Hair and Skin conditioning; Imides,medium,1,observed,Panthenol; LC-ESI-QFT; MS2; CE: Ramp 20%-70% (nominal); R=30000; [M-H]-,peak_mz:72.0450,extended,True,medium,medium,keep
CF:massbank_MSBNK-ACES_SU-AS000258_107_038,CF,peak_mz,107.038,MassBank record-derived,negative,Drugs; Amines; Anilides; Acetanilides,medium,1,observed,Paracetamol; LC-ESI-QFT; MS2; CE: Ramp 20%-70% (nominal); R=30000; [M-H]-,peak_mz:107.0400,extended,True,medium,medium,keep
CF:massbank_MSBNK-ACES_SU-AS000258_108_0452,CF,peak_mz,108.0452,MassBank record-derived,negative,Drugs; Amines; Anilides; Acetanilides,medium,1,observed,Paracetamol; LC-ESI-QFT; MS2; CE: Ramp 20%-70% (nominal); R=30000; [M-H]-,peak_mz:108.0450,extended,True,medium,medium,keep
CF:massbank_MSBNK-ACES_SU-AS000258_108_0463,CF,peak_mz,108.0463,MassBank record-derived,negative,Drugs; Amines; Anilides; Acetanilides,medium,1,observed,Paracetamol; LC-ESI-QFT; MS2; CE: Ramp 20%-70% (nominal); R=30000; [M-H]-,peak_mz:108.0450,extended,True,medium,medium,keep
CF:massbank_MSBNK-ACES_SU-AS000259_92_027,CF,peak_mz,92.027,MassBank record-derived,negative,Preservatives; Personnal Care Products; Parabens,medium,1,observed,Propylparaben; LC-ESI-QFT; MS2; CE: Ramp 20%-70% (nominal); R=30000; [M-H]-,peak_mz:92.0250,extended,True,medium,medium,keep
CF:massbank_MSBNK-ACES_SU-AS000260_65_0147,CF,peak_mz,65.0147,MassBank record-derived,negative,Pesticides; Herbicides; Sulfonylurea; Pyrazoles,medium,1,observed,Pyrazosulfuron-ethyl; LC-ESI-QFT; MS2; CE: Ramp 20%-70% (nominal); R=30000; [M-H]-,peak_mz:65.0150,extended,True,medium,medium,keep
CF:massbank_MSBNK-ACES_SU-AS000261_143_0256,CF,peak_mz,143.0256,MassBank record-derived,negative,Dye; Food additives; Azo compounds; Naphthols; Azobenzenes,medium,1,observed,Red 2G; LC-ESI-QFT; MS2; CE: Ramp 20%-70% (nominal); R=30000; [M-H]-,peak_mz:143.0250,extended,True,medium,medium,keep
CF:massbank_MSBNK-ACES_SU-AS000262_134_0377,CF,peak_mz,134.0377,MassBank record-derived,negative,Drugs; Amines; Ethylamines; Phenethylamines,medium,1,observed,Salbutamol; LC-ESI-QFT; MS2; CE: Ramp 20%-70% (nominal); R=30000; [M-H]-,peak_mz:134.0400,extended,True,medium,medium,keep
CF:massbank_MSBNK-ACES_SU-AS000262_136_0532,CF,peak_mz,136.0532,MassBank record-derived,negative,Drugs; Amines; Ethylamines; Phenethylamines,medium,1,observed,Salbutamol; LC-ESI-QFT; MS2; CE: Ramp 20%-70% (nominal); R=30000; [M-H]-,peak_mz:136.0550,extended,True,medium,medium,keep
CF:massbank_MSBNK-ACES_SU-AS000263_83_0365,CF,peak_mz,83.0365,MassBank record-derived,negative,Pesticide metabolites; Herbicides; Triazines,medium,1,observed,Simazine-2-hydroxy; LC-ESI-QFT; MS2; CE: Ramp 20%-70% (nominal); R=30000; [M-H]-,peak_mz:83.0350,extended,True,medium,medium,keep
CF:massbank_MSBNK-ACES_SU-AS000263_111_0678,CF,peak_mz,111.0678,MassBank record-derived,negative,Pesticide metabolites; Herbicides; Triazines,medium,1,observed,Simazine-2-hydroxy; LC-ESI-QFT; MS2; CE: Ramp 20%-70% (nominal); R=30000; [M-H]-,peak_mz:111.0700,extended,True,medium,medium,keep
CF:massbank_MSBNK-ACES_SU-AS000264_211_4169,CF,peak_mz,211.4169,MassBank record-derived,negative,Food Additives; Flavoring Agents; Artifical Sweetners,medium,1,observed,Sucralose; LC-ESI-QFT; MS2; CE: Ramp 20%-70% (nominal); R=30000; [M-H]-,peak_mz:211.4150,extended,True,medium,medium,keep
CF:massbank_MSBNK-ACES_SU-AS000264_359_0292,CF,peak_mz,359.0292,MassBank record-derived,negative,Food Additives; Flavoring Agents; Artifical Sweetners,medium,1,observed,Sucralose; LC-ESI-QFT; MS2; CE: Ramp 20%-70% (nominal); R=30000; [M-H]-,peak_mz:359.0300,extended,True,medium,medium,keep
CF:massbank_MSBNK-ACES_SU-AS000264_395_0083,CF,peak_mz,395.0083,MassBank record-derived,negative,Food Additives; Flavoring Agents; Artifical Sweetners,medium,1,observed,Sucralose; LC-ESI-QFT; MS2; CE: Ramp 20%-70% (nominal); R=30000; [M-H]-,peak_mz:395.0100,extended,True,medium,medium,keep
CF:massbank_MSBNK-ACES_SU-AS000265_92_0257,CF,peak_mz,92.0257,MassBank record-derived,negative,Drugs; Antiinfective Agents; Amines; Aniline Compounds; Sulfanilamides,medium,1,observed,Sulfadiazine; LC-ESI-QFT; MS2; CE: Ramp 20%-70% (nominal); R=30000; [M-H]-,peak_mz:92.0250,extended,True,medium,medium,keep
CF:massbank_MSBNK-ACES_SU-AS000265_93_0336,CF,peak_mz,93.0336,MassBank record-derived,negative,Drugs; Antiinfective Agents; Amines; Aniline Compounds; Sulfanilamides,medium,1,observed,Sulfadiazine; LC-ESI-QFT; MS2; CE: Ramp 20%-70% (nominal); R=30000; [M-H]-,peak_mz:93.0350,extended,True,medium,medium,keep
CF:massbank_MSBNK-ACES_SU-AS000266_106_0412,CF,peak_mz,106.0412,MassBank record-derived,negative,Drugs; Antiinfective Agents; Amines; Aniline Compounds; Sulfanilamides,medium,1,observed,Sulfamethazine; LC-ESI-QFT; MS2; CE: Ramp 20%-70% (nominal); R=30000; [M-H]-,peak_mz:106.0400,extended,True,medium,medium,keep
CF:massbank_MSBNK-ACES_SU-AS000266_107_0381,CF,peak_mz,107.0381,MassBank record-derived,negative,Drugs; Antiinfective Agents; Amines; Aniline Compounds; Sulfanilamides,medium,1,observed,Sulfamethazine; LC-ESI-QFT; MS2; CE: Ramp 20%-70% (nominal); R=30000; [M-H]-,peak_mz:107.0400,extended,True,medium,medium,keep
CF:massbank_MSBNK-ACES_SU-AS000266_122_0728,CF,peak_mz,122.0728,MassBank record-derived,negative,Drugs; Antiinfective Agents; Amines; Aniline Compounds; Sulfanilamides,medium,1,observed,Sulfamethazine; LC-ESI-QFT; MS2; CE: Ramp 20%-70% (nominal); R=30000; [M-H]-,peak_mz:122.0750,extended,True,medium,medium,keep
CF:massbank_MSBNK-ACES_SU-AS000267_63_9625,CF,peak_mz,63.9625,MassBank record-derived,negative,Drugs; Antiinfective Agents; Amines; Aniline Compounds; Sulfanilamides,medium,1,observed,Sulfamethoxazole; LC-ESI-QFT; MS2; CE: Ramp 20%-70% (nominal); R=30000; [M-H]-,peak_mz:63.9600,extended,True,medium,medium,keep
CF:massbank_MSBNK-ACES_SU-AS000267_108_0453,CF,peak_mz,108.0453,MassBank record-derived,negative,Drugs; Antiinfective Agents; Amines; Aniline Compounds; Sulfanilamides,medium,1,observed,Sulfamethoxazole; LC-ESI-QFT; MS2; CE: Ramp 20%-70% (nominal); R=30000; [M-H]-,peak_mz:108.0450,extended,True,medium,medium,keep
CF:massbank_MSBNK-ACES_SU-AS000268_96_9601,CF,peak_mz,96.9601,MassBank record-derived,negative,Surfactants,medium,1,observed,Tetradecyl sulfate; LC-ESI-QFT; MS2; CE: Ramp 20%-70% (nominal); R=30000; [M-H]-,peak_mz:96.9600,extended,True,medium,medium,keep
CF:massbank_MSBNK-ACES_SU-AS000268_210_6763,CF,peak_mz,210.6763,MassBank record-derived,negative,Surfactants,medium,1,observed,Tetradecyl sulfate; LC-ESI-QFT; MS2; CE: Ramp 20%-70% (nominal); R=30000; [M-H]-,peak_mz:210.6750,extended,True,medium,medium,keep
CF:massbank_MSBNK-ACES_SU-AS000269_57_9756,CF,peak_mz,57.9756,MassBank record-derived,negative,Pesticides; Insecticides; Neonicotinoids,medium,1,observed,Thiamethoxam; LC-ESI-QFT; MS2; CE: Ramp 20%-70% (nominal); R=30000; [M-H]-,peak_mz:57.9750,extended,True,medium,medium,keep
CF:massbank_MSBNK-ACES_SU-AS000269_79_0305,CF,peak_mz,79.0305,MassBank record-derived,negative,Pesticides; Insecticides; Neonicotinoids,medium,1,observed,Thiamethoxam; LC-ESI-QFT; MS2; CE: Ramp 20%-70% (nominal); R=30000; [M-H]-,peak_mz:79.0300,extended,True,medium,medium,keep
CF:massbank_MSBNK-ACES_SU-AS000270_123_9964,CF,peak_mz,123.9964,MassBank record-derived,negative,Biocides; Disinfectants; Aniline Compounds; Anilides; Carbanilides,medium,1,observed,Triclocarban; LC-ESI-QFT; MS2; CE: Ramp 20%-70% (nominal); R=30000; [M-H]-,peak_mz:123.9950,extended,True,medium,medium,keep
CF:massbank_MSBNK-ACES_SU-AS000270_126_0119,CF,peak_mz,126.0119,MassBank record-derived,negative,Biocides; Disinfectants; Aniline Compounds; Anilides; Carbanilides,medium,1,observed,Triclocarban; LC-ESI-QFT; MS2; CE: Ramp 20%-70% (nominal); R=30000; [M-H]-,peak_mz:126.0100,extended,True,medium,medium,keep
CF:massbank_MSBNK-ACES_SU-AS000270_159_9728,CF,peak_mz,159.9728,MassBank record-derived,negative,Biocides; Disinfectants; Aniline Compounds; Anilides; Carbanilides,medium,1,observed,Triclocarban; LC-ESI-QFT; MS2; CE: Ramp 20%-70% (nominal); R=30000; [M-H]-,peak_mz:159.9750,extended,True,medium,medium,keep
CF:massbank_MSBNK-ACES_SU-AS000271_198_0545,CF,peak_mz,198.0545,MassBank record-derived,negative,Drugs; Antiinfective Agents; Amines; Aminopyridines; Cytochrome P-450 Enzyme Inhibitors; Cytochrome P-450 CYP2C8 Inhibitors,medium,1,observed,Trimethoprim; LC-ESI-QFT; MS2; CE: Ramp 20%-70% (nominal); R=30000; [M-H]-,peak_mz:198.0550,extended,True,medium,medium,keep
CF:massbank_MSBNK-ACES_SU-AS000271_199_0629,CF,peak_mz,199.0629,MassBank record-derived,negative,Drugs; Antiinfective Agents; Amines; Aminopyridines; Cytochrome P-450 Enzyme Inhibitors; Cytochrome P-450 CYP2C8 Inhibitors,medium,1,observed,Trimethoprim; LC-ESI-QFT; MS2; CE: Ramp 20%-70% (nominal); R=30000; [M-H]-,peak_mz:199.0650,extended,True,medium,medium,keep
CF:massbank_MSBNK-ACES_SU-AS000271_201_0303,CF,peak_mz,201.0303,MassBank record-derived,negative,Drugs; Antiinfective Agents; Amines; Aminopyridines; Cytochrome P-450 Enzyme Inhibitors; Cytochrome P-450 CYP2C8 Inhibitors,medium,1,observed,Trimethoprim; LC-ESI-QFT; MS2; CE: Ramp 20%-70% (nominal); R=30000; [M-H]-,peak_mz:201.0300,extended,True,medium,medium,keep
CF:massbank_MSBNK-ACES_SU-AS000272_56_0495,CF,peak_mz,56.0495,MassBank record-derived,positive,Imidazopyrimidines; Purines and purine derivatives; Xanthines,medium,1,observed,Theobromine; LC-ESI-QFT; MS2; Ramp 20%-70% (nominal); 30000; [M+H]+,peak_mz:56.0500,extended,True,medium,medium,keep
CF:massbank_MSBNK-ACES_SU-AS000272_67_0289,CF,peak_mz,67.0289,MassBank record-derived,positive,Imidazopyrimidines; Purines and purine derivatives; Xanthines,medium,1,observed,Theobromine; LC-ESI-QFT; MS2; Ramp 20%-70% (nominal); 30000; [M+H]+,peak_mz:67.0300,extended,True,medium,medium,keep
CF:massbank_MSBNK-ACES_SU-AS000272_68_0324,CF,peak_mz,68.0324,MassBank record-derived,positive,Imidazopyrimidines; Purines and purine derivatives; Xanthines,medium,1,observed,Theobromine; LC-ESI-QFT; MS2; Ramp 20%-70% (nominal); 30000; [M+H]+,peak_mz:68.0300,extended,True,medium,medium,keep
CF:massbank_MSBNK-ACES_SU-AS000273_52_7197,CF,peak_mz,52.7197,MassBank record-derived,positive,Benzothiazines; Phenothiazines; Phenothiazines,medium,1,observed,Acetopromazine; LC-ESI-QFT; MS2; Ramp 20%-70% (nominal); 30000; [M+H]+,peak_mz:52.7200,extended,True,medium,medium,keep
CF:massbank_MSBNK-ACES_SU-AS000273_56_8317,CF,peak_mz,56.8317,MassBank record-derived,positive,Benzothiazines; Phenothiazines; Phenothiazines,medium,1,observed,Acetopromazine; LC-ESI-QFT; MS2; Ramp 20%-70% (nominal); 30000; [M+H]+,peak_mz:56.8300,extended,True,medium,medium,keep
CF:massbank_MSBNK-ACES_SU-AS000273_58_0649,CF,peak_mz,58.0649,MassBank record-derived,positive,Benzothiazines; Phenothiazines; Phenothiazines,medium,1,observed,Acetopromazine; LC-ESI-QFT; MS2; Ramp 20%-70% (nominal); 30000; [M+H]+,peak_mz:58.0650,extended,True,medium,medium,keep
CF:massbank_MSBNK-ACES_SU-AS000274_57_0698,CF,peak_mz,57.0698,MassBank record-derived,positive,Benzene and substituted derivatives; Phenylpropanes; Phenylpropanes,medium,1,observed,Benzethonium; LC-ESI-QFT; MS2; Ramp 20%-70% (nominal); 30000; [M]+,peak_mz:57.0700,extended,True,medium,medium,keep
CF:massbank_MSBNK-ACES_SU-AS000274_58_0652,CF,peak_mz,58.0652,MassBank record-derived,positive,Benzene and substituted derivatives; Phenylpropanes; Phenylpropanes,medium,1,observed,Benzethonium; LC-ESI-QFT; MS2; Ramp 20%-70% (nominal); 30000; [M]+,peak_mz:58.0650,extended,True,medium,medium,keep
CF:massbank_MSBNK-ACES_SU-AS000274_60_0942,CF,peak_mz,60.0942,MassBank record-derived,positive,Benzene and substituted derivatives; Phenylpropanes; Phenylpropanes,medium,1,observed,Benzethonium; LC-ESI-QFT; MS2; Ramp 20%-70% (nominal); 30000; [M]+,peak_mz:60.0950,extended,True,medium,medium,keep
CF:massbank_MSBNK-ACES_SU-AS000275_52_4853,CF,peak_mz,52.4853,MassBank record-derived,positive,Quinolines and derivatives; Quinoline carboxylic acids; Quinoline carboxylic acids,medium,1,observed,Fleroxacin; LC-ESI-QFT; MS2; Ramp 20%-70% (nominal); 30000; [M+H]+,peak_mz:52.4850,extended,True,medium,medium,keep
CF:massbank_MSBNK-ACES_SU-AS000275_55_0541,CF,peak_mz,55.0541,MassBank record-derived,positive,Quinolines and derivatives; Quinoline carboxylic acids; Quinoline carboxylic acids,medium,1,observed,Fleroxacin; LC-ESI-QFT; MS2; Ramp 20%-70% (nominal); 30000; [M+H]+,peak_mz:55.0550,extended,True,medium,medium,keep
CF:massbank_MSBNK-ACES_SU-AS000275_55_9126,CF,peak_mz,55.9126,MassBank record-derived,positive,Quinolines and derivatives; Quinoline carboxylic acids; Quinoline carboxylic acids,medium,1,observed,Fleroxacin; LC-ESI-QFT; MS2; Ramp 20%-70% (nominal); 30000; [M+H]+,peak_mz:55.9150,extended,True,medium,medium,keep
CF:massbank_MSBNK-ACES_SU-AS000276_55_0179,CF,peak_mz,55.0179,MassBank record-derived,positive,"Triazinanes; 1,3,5-triazinanes; 1,3,5-triazinanes",medium,1,observed,Methenamine; LC-ESI-QFT; MS2; Ramp 20%-70% (nominal); 30000; [M+H]+,peak_mz:55.0200,extended,True,medium,medium,keep
CF:massbank_MSBNK-ACES_SU-AS000276_61_0107,CF,peak_mz,61.0107,MassBank record-derived,positive,"Triazinanes; 1,3,5-triazinanes; 1,3,5-triazinanes",medium,1,observed,Methenamine; LC-ESI-QFT; MS2; Ramp 20%-70% (nominal); 30000; [M+H]+,peak_mz:61.0100,extended,True,medium,medium,keep
CF:massbank_MSBNK-ACES_SU-AS000277_56_6163,CF,peak_mz,56.6163,MassBank record-derived,positive,Azoles; Imidazoles; Substituted imidazoles,medium,1,observed,Carbimazole; LC-ESI-QFT; MS2; Ramp 20%-70% (nominal); 30000; [M+H]+,peak_mz:56.6150,extended,True,medium,medium,keep
CF:massbank_MSBNK-ACES_SU-AS000277_57_0572,CF,peak_mz,57.0572,MassBank record-derived,positive,Azoles; Imidazoles; Substituted imidazoles,medium,1,observed,Carbimazole; LC-ESI-QFT; MS2; Ramp 20%-70% (nominal); 30000; [M+H]+,peak_mz:57.0550,extended,True,medium,medium,keep
CF:massbank_MSBNK-ACES_SU-AS000278_55_0289,CF,peak_mz,55.0289,MassBank record-derived,positive,Imidazotetrazines; None; Imidazotetrazines,medium,1,observed,Temozolomide; LC-ESI-QFT; MS2; Ramp 20%-70% (nominal); 30000; [M+H]+,peak_mz:55.0300,extended,True,medium,medium,keep
CF:massbank_MSBNK-ACES_SU-AS000278_56_7911,CF,peak_mz,56.7911,MassBank record-derived,positive,Imidazotetrazines; None; Imidazotetrazines,medium,1,observed,Temozolomide; LC-ESI-QFT; MS2; Ramp 20%-70% (nominal); 30000; [M+H]+,peak_mz:56.7900,extended,True,medium,medium,keep
CF:massbank_MSBNK-ACES_SU-AS000278_59_0492,CF,peak_mz,59.0492,MassBank record-derived,positive,Imidazotetrazines; None; Imidazotetrazines,medium,1,observed,Temozolomide; LC-ESI-QFT; MS2; Ramp 20%-70% (nominal); 30000; [M+H]+,peak_mz:59.0500,extended,True,medium,medium,keep
CF:massbank_MSBNK-ACES_SU-AS000279_61_0105,CF,peak_mz,61.0105,MassBank record-derived,positive,Imidazothiazoles; None; Imidazothiazoles,medium,1,observed,Levamisole; LC-ESI-QFT; MS2; Ramp 20%-70% (nominal); 30000; [M+H]+,peak_mz:61.0100,extended,True,medium,medium,keep
CF:massbank_MSBNK-ACES_SU-AS000279_67_9372,CF,peak_mz,67.9372,MassBank record-derived,positive,Imidazothiazoles; None; Imidazothiazoles,medium,1,observed,Levamisole; LC-ESI-QFT; MS2; Ramp 20%-70% (nominal); 30000; [M+H]+,peak_mz:67.9350,extended,True,medium,medium,keep
CF:massbank_MSBNK-ACES_SU-AS000279_73_5882,CF,peak_mz,73.5882,MassBank record-derived,positive,Imidazothiazoles; None; Imidazothiazoles,medium,1,observed,Levamisole; LC-ESI-QFT; MS2; Ramp 20%-70% (nominal); 30000; [M+H]+,peak_mz:73.5900,extended,True,medium,medium,keep
CF:massbank_MSBNK-ACES_SU-AS000280_53_5869,CF,peak_mz,53.5869,MassBank record-derived,positive,Organonitrogen compounds; Amines; Tertiary amines,medium,1,observed,Minoxidil; LC-ESI-QFT; MS2; Ramp 20%-70% (nominal); 30000; [M+H]+,peak_mz:53.5850,extended,True,medium,medium,keep
CF:massbank_MSBNK-ACES_SU-AS000280_69_4308,CF,peak_mz,69.4308,MassBank record-derived,positive,Organonitrogen compounds; Amines; Tertiary amines,medium,1,observed,Minoxidil; LC-ESI-QFT; MS2; Ramp 20%-70% (nominal); 30000; [M+H]+,peak_mz:69.4300,extended,True,medium,medium,keep
CF:massbank_MSBNK-ACES_SU-AS000280_77_999,CF,peak_mz,77.999,MassBank record-derived,positive,Organonitrogen compounds; Amines; Tertiary amines,medium,1,observed,Minoxidil; LC-ESI-QFT; MS2; Ramp 20%-70% (nominal); 30000; [M+H]+,peak_mz:78.0000,extended,True,medium,medium,keep
CF:massbank_MSBNK-ACES_SU-AS000281_56_0494,CF,peak_mz,56.0494,MassBank record-derived,positive,Pyridines and derivatives; Pyridinecarboxylic acids and derivatives; Pyridinecarboxamides,medium,1,observed,Nicorandil; LC-ESI-QFT; MS2; Ramp 20%-70% (nominal); 30000; [M+H]+,peak_mz:56.0500,extended,True,medium,medium,keep
CF:massbank_MSBNK-ACES_SU-AS000281_66_9144,CF,peak_mz,66.9144,MassBank record-derived,positive,Pyridines and derivatives; Pyridinecarboxylic acids and derivatives; Pyridinecarboxamides,medium,1,observed,Nicorandil; LC-ESI-QFT; MS2; Ramp 20%-70% (nominal); 30000; [M+H]+,peak_mz:66.9150,extended,True,medium,medium,keep
CF:massbank_MSBNK-ACES_SU-AS000282_59_2398,CF,peak_mz,59.2398,MassBank record-derived,positive,Benzene and substituted derivatives; Methoxybenzenes; Dimethoxybenzenes,medium,1,observed,Methoxamine; LC-ESI-QFT; MS2; Ramp 20%-70% (nominal); 30000; [M+H]+,peak_mz:59.2400,extended,True,medium,medium,keep
CF:massbank_MSBNK-ACES_SU-AS000282_66_8471,CF,peak_mz,66.8471,MassBank record-derived,positive,Benzene and substituted derivatives; Methoxybenzenes; Dimethoxybenzenes,medium,1,observed,Methoxamine; LC-ESI-QFT; MS2; Ramp 20%-70% (nominal); 30000; [M+H]+,peak_mz:66.8450,extended,True,medium,medium,keep
CF:massbank_MSBNK-ACES_SU-AS000283_65_6635,CF,peak_mz,65.6635,MassBank record-derived,positive,Imidazopyrimidines; Purines and purine derivatives; Purinones,medium,1,observed,Acyclovir; LC-ESI-QFT; MS2; Ramp 20%-70% (nominal); 30000; [M+H]+,peak_mz:65.6650,extended,True,medium,medium,keep
CF:massbank_MSBNK-ACES_SU-AS000283_66_9802,CF,peak_mz,66.9802,MassBank record-derived,positive,Imidazopyrimidines; Purines and purine derivatives; Purinones,medium,1,observed,Acyclovir; LC-ESI-QFT; MS2; Ramp 20%-70% (nominal); 30000; [M+H]+,peak_mz:66.9800,extended,True,medium,medium,keep
CF:massbank_MSBNK-ACES_SU-AS000283_75_0439,CF,peak_mz,75.0439,MassBank record-derived,positive,Imidazopyrimidines; Purines and purine derivatives; Purinones,medium,1,observed,Acyclovir; LC-ESI-QFT; MS2; Ramp 20%-70% (nominal); 30000; [M+H]+,peak_mz:75.0450,extended,True,medium,medium,keep
CF:massbank_MSBNK-ACES_SU-AS000284_50_6227,CF,peak_mz,50.6227,MassBank record-derived,positive,Organooxygen compounds; Carbonyl compounds; Ketones,medium,1,observed,Metyrapone; LC-ESI-QFT; MS2; Ramp 20%-70% (nominal); 30000; [M+H]+,peak_mz:50.6250,extended,True,medium,medium,keep
CF:massbank_MSBNK-ACES_SU-AS000284_60_7098,CF,peak_mz,60.7098,MassBank record-derived,positive,Organooxygen compounds; Carbonyl compounds; Ketones,medium,1,observed,Metyrapone; LC-ESI-QFT; MS2; Ramp 20%-70% (nominal); 30000; [M+H]+,peak_mz:60.7100,extended,True,medium,medium,keep
CF:massbank_MSBNK-ACES_SU-AS000284_66_0539,CF,peak_mz,66.0539,MassBank record-derived,positive,Organooxygen compounds; Carbonyl compounds; Ketones,medium,1,observed,Metyrapone; LC-ESI-QFT; MS2; Ramp 20%-70% (nominal); 30000; [M+H]+,peak_mz:66.0550,extended,True,medium,medium,keep
CF:massbank_MSBNK-ACES_SU-AS000285_122_0057,CF,peak_mz,122.0057,MassBank record-derived,positive,Benzothiazoles; None; Benzothiazoles,medium,1,observed,Riluzole; LC-ESI-QFT; MS2; Ramp 20%-70% (nominal); 30000; [M+H]+,peak_mz:122.0050,extended,True,medium,medium,keep
CF:massbank_MSBNK-ACES_SU-AS000285_123_9976,CF,peak_mz,123.9976,MassBank record-derived,positive,Benzothiazoles; None; Benzothiazoles,medium,1,observed,Riluzole; LC-ESI-QFT; MS2; Ramp 20%-70% (nominal); 30000; [M+H]+,peak_mz:124.0000,extended,True,medium,medium,keep
CF:massbank_MSBNK-ACES_SU-AS000285_127_0013,CF,peak_mz,127.0013,MassBank record-derived,positive,Benzothiazoles; None; Benzothiazoles,medium,1,observed,Riluzole; LC-ESI-QFT; MS2; Ramp 20%-70% (nominal); 30000; [M+H]+,peak_mz:127.0000,extended,True,medium,medium,keep
CF:massbank_MSBNK-ACES_SU-AS000286_61_0397,CF,peak_mz,61.0397,MassBank record-derived,positive,Biotin and derivatives; None; Biotin and derivatives,medium,1,observed,Biotin; LC-ESI-QFT; MS2; Ramp 20%-70% (nominal); 30000; [M+H]+,peak_mz:61.0400,extended,True,medium,medium,keep
CF:massbank_MSBNK-ACES_SU-AS000287_65_0385,CF,peak_mz,65.0385,MassBank record-derived,positive,Benzene and substituted derivatives; Benzenesulfonamides; Aminobenzenesulfonamides,medium,1,observed,Sulfamethoxazole; LC-ESI-QFT; MS2; Ramp 20%-70% (nominal); 30000; [M+H]+,peak_mz:65.0400,extended,True,medium,medium,keep
CF:massbank_MSBNK-ACES_SU-AS000288_53_7252,CF,peak_mz,53.7252,MassBank record-derived,positive,Indoles and derivatives; Indolines; Indolines,medium,1,observed,Ropinirole; LC-ESI-QFT; MS2; Ramp 20%-70% (nominal); 30000; [M+H]+,peak_mz:53.7250,extended,True,medium,medium,keep
CF:massbank_MSBNK-ACES_SU-AS000288_56_6911,CF,peak_mz,56.6911,MassBank record-derived,positive,Indoles and derivatives; Indolines; Indolines,medium,1,observed,Ropinirole; LC-ESI-QFT; MS2; Ramp 20%-70% (nominal); 30000; [M+H]+,peak_mz:56.6900,extended,True,medium,medium,keep
CF:massbank_MSBNK-ACES_SU-AS000289_58_767,CF,peak_mz,58.767,MassBank record-derived,positive,Benzene and substituted derivatives; Phenylacetamides; Phenylacetamides,medium,1,observed,(R)-(+)-Atenolol; LC-ESI-QFT; MS2; Ramp 20%-70% (nominal); 30000; [M+H]+,peak_mz:58.7650,extended,True,medium,medium,keep
CF:massbank_MSBNK-ACES_SU-AS000290_59_3296,CF,peak_mz,59.3296,MassBank record-derived,positive,Pyridines and derivatives; Pheniramines; Pheniramines,medium,1,observed,Chlorpheniramine; LC-ESI-QFT; MS2; Ramp 20%-70% (nominal); 30000; [M+H]+,peak_mz:59.3300,extended,True,medium,medium,keep
CF:massbank_MSBNK-ACES_SU-AS000290_75_0412,CF,peak_mz,75.0412,MassBank record-derived,positive,Pyridines and derivatives; Pheniramines; Pheniramines,medium,1,observed,Chlorpheniramine; LC-ESI-QFT; MS2; Ramp 20%-70% (nominal); 30000; [M+H]+,peak_mz:75.0400,extended,True,medium,medium,keep
CF:massbank_MSBNK-ACES_SU-AS000290_92_2806,CF,peak_mz,92.2806,MassBank record-derived,positive,Pyridines and derivatives; Pheniramines; Pheniramines,medium,1,observed,Chlorpheniramine; LC-ESI-QFT; MS2; Ramp 20%-70% (nominal); 30000; [M+H]+,peak_mz:92.2800,extended,True,medium,medium,keep
CF:massbank_MSBNK-ACES_SU-AS000291_55_0543,CF,peak_mz,55.0543,MassBank record-derived,positive,Benzene and substituted derivatives; Halobenzenes; Chlorobenzenes,medium,1,observed,Sibutramine; LC-ESI-QFT; MS2; Ramp 20%-70% (nominal); 30000; [M+H]+,peak_mz:55.0550,extended,True,medium,medium,keep
CF:massbank_MSBNK-ACES_SU-AS000291_58_5384,CF,peak_mz,58.5384,MassBank record-derived,positive,Benzene and substituted derivatives; Halobenzenes; Chlorobenzenes,medium,1,observed,Sibutramine; LC-ESI-QFT; MS2; Ramp 20%-70% (nominal); 30000; [M+H]+,peak_mz:58.5400,extended,True,medium,medium,keep
CF:massbank_MSBNK-ACES_SU-AS000291_59_8653,CF,peak_mz,59.8653,MassBank record-derived,positive,Benzene and substituted derivatives; Halobenzenes; Chlorobenzenes,medium,1,observed,Sibutramine; LC-ESI-QFT; MS2; Ramp 20%-70% (nominal); 30000; [M+H]+,peak_mz:59.8650,extended,True,medium,medium,keep
CF:massbank_MSBNK-ACES_SU-AS000292_52_6205,CF,peak_mz,52.6205,MassBank record-derived,positive,Purine nucleosides; Purine 2'-deoxyribonucleosides; Purine 2'-deoxyribonucleosides,medium,1,observed,Cladribine; LC-ESI-QFT; MS2; Ramp 20%-70% (nominal); 30000; [M+H]+,peak_mz:52.6200,extended,True,medium,medium,keep
CF:massbank_MSBNK-ACES_SU-AS000292_53_0386,CF,peak_mz,53.0386,MassBank record-derived,positive,Purine nucleosides; Purine 2'-deoxyribonucleosides; Purine 2'-deoxyribonucleosides,medium,1,observed,Cladribine; LC-ESI-QFT; MS2; Ramp 20%-70% (nominal); 30000; [M+H]+,peak_mz:53.0400,extended,True,medium,medium,keep
CF:massbank_MSBNK-ACES_SU-AS000292_55_701,CF,peak_mz,55.701,MassBank record-derived,positive,Purine nucleosides; Purine 2'-deoxyribonucleosides; Purine 2'-deoxyribonucleosides,medium,1,observed,Cladribine; LC-ESI-QFT; MS2; Ramp 20%-70% (nominal); 30000; [M+H]+,peak_mz:55.7000,extended,True,medium,medium,keep
CF:massbank_MSBNK-ACES_SU-AS000293_56_0102,CF,peak_mz,56.0102,MassBank record-derived,positive,Phenol ethers; None; Phenol ethers,medium,1,observed,Pramoxine; LC-ESI-QFT; MS2; Ramp 20%-70% (nominal); 30000; [M+H]+,peak_mz:56.0100,extended,True,medium,medium,keep
CF:massbank_MSBNK-ACES_SU-AS000294_55_0542,CF,peak_mz,55.0542,MassBank record-derived,positive,Triazines; Aminotriazines; Aminotriazines,medium,1,observed,Azapropazone; LC-ESI-QFT; MS2; Ramp 20%-70% (nominal); 30000; [M+H]+,peak_mz:55.0550,extended,True,medium,medium,keep
CF:massbank_MSBNK-ACES_SU-AS000294_69_8311,CF,peak_mz,69.8311,MassBank record-derived,positive,Triazines; Aminotriazines; Aminotriazines,medium,1,observed,Azapropazone; LC-ESI-QFT; MS2; Ramp 20%-70% (nominal); 30000; [M+H]+,peak_mz:69.8300,extended,True,medium,medium,keep
CF:massbank_MSBNK-ACES_SU-AS000295_54_528,CF,peak_mz,54.528,MassBank record-derived,positive,Benzimidazoles; None; Benzimidazoles,medium,1,observed,Oxfendazole; LC-ESI-QFT; MS2; Ramp 20%-70% (nominal); 30000; [M+H]+,peak_mz:54.5300,extended,True,medium,medium,keep
CF:massbank_MSBNK-ACES_SU-AS000295_59_0854,CF,peak_mz,59.0854,MassBank record-derived,positive,Benzimidazoles; None; Benzimidazoles,medium,1,observed,Oxfendazole; LC-ESI-QFT; MS2; Ramp 20%-70% (nominal); 30000; [M+H]+,peak_mz:59.0850,extended,True,medium,medium,keep
CF:massbank_MSBNK-ACES_SU-AS000295_63_8402,CF,peak_mz,63.8402,MassBank record-derived,positive,Benzimidazoles; None; Benzimidazoles,medium,1,observed,Oxfendazole; LC-ESI-QFT; MS2; Ramp 20%-70% (nominal); 30000; [M+H]+,peak_mz:63.8400,extended,True,medium,medium,keep
CF:massbank_MSBNK-ACES_SU-AS000296_70_065,CF,peak_mz,70.065,MassBank record-derived,positive,Quinolines and derivatives; Quinoline carboxylic acids; Quinoline carboxylic acids,medium,1,observed,Norfloxacin; LC-ESI-QFT; MS2; Ramp 20%-70% (nominal); 30000; [M+H]+,peak_mz:70.0650,extended,True,medium,medium,keep
CF:massbank_MSBNK-ACES_SU-AS000296_71_0571,CF,peak_mz,71.0571,MassBank record-derived,positive,Quinolines and derivatives; Quinoline carboxylic acids; Quinoline carboxylic acids,medium,1,observed,Norfloxacin; LC-ESI-QFT; MS2; Ramp 20%-70% (nominal); 30000; [M+H]+,peak_mz:71.0550,extended,True,medium,medium,keep
CF:massbank_MSBNK-ACES_SU-AS000297_55_0177,CF,peak_mz,55.0177,MassBank record-derived,positive,Phenols; 1-hydroxy-2-unsubstituted benzenoids; 1-hydroxy-2-unsubstituted benzenoids,medium,1,observed,Oxyphenbutazone; LC-ESI-QFT; MS2; Ramp 20%-70% (nominal); 30000; [M+H]+,peak_mz:55.0200,extended,True,medium,medium,keep
CF:massbank_MSBNK-ACES_SU-AS000298_53_3284,CF,peak_mz,53.3284,MassBank record-derived,positive,Organooxygen compounds; Carbonyl compounds; Ketones,medium,1,observed,Acebutolol; LC-ESI-QFT; MS2; Ramp 20%-70% (nominal); 30000; [M+H]+,peak_mz:53.3300,extended,True,medium,medium,keep
CF:massbank_MSBNK-ACES_SU-AS000298_57_0334,CF,peak_mz,57.0334,MassBank record-derived,positive,Organooxygen compounds; Carbonyl compounds; Ketones,medium,1,observed,Acebutolol; LC-ESI-QFT; MS2; Ramp 20%-70% (nominal); 30000; [M+H]+,peak_mz:57.0350,extended,True,medium,medium,keep
CF:massbank_MSBNK-ACES_SU-AS000299_51_2031,CF,peak_mz,51.2031,MassBank record-derived,positive,Benzene and substituted derivatives; Benzenesulfonamides; Benzenesulfonamides,medium,1,observed,Clopamide; LC-ESI-QFT; MS2; Ramp 20%-70% (nominal); 30000; [M+H]+,peak_mz:51.2050,extended,True,medium,medium,keep
CF:massbank_MSBNK-ACES_SU-AS000299_53_0384,CF,peak_mz,53.0384,MassBank record-derived,positive,Benzene and substituted derivatives; Benzenesulfonamides; Benzenesulfonamides,medium,1,observed,Clopamide; LC-ESI-QFT; MS2; Ramp 20%-70% (nominal); 30000; [M+H]+,peak_mz:53.0400,extended,True,medium,medium,keep
CF:massbank_MSBNK-ACES_SU-AS000300_53_5827,CF,peak_mz,53.5827,MassBank record-derived,positive,Diazanaphthalenes; Benzodiazines; Phthalazines,medium,1,observed,Vatalanib; LC-ESI-QFT; MS2; Ramp 20%-70% (nominal); 30000; [M+H]+,peak_mz:53.5850,extended,True,medium,medium,keep
CF:massbank_MSBNK-ACES_SU-AS000300_80_0496,CF,peak_mz,80.0496,MassBank record-derived,positive,Diazanaphthalenes; Benzodiazines; Phthalazines,medium,1,observed,Vatalanib; LC-ESI-QFT; MS2; Ramp 20%-70% (nominal); 30000; [M+H]+,peak_mz:80.0500,extended,True,medium,medium,keep
CF:massbank_MSBNK-ACES_SU-AS000301_59_3579,CF,peak_mz,59.3579,MassBank record-derived,positive,Azobenzenes; None; Azobenzenes,medium,1,observed,Balsalazide; LC-ESI-QFT; MS2; Ramp 20%-70% (nominal); 30000; [M+H]+,peak_mz:59.3600,extended,True,medium,medium,keep
CF:massbank_MSBNK-ACES_SU-AS000301_89_6619,CF,peak_mz,89.6619,MassBank record-derived,positive,Azobenzenes; None; Azobenzenes,medium,1,observed,Balsalazide; LC-ESI-QFT; MS2; Ramp 20%-70% (nominal); 30000; [M+H]+,peak_mz:89.6600,extended,True,medium,medium,keep
CF:massbank_MSBNK-ACES_SU-AS000301_98_4824,CF,peak_mz,98.4824,MassBank record-derived,positive,Azobenzenes; None; Azobenzenes,medium,1,observed,Balsalazide; LC-ESI-QFT; MS2; Ramp 20%-70% (nominal); 30000; [M+H]+,peak_mz:98.4800,extended,True,medium,medium,keep
CF:massbank_MSBNK-ACES_SU-AS000302_51_0237,CF,peak_mz,51.0237,MassBank record-derived,positive,Benzene and substituted derivatives; Benzophenones; Benzophenones,medium,1,observed,Fenofibrate; LC-ESI-QFT; MS2; Ramp 20%-70% (nominal); 30000; [M+H]+,peak_mz:51.0250,extended,True,medium,medium,keep
CF:massbank_MSBNK-ACES_SU-AS000302_67_8711,CF,peak_mz,67.8711,MassBank record-derived,positive,Benzene and substituted derivatives; Benzophenones; Benzophenones,medium,1,observed,Fenofibrate; LC-ESI-QFT; MS2; Ramp 20%-70% (nominal); 30000; [M+H]+,peak_mz:67.8700,extended,True,medium,medium,keep
NL:massbank_MSBNK-ACES_SU-AS000303,NL,mass_diff,1.0063,MassBank record-derived,positive,Steroids and steroid derivatives; Hydroxysteroids; 21-hydroxysteroids,medium,1,observed,Cortisone; LC-ESI-QFT; MS2; Ramp 20%-70% (nominal); 30000; [M+H]+,mass_diff:1.0050,extended,True,medium,medium,keep
CF:massbank_MSBNK-ACES_SU-AS000304_77_3319,CF,peak_mz,77.3319,MassBank record-derived,positive,Benzene and substituted derivatives; Phenylmethylamines; Phenylmethylamines,medium,1,observed,Bromhexine; LC-ESI-QFT; MS2; Ramp 20%-70% (nominal); 30000; [M+NH4]+,peak_mz:77.3300,extended,True,medium,medium,keep
CF:massbank_MSBNK-ACES_SU-AS000304_83_0856,CF,peak_mz,83.0856,MassBank record-derived,positive,Benzene and substituted derivatives; Phenylmethylamines; Phenylmethylamines,medium,1,observed,Bromhexine; LC-ESI-QFT; MS2; Ramp 20%-70% (nominal); 30000; [M+NH4]+,peak_mz:83.0850,extended,True,medium,medium,keep
NL:massbank_MSBNK-ACES_SU-AS000305,NL,mass_diff,3.0043,MassBank record-derived,positive,Benzene and substituted derivatives; Phenylmethylamines; Phenylmethylamines,medium,1,observed,Ambroxol; LC-ESI-QFT; MS2; Ramp 20%-70% (nominal); 30000; [M+H]+,mass_diff:3.0050,extended,True,medium,medium,keep
CF:massbank_MSBNK-ACES_SU-AS000305_53_574,CF,peak_mz,53.574,MassBank record-derived,positive,Benzene and substituted derivatives; Phenylmethylamines; Phenylmethylamines,medium,1,observed,Ambroxol; LC-ESI-QFT; MS2; Ramp 20%-70% (nominal); 30000; [M+H]+,peak_mz:53.5750,extended,True,medium,medium,keep
CF:massbank_MSBNK-ACES_SU-AS000305_82_0736,CF,peak_mz,82.0736,MassBank record-derived,positive,Benzene and substituted derivatives; Phenylmethylamines; Phenylmethylamines,medium,1,observed,Ambroxol; LC-ESI-QFT; MS2; Ramp 20%-70% (nominal); 30000; [M+H]+,peak_mz:82.0750,extended,True,medium,medium,keep
CF:massbank_MSBNK-ACES_SU-AS000306_54_5159,CF,peak_mz,54.5159,MassBank record-derived,positive,Benzocycloheptapyridines; None; Benzocycloheptapyridines,medium,1,observed,Loratadine; LC-ESI-QFT; MS2; Ramp 20%-70% (nominal); 30000; [M+H]+,peak_mz:54.5150,extended,True,medium,medium,keep
CF:massbank_MSBNK-ACES_SU-AS000306_98_8471,CF,peak_mz,98.8471,MassBank record-derived,positive,Benzocycloheptapyridines; None; Benzocycloheptapyridines,medium,1,observed,Loratadine; LC-ESI-QFT; MS2; Ramp 20%-70% (nominal); 30000; [M+H]+,peak_mz:98.8450,extended,True,medium,medium,keep
NL:massbank_MSBNK-ACES_SU-AS000307,NL,mass_diff,1.0062,MassBank record-derived,positive,Steroids and steroid derivatives; Hydroxysteroids; 21-hydroxysteroids,medium,1,observed,Triamcinolone; LC-ESI-QFT; MS2; Ramp 20%-70% (nominal); 30000; [M+H]+,mass_diff:1.0050,extended,True,medium,medium,keep
CF:massbank_MSBNK-ACES_SU-AS000307_53_9181,CF,peak_mz,53.9181,MassBank record-derived,positive,Steroids and steroid derivatives; Hydroxysteroids; 21-hydroxysteroids,medium,1,observed,Triamcinolone; LC-ESI-QFT; MS2; Ramp 20%-70% (nominal); 30000; [M+H]+,peak_mz:53.9200,extended,True,medium,medium,keep
CF:massbank_MSBNK-ACES_SU-AS000307_61_3771,CF,peak_mz,61.3771,MassBank record-derived,positive,Steroids and steroid derivatives; Hydroxysteroids; 21-hydroxysteroids,medium,1,observed,Triamcinolone; LC-ESI-QFT; MS2; Ramp 20%-70% (nominal); 30000; [M+H]+,peak_mz:61.3750,extended,True,medium,medium,keep
CF:massbank_MSBNK-ACES_SU-AS000308_52_3522,CF,peak_mz,52.3522,MassBank record-derived,positive,"Steroids and steroid derivatives; Pregnane steroids; Gluco/mineralocorticoids, progestogins and derivatives",medium,1,observed,Hydrocortisone acetate; LC-ESI-QFT; MS2; Ramp 20%-70% (nominal); 30000; [M+H]+,peak_mz:52.3500,extended,True,medium,medium,keep
CF:massbank_MSBNK-ACES_SU-AS000308_65_8174,CF,peak_mz,65.8174,MassBank record-derived,positive,"Steroids and steroid derivatives; Pregnane steroids; Gluco/mineralocorticoids, progestogins and derivatives",medium,1,observed,Hydrocortisone acetate; LC-ESI-QFT; MS2; Ramp 20%-70% (nominal); 30000; [M+H]+,peak_mz:65.8150,extended,True,medium,medium,keep
NL:massbank_MSBNK-ACES_SU-AS000309,NL,mass_diff,1.0057,MassBank record-derived,positive,Benzothiazines; Phenothiazines; Phenothiazines,medium,1,observed,Trifluoperazine; LC-ESI-QFT; MS2; Ramp 20%-70% (nominal); 30000; [M+H]+,mass_diff:1.0050,extended,True,medium,medium,keep
CF:massbank_MSBNK-ACES_SU-AS000309_53_6289,CF,peak_mz,53.6289,MassBank record-derived,positive,Benzothiazines; Phenothiazines; Phenothiazines,medium,1,observed,Trifluoperazine; LC-ESI-QFT; MS2; Ramp 20%-70% (nominal); 30000; [M+H]+,peak_mz:53.6300,extended,True,medium,medium,keep
CF:massbank_MSBNK-ACES_SU-AS000310_51_8856,CF,peak_mz,51.8856,MassBank record-derived,positive,"Carboxylic acids and derivatives; Amino acids, peptides, and analogues; Peptides",medium,1,observed,Nafcillin; LC-ESI-QFT; MS2; Ramp 20%-70% (nominal); 30000; [M+H]+,peak_mz:51.8850,extended,True,medium,medium,keep
CF:massbank_MSBNK-ACES_SU-AS000310_55_5397,CF,peak_mz,55.5397,MassBank record-derived,positive,"Carboxylic acids and derivatives; Amino acids, peptides, and analogues; Peptides",medium,1,observed,Nafcillin; LC-ESI-QFT; MS2; Ramp 20%-70% (nominal); 30000; [M+H]+,peak_mz:55.5400,extended,True,medium,medium,keep
CF:massbank_MSBNK-ACES_SU-AS000310_57_6145,CF,peak_mz,57.6145,MassBank record-derived,positive,"Carboxylic acids and derivatives; Amino acids, peptides, and analogues; Peptides",medium,1,observed,Nafcillin; LC-ESI-QFT; MS2; Ramp 20%-70% (nominal); 30000; [M+H]+,peak_mz:57.6150,extended,True,medium,medium,keep
CF:massbank_MSBNK-ACES_SU-AS000311_52_3908,CF,peak_mz,52.3908,MassBank record-derived,positive,Benzothiazines; Phenothiazines; Phenothiazines,medium,1,observed,Fluphenazine; LC-ESI-QFT; MS2; Ramp 20%-70% (nominal); 30000; [M+H]+,peak_mz:52.3900,extended,True,medium,medium,keep
CF:massbank_MSBNK-ACES_SU-AS000311_54_2084,CF,peak_mz,54.2084,MassBank record-derived,positive,Benzothiazines; Phenothiazines; Phenothiazines,medium,1,observed,Fluphenazine; LC-ESI-QFT; MS2; Ramp 20%-70% (nominal); 30000; [M+H]+,peak_mz:54.2100,extended,True,medium,medium,keep
NL:massbank_MSBNK-ACES_SU-AS000312,NL,mass_diff,1.0059,MassBank record-derived,positive,"Steroids and steroid derivatives; Pregnane steroids; Gluco/mineralocorticoids, progestogins and derivatives",medium,1,observed,Deflazacort; LC-ESI-QFT; MS2; Ramp 20%-70% (nominal); 30000; [M+H]+,mass_diff:1.0050,extended,True,medium,medium,keep
CF:massbank_MSBNK-ACES_SU-AS000312_60_0445,CF,peak_mz,60.0445,MassBank record-derived,positive,"Steroids and steroid derivatives; Pregnane steroids; Gluco/mineralocorticoids, progestogins and derivatives",medium,1,observed,Deflazacort; LC-ESI-QFT; MS2; Ramp 20%-70% (nominal); 30000; [M+H]+,peak_mz:60.0450,extended,True,medium,medium,keep
CF:massbank_MSBNK-ACES_SU-AS000312_68_0495,CF,peak_mz,68.0495,MassBank record-derived,positive,"Steroids and steroid derivatives; Pregnane steroids; Gluco/mineralocorticoids, progestogins and derivatives",medium,1,observed,Deflazacort; LC-ESI-QFT; MS2; Ramp 20%-70% (nominal); 30000; [M+H]+,peak_mz:68.0500,extended,True,medium,medium,keep
CF:massbank_MSBNK-ACES_SU-AS000313_64_9775,CF,peak_mz,64.9775,MassBank record-derived,positive,Cinnamic acids and derivatives; Cinnamic acid esters; Cinnamic acid esters,medium,1,observed,Lacidipine; LC-ESI-QFT; MS2; Ramp 20%-70% (nominal); 30000; [M+H]+,peak_mz:64.9800,extended,True,medium,medium,keep
CF:massbank_MSBNK-ACES_SU-AS000313_84_0443,CF,peak_mz,84.0443,MassBank record-derived,positive,Cinnamic acids and derivatives; Cinnamic acid esters; Cinnamic acid esters,medium,1,observed,Lacidipine; LC-ESI-QFT; MS2; Ramp 20%-70% (nominal); 30000; [M+H]+,peak_mz:84.0450,extended,True,medium,medium,keep
CF:massbank_MSBNK-ACES_SU-AS000314_52_7213,CF,peak_mz,52.7213,MassBank record-derived,positive,Benzene and substituted derivatives; Diphenylmethanes; Diphenylmethanes,medium,1,observed,Loperamide; LC-ESI-QFT; MS2; Ramp 20%-70% (nominal); 30000; [M+H]+,peak_mz:52.7200,extended,True,medium,medium,keep
CF:massbank_MSBNK-ACES_SU-AS000314_73_6762,CF,peak_mz,73.6762,MassBank record-derived,positive,Benzene and substituted derivatives; Diphenylmethanes; Diphenylmethanes,medium,1,observed,Loperamide; LC-ESI-QFT; MS2; Ramp 20%-70% (nominal); 30000; [M+H]+,peak_mz:73.6750,extended,True,medium,medium,keep
CF:massbank_MSBNK-ACES_SU-AS000316_50_0491,CF,peak_mz,50.0491,MassBank record-derived,positive,Benzene and substituted derivatives; Benzenesulfonamides; Benzenesulfonamides,medium,1,observed,Glibenclamide; LC-ESI-QFT; MS2; Ramp 20%-70% (nominal); 30000; [M+H]+,peak_mz:50.0500,extended,True,medium,medium,keep
CF:massbank_MSBNK-ACES_SU-AS000316_72_4969,CF,peak_mz,72.4969,MassBank record-derived,positive,Benzene and substituted derivatives; Benzenesulfonamides; Benzenesulfonamides,medium,1,observed,Glibenclamide; LC-ESI-QFT; MS2; Ramp 20%-70% (nominal); 30000; [M+H]+,peak_mz:72.4950,extended,True,medium,medium,keep
NL:massbank_MSBNK-ACES_SU-AS000317,NL,mass_diff,1.0055,MassBank record-derived,positive,Carboxylic acids and derivatives; Carboxylic acid derivatives; Carboxylic acid amides,medium,1,observed,Deferoxamine; LC-ESI-QFT; MS2; Ramp 20%-70% (nominal); 30000; [M+H]+,mass_diff:1.0050,extended,True,medium,medium,keep
CF:massbank_MSBNK-ACES_SU-AS000317_60_2606,CF,peak_mz,60.2606,MassBank record-derived,positive,Carboxylic acids and derivatives; Carboxylic acid derivatives; Carboxylic acid amides,medium,1,observed,Deferoxamine; LC-ESI-QFT; MS2; Ramp 20%-70% (nominal); 30000; [M+H]+,peak_mz:60.2600,extended,True,medium,medium,keep
CF:massbank_MSBNK-ACES_SU-AS000318_68_217,CF,peak_mz,68.217,MassBank record-derived,positive,Peptidomimetics; Hybrid peptides; Hybrid peptides,medium,1,observed,Pepstatin A; LC-ESI-QFT; MS2; Ramp 20%-70% (nominal); 30000; [M+H]+,peak_mz:68.2150,extended,True,medium,medium,keep
CF:massbank_MSBNK-ACES_SU-AS000319_52_8677,CF,peak_mz,52.8677,MassBank record-derived,positive,Steroids and steroid derivatives; Steroid lactones; Cardenolides and derivatives,medium,1,observed,Digoxin; LC-ESI-QFT; MS2; Ramp 20%-70% (nominal); 30000; [M+H]+,peak_mz:52.8700,extended,True,medium,medium,keep
CF:massbank_MSBNK-ACES_SU-AS000319_55_2238,CF,peak_mz,55.2238,MassBank record-derived,positive,Steroids and steroid derivatives; Steroid lactones; Cardenolides and derivatives,medium,1,observed,Digoxin; LC-ESI-QFT; MS2; Ramp 20%-70% (nominal); 30000; [M+H]+,peak_mz:55.2250,extended,True,medium,medium,keep
CF:massbank_MSBNK-ACES_SU-AS000319_57_0336,CF,peak_mz,57.0336,MassBank record-derived,positive,Steroids and steroid derivatives; Steroid lactones; Cardenolides and derivatives,medium,1,observed,Digoxin; LC-ESI-QFT; MS2; Ramp 20%-70% (nominal); 30000; [M+H]+,peak_mz:57.0350,extended,True,medium,medium,keep
CF:massbank_MSBNK-ACES_SU-AS000320_57_9347,CF,peak_mz,57.9347,MassBank record-derived,positive,Pyridines and derivatives; Pyridinecarboxylic acids and derivatives; Pyridinecarboxylic acids and derivatives,medium,1,observed,Isoniazid; LC-ESI-QFT; MS2; Ramp 20%-70% (nominal); 30000; [M+H]+,peak_mz:57.9350,extended,True,medium,medium,keep
CF:massbank_MSBNK-ACES_SU-AS000321_54_2077,CF,peak_mz,54.2077,MassBank record-derived,positive,Imidazothiazoles; None; Imidazothiazoles,medium,1,observed,Tetramisole; LC-ESI-QFT; MS2; Ramp 20%-70% (nominal); 30000; [M+H]+,peak_mz:54.2100,extended,True,medium,medium,keep
CF:massbank_MSBNK-ACES_SU-AS000321_68_1744,CF,peak_mz,68.1744,MassBank record-derived,positive,Imidazothiazoles; None; Imidazothiazoles,medium,1,observed,Tetramisole; LC-ESI-QFT; MS2; Ramp 20%-70% (nominal); 30000; [M+H]+,peak_mz:68.1750,extended,True,medium,medium,keep
CF:massbank_MSBNK-ACES_SU-AS000322_53_7209,CF,peak_mz,53.7209,MassBank record-derived,positive,Benzene and substituted derivatives; None; Benzene and substituted derivatives,medium,1,observed,Isocarboxazid; LC-ESI-QFT; MS2; Ramp 20%-70% (nominal); 30000; [M+H]+,peak_mz:53.7200,extended,True,medium,medium,keep
CF:massbank_MSBNK-ACES_SU-AS000322_61_9259,CF,peak_mz,61.9259,MassBank record-derived,positive,Benzene and substituted derivatives; None; Benzene and substituted derivatives,medium,1,observed,Isocarboxazid; LC-ESI-QFT; MS2; Ramp 20%-70% (nominal); 30000; [M+H]+,peak_mz:61.9250,extended,True,medium,medium,keep
CF:massbank_MSBNK-ACES_SU-AS000323_56_5744,CF,peak_mz,56.5744,MassBank record-derived,positive,Benzene and substituted derivatives; Xylenes; m-Xylenes,medium,1,observed,Lidocaine; LC-ESI-QFT; MS2; Ramp 20%-70% (nominal); 30000; [M+H]+,peak_mz:56.5750,extended,True,medium,medium,keep
CF:massbank_MSBNK-ACES_SU-AS000323_74_9683,CF,peak_mz,74.9683,MassBank record-derived,positive,Benzene and substituted derivatives; Xylenes; m-Xylenes,medium,1,observed,Lidocaine; LC-ESI-QFT; MS2; Ramp 20%-70% (nominal); 30000; [M+H]+,peak_mz:74.9700,extended,True,medium,medium,keep
CF:massbank_MSBNK-ACES_SU-AS000324_51_3308,CF,peak_mz,51.3308,MassBank record-derived,positive,Benzimidazoles; 2-benzimidazolylcarbamic acid esters; 2-benzimidazolylcarbamic acid esters,medium,1,observed,Oxibendazol; LC-ESI-QFT; MS2; Ramp 20%-70% (nominal); 30000; [M+H]+,peak_mz:51.3300,extended,True,medium,medium,keep
CF:massbank_MSBNK-ACES_SU-AS000324_62_4377,CF,peak_mz,62.4377,MassBank record-derived,positive,Benzimidazoles; 2-benzimidazolylcarbamic acid esters; 2-benzimidazolylcarbamic acid esters,medium,1,observed,Oxibendazol; LC-ESI-QFT; MS2; Ramp 20%-70% (nominal); 30000; [M+H]+,peak_mz:62.4400,extended,True,medium,medium,keep
CF:massbank_MSBNK-ACES_SU-AS000324_69_3128,CF,peak_mz,69.3128,MassBank record-derived,positive,Benzimidazoles; 2-benzimidazolylcarbamic acid esters; 2-benzimidazolylcarbamic acid esters,medium,1,observed,Oxibendazol; LC-ESI-QFT; MS2; Ramp 20%-70% (nominal); 30000; [M+H]+,peak_mz:69.3150,extended,True,medium,medium,keep
CF:massbank_MSBNK-ACES_SU-AS000325_52_4118,CF,peak_mz,52.4118,MassBank record-derived,positive,Purine nucleosides; None; Purine nucleosides,medium,1,observed,Vidarabine; LC-ESI-QFT; MS2; Ramp 20%-70% (nominal); 30000; [M+H]+,peak_mz:52.4100,extended,True,medium,medium,keep
CF:massbank_MSBNK-ACES_SU-AS000326_58_82,CF,peak_mz,58.82,MassBank record-derived,positive,Benzene and substituted derivatives; Benzenesulfonamides; Aminobenzenesulfonamides,medium,1,observed,Sulfachloropyridazine; LC-ESI-QFT; MS2; Ramp 20%-70% (nominal); 30000; [M+H]+,peak_mz:58.8200,extended,True,medium,medium,keep
CF:massbank_MSBNK-ACES_SU-AS000326_61_5741,CF,peak_mz,61.5741,MassBank record-derived,positive,Benzene and substituted derivatives; Benzenesulfonamides; Aminobenzenesulfonamides,medium,1,observed,Sulfachloropyridazine; LC-ESI-QFT; MS2; Ramp 20%-70% (nominal); 30000; [M+H]+,peak_mz:61.5750,extended,True,medium,medium,keep
CF:massbank_MSBNK-ACES_SU-AS000327_53_7654,CF,peak_mz,53.7654,MassBank record-derived,positive,"Nucleoside and nucleotide analogues; Cyclopentyl nucleosides; 1,3-substituted cyclopentyl nucleosides",medium,1,observed,Abacavir; LC-ESI-QFT; MS2; Ramp 20%-70% (nominal); 30000; [M+Na]2+,peak_mz:53.7650,extended,True,medium,medium,keep
CF:massbank_MSBNK-ACES_SU-AS000327_60_6386,CF,peak_mz,60.6386,MassBank record-derived,positive,"Nucleoside and nucleotide analogues; Cyclopentyl nucleosides; 1,3-substituted cyclopentyl nucleosides",medium,1,observed,Abacavir; LC-ESI-QFT; MS2; Ramp 20%-70% (nominal); 30000; [M+Na]2+,peak_mz:60.6400,extended,True,medium,medium,keep
CF:massbank_MSBNK-ACES_SU-AS000328_51_5223,CF,peak_mz,51.5223,MassBank record-derived,positive,Benzene and substituted derivatives; Benzophenones; Benzophenones,medium,1,observed,Mebendazole; LC-ESI-QFT; MS2; Ramp 20%-70% (nominal); 30000; [M+H]+,peak_mz:51.5200,extended,True,medium,medium,keep
CF:massbank_MSBNK-ACES_SU-AS000328_54_1634,CF,peak_mz,54.1634,MassBank record-derived,positive,Benzene and substituted derivatives; Benzophenones; Benzophenones,medium,1,observed,Mebendazole; LC-ESI-QFT; MS2; Ramp 20%-70% (nominal); 30000; [M+H]+,peak_mz:54.1650,extended,True,medium,medium,keep
CF:massbank_MSBNK-ACES_SU-AS000328_55_3254,CF,peak_mz,55.3254,MassBank record-derived,positive,Benzene and substituted derivatives; Benzophenones; Benzophenones,medium,1,observed,Mebendazole; LC-ESI-QFT; MS2; Ramp 20%-70% (nominal); 30000; [M+H]+,peak_mz:55.3250,extended,True,medium,medium,keep
CF:massbank_MSBNK-ACES_SU-AS000329_53_8979,CF,peak_mz,53.8979,MassBank record-derived,positive,Indoles and derivatives; Tryptamines and derivatives; Tryptamines and derivatives,medium,1,observed,Sumatriptan; LC-ESI-QFT; MS2; Ramp 20%-70% (nominal); 30000; [M+H]+,peak_mz:53.9000,extended,True,medium,medium,keep
CF:massbank_MSBNK-ACES_SU-AS000329_59_0685,CF,peak_mz,59.0685,MassBank record-derived,positive,Indoles and derivatives; Tryptamines and derivatives; Tryptamines and derivatives,medium,1,observed,Sumatriptan; LC-ESI-QFT; MS2; Ramp 20%-70% (nominal); 30000; [M+H]+,peak_mz:59.0700,extended,True,medium,medium,keep
CF:massbank_MSBNK-ACES_SU-AS000330_51_8504,CF,peak_mz,51.8504,MassBank record-derived,positive,Benzene and substituted derivatives; Phenethylamines; Amphetamines and derivatives,medium,1,observed,Fenoterol; LC-ESI-QFT; MS2; Ramp 20%-70% (nominal); 30000; [M+H]+,peak_mz:51.8500,extended,True,medium,medium,keep
CF:massbank_MSBNK-ACES_SU-AS000330_62_8588,CF,peak_mz,62.8588,MassBank record-derived,positive,Benzene and substituted derivatives; Phenethylamines; Amphetamines and derivatives,medium,1,observed,Fenoterol; LC-ESI-QFT; MS2; Ramp 20%-70% (nominal); 30000; [M+H]+,peak_mz:62.8600,extended,True,medium,medium,keep
CF:massbank_MSBNK-ACES_SU-AS000330_64_5088,CF,peak_mz,64.5088,MassBank record-derived,positive,Benzene and substituted derivatives; Phenethylamines; Amphetamines and derivatives,medium,1,observed,Fenoterol; LC-ESI-QFT; MS2; Ramp 20%-70% (nominal); 30000; [M+H]+,peak_mz:64.5100,extended,True,medium,medium,keep
CF:massbank_MSBNK-ACES_SU-AS000331_51_292,CF,peak_mz,51.292,MassBank record-derived,positive,"Steroids and steroid derivatives; Pregnane steroids; Gluco/mineralocorticoids, progestogins and derivatives",medium,1,observed,Progesterone; LC-ESI-QFT; MS2; Ramp 20%-70% (nominal); 30000; [M+H]+,peak_mz:51.2900,extended,True,medium,medium,keep
CF:massbank_MSBNK-ACES_SU-AS000331_67_1767,CF,peak_mz,67.1767,MassBank record-derived,positive,"Steroids and steroid derivatives; Pregnane steroids; Gluco/mineralocorticoids, progestogins and derivatives",medium,1,observed,Progesterone; LC-ESI-QFT; MS2; Ramp 20%-70% (nominal); 30000; [M+H]+,peak_mz:67.1750,extended,True,medium,medium,keep
CF:massbank_MSBNK-ACES_SU-AS000332_53_5359,CF,peak_mz,53.5359,MassBank record-derived,positive,Benzothiopyrans; 1-benzothiopyrans; Thioxanthenes,medium,1,observed,Chlorprothixene; LC-ESI-QFT; MS2; Ramp 20%-70% (nominal); 30000; [M+H]+,peak_mz:53.5350,extended,True,medium,medium,keep
CF:massbank_MSBNK-ACES_SU-AS000333_55_3684,CF,peak_mz,55.3684,MassBank record-derived,positive,Benzothiazines; Phenothiazines; Phenothiazines,medium,1,observed,Chlorpromazine; LC-ESI-QFT; MS2; Ramp 20%-70% (nominal); 30000; [M+H]+,peak_mz:55.3700,extended,True,medium,medium,keep
CF:massbank_MSBNK-ACES_SU-AS000333_56_3544,CF,peak_mz,56.3544,MassBank record-derived,positive,Benzothiazines; Phenothiazines; Phenothiazines,medium,1,observed,Chlorpromazine; LC-ESI-QFT; MS2; Ramp 20%-70% (nominal); 30000; [M+H]+,peak_mz:56.3550,extended,True,medium,medium,keep
CF:massbank_MSBNK-ACES_SU-AS000334_54_3763,CF,peak_mz,54.3763,MassBank record-derived,positive,Benzene and substituted derivatives; Diphenylmethanes; Diphenylmethanes,medium,1,observed,Clemastine; LC-ESI-QFT; MS2; Ramp 20%-70% (nominal); 30000; [M+H]+,peak_mz:54.3750,extended,True,medium,medium,keep
CF:massbank_MSBNK-ACES_SU-AS000334_63_9352,CF,peak_mz,63.9352,MassBank record-derived,positive,Benzene and substituted derivatives; Diphenylmethanes; Diphenylmethanes,medium,1,observed,Clemastine; LC-ESI-QFT; MS2; Ramp 20%-70% (nominal); 30000; [M+H]+,peak_mz:63.9350,extended,True,medium,medium,keep
CF:massbank_MSBNK-ACES_SU-AS000334_85_5605,CF,peak_mz,85.5605,MassBank record-derived,positive,Benzene and substituted derivatives; Diphenylmethanes; Diphenylmethanes,medium,1,observed,Clemastine; LC-ESI-QFT; MS2; Ramp 20%-70% (nominal); 30000; [M+H]+,peak_mz:85.5600,extended,True,medium,medium,keep
CF:massbank_MSBNK-ACES_SU-AS000335_63_6907,CF,peak_mz,63.6907,MassBank record-derived,positive,Quinolines and derivatives; Quinoline carboxylic acids; Quinoline carboxylic acids,medium,1,observed,Nadifloxacin; LC-ESI-QFT; MS2; Ramp 20%-70% (nominal); 30000; [M+H]+,peak_mz:63.6900,extended,True,medium,medium,keep
CF:massbank_MSBNK-ACES_SU-AS000335_69_1787,CF,peak_mz,69.1787,MassBank record-derived,positive,Quinolines and derivatives; Quinoline carboxylic acids; Quinoline carboxylic acids,medium,1,observed,Nadifloxacin; LC-ESI-QFT; MS2; Ramp 20%-70% (nominal); 30000; [M+H]+,peak_mz:69.1800,extended,True,medium,medium,keep
CF:massbank_MSBNK-ACES_SU-AS000336_53_488,CF,peak_mz,53.488,MassBank record-derived,positive,"Carboxylic acids and derivatives; Amino acids, peptides, and analogues; Amino acids and derivatives",medium,1,observed,Cefaclor; LC-ESI-QFT; MS2; Ramp 20%-70% (nominal); 30000; [M+H]+,peak_mz:53.4900,extended,True,medium,medium,keep
CF:massbank_MSBNK-ACES_SU-AS000336_71_7272,CF,peak_mz,71.7272,MassBank record-derived,positive,"Carboxylic acids and derivatives; Amino acids, peptides, and analogues; Amino acids and derivatives",medium,1,observed,Cefaclor; LC-ESI-QFT; MS2; Ramp 20%-70% (nominal); 30000; [M+H]+,peak_mz:71.7250,extended,True,medium,medium,keep
CF:massbank_MSBNK-ACES_SU-AS000336_74_006,CF,peak_mz,74.006,MassBank record-derived,positive,"Carboxylic acids and derivatives; Amino acids, peptides, and analogues; Amino acids and derivatives",medium,1,observed,Cefaclor; LC-ESI-QFT; MS2; Ramp 20%-70% (nominal); 30000; [M+H]+,peak_mz:74.0050,extended,True,medium,medium,keep
CF:massbank_MSBNK-ACES_SU-AS000337_52_4799,CF,peak_mz,52.4799,MassBank record-derived,positive,Benzene and substituted derivatives; Phenoxy compounds; Phenoxy compounds,medium,1,observed,Bambuterol; LC-ESI-QFT; MS2; Ramp 20%-70% (nominal); 30000; [M+H]+,peak_mz:52.4800,extended,True,medium,medium,keep
CF:massbank_MSBNK-ACES_SU-AS000337_53_8158,CF,peak_mz,53.8158,MassBank record-derived,positive,Benzene and substituted derivatives; Phenoxy compounds; Phenoxy compounds,medium,1,observed,Bambuterol; LC-ESI-QFT; MS2; Ramp 20%-70% (nominal); 30000; [M+H]+,peak_mz:53.8150,extended,True,medium,medium,keep
CF:massbank_MSBNK-ACES_SU-AS000337_53_8295,CF,peak_mz,53.8295,MassBank record-derived,positive,Benzene and substituted derivatives; Phenoxy compounds; Phenoxy compounds,medium,1,observed,Bambuterol; LC-ESI-QFT; MS2; Ramp 20%-70% (nominal); 30000; [M+H]+,peak_mz:53.8300,extended,True,medium,medium,keep
CF:massbank_MSBNK-ACES_SU-AS000338_50_8909,CF,peak_mz,50.8909,MassBank record-derived,positive,Benzothiazines; Phenothiazines; Phenothiazines,medium,1,observed,Prochlorperazine; LC-ESI-QFT; MS2; Ramp 20%-70% (nominal); 30000; [M+H]+,peak_mz:50.8900,extended,True,medium,medium,keep
CF:massbank_MSBNK-ACES_SU-AS000338_52_6382,CF,peak_mz,52.6382,MassBank record-derived,positive,Benzothiazines; Phenothiazines; Phenothiazines,medium,1,observed,Prochlorperazine; LC-ESI-QFT; MS2; Ramp 20%-70% (nominal); 30000; [M+H]+,peak_mz:52.6400,extended,True,medium,medium,keep
CF:massbank_MSBNK-ACES_SU-AS000338_53_4089,CF,peak_mz,53.4089,MassBank record-derived,positive,Benzothiazines; Phenothiazines; Phenothiazines,medium,1,observed,Prochlorperazine; LC-ESI-QFT; MS2; Ramp 20%-70% (nominal); 30000; [M+H]+,peak_mz:53.4100,extended,True,medium,medium,keep
CF:massbank_MSBNK-ACES_SU-AS000339_50_5212,CF,peak_mz,50.5212,MassBank record-derived,positive,Steroids and steroid derivatives; Hydroxysteroids; 21-hydroxysteroids,medium,1,observed,6alpha-methylprednisolone; LC-ESI-QFT; MS2; Ramp 20%-70% (nominal); 30000; [M+H]+,peak_mz:50.5200,extended,True,medium,medium,keep
CF:massbank_MSBNK-ACES_SU-AS000339_67_054,CF,peak_mz,67.054,MassBank record-derived,positive,Steroids and steroid derivatives; Hydroxysteroids; 21-hydroxysteroids,medium,1,observed,6alpha-methylprednisolone; LC-ESI-QFT; MS2; Ramp 20%-70% (nominal); 30000; [M+H]+,peak_mz:67.0550,extended,True,medium,medium,keep
CF:massbank_MSBNK-ACES_SU-AS000340_70_0649,CF,peak_mz,70.0649,MassBank record-derived,positive,Quinolines and derivatives; Quinoline carboxylic acids; Quinoline carboxylic acids,medium,1,observed,Gatifloxacin; LC-ESI-QFT; MS2; Ramp 20%-70% (nominal); 30000; [M+H]+,peak_mz:70.0650,extended,True,medium,medium,keep
CF:massbank_MSBNK-ACES_SU-AS000341_54_9685,CF,peak_mz,54.9685,MassBank record-derived,positive,"Carboxylic acids and derivatives; Amino acids, peptides, and analogues; Peptides",medium,1,observed,Enalapril; LC-ESI-QFT; MS2; Ramp 20%-70% (nominal); 30000; [M+H]+,peak_mz:54.9700,extended,True,medium,medium,keep
CF:massbank_MSBNK-ACES_SU-AS000341_56_0555,CF,peak_mz,56.0555,MassBank record-derived,positive,"Carboxylic acids and derivatives; Amino acids, peptides, and analogues; Peptides",medium,1,observed,Enalapril; LC-ESI-QFT; MS2; Ramp 20%-70% (nominal); 30000; [M+H]+,peak_mz:56.0550,extended,True,medium,medium,keep
CF:massbank_MSBNK-ACES_SU-AS000342_63_985,CF,peak_mz,63.985,MassBank record-derived,positive,"Thiadiazines; Benzothiadiazines; 1,2,4-benzothiadiazine-1,1-dioxides",medium,1,observed,Althiazide; LC-ESI-QFT; MS2; Ramp 20%-70% (nominal); 30000; [M+H]+,peak_mz:63.9850,extended,True,medium,medium,keep
CF:massbank_MSBNK-ACES_SU-AS000342_68_0493,CF,peak_mz,68.0493,MassBank record-derived,positive,"Thiadiazines; Benzothiadiazines; 1,2,4-benzothiadiazine-1,1-dioxides",medium,1,observed,Althiazide; LC-ESI-QFT; MS2; Ramp 20%-70% (nominal); 30000; [M+H]+,peak_mz:68.0500,extended,True,medium,medium,keep
CF:massbank_MSBNK-ACES_SU-AS000343_64_9772,CF,peak_mz,64.9772,MassBank record-derived,positive,Pyridines and derivatives; Hydropyridines; Dihydropyridines,medium,1,observed,Nilvadipine; LC-ESI-QFT; MS2; Ramp 20%-70% (nominal); 30000; [M+H]+,peak_mz:64.9750,extended,True,medium,medium,keep
CF:massbank_MSBNK-ACES_SU-AS000343_65_2028,CF,peak_mz,65.2028,MassBank record-derived,positive,Pyridines and derivatives; Hydropyridines; Dihydropyridines,medium,1,observed,Nilvadipine; LC-ESI-QFT; MS2; Ramp 20%-70% (nominal); 30000; [M+H]+,peak_mz:65.2050,extended,True,medium,medium,keep
CF:massbank_MSBNK-ACES_SU-AS000343_67_0177,CF,peak_mz,67.0177,MassBank record-derived,positive,Pyridines and derivatives; Hydropyridines; Dihydropyridines,medium,1,observed,Nilvadipine; LC-ESI-QFT; MS2; Ramp 20%-70% (nominal); 30000; [M+H]+,peak_mz:67.0200,extended,True,medium,medium,keep
CF:massbank_MSBNK-ACES_SU-AS000345_57_0566,CF,peak_mz,57.0566,MassBank record-derived,positive,Benzene and substituted derivatives; Benzylethers; Benzylethers,medium,1,observed,Miconazole; LC-ESI-QFT; MS2; Ramp 20%-70% (nominal); 30000; [M+H]+,peak_mz:57.0550,extended,True,medium,medium,keep
CF:massbank_MSBNK-ACES_SU-AS000345_69_0445,CF,peak_mz,69.0445,MassBank record-derived,positive,Benzene and substituted derivatives; Benzylethers; Benzylethers,medium,1,observed,Miconazole; LC-ESI-QFT; MS2; Ramp 20%-70% (nominal); 30000; [M+H]+,peak_mz:69.0450,extended,True,medium,medium,keep
CF:massbank_MSBNK-ACES_SU-AS000345_70_3085,CF,peak_mz,70.3085,MassBank record-derived,positive,Benzene and substituted derivatives; Benzylethers; Benzylethers,medium,1,observed,Miconazole; LC-ESI-QFT; MS2; Ramp 20%-70% (nominal); 30000; [M+H]+,peak_mz:70.3100,extended,True,medium,medium,keep
CF:massbank_MSBNK-ACES_SU-AS000346_74_0236,CF,peak_mz,74.0236,MassBank record-derived,positive,"Carboxylic acids and derivatives; Amino acids, peptides, and analogues; Peptides",medium,1,observed,Ramipril; LC-ESI-QFT; MS2; Ramp 20%-70% (nominal); 30000; [M+H]+,peak_mz:74.0250,extended,True,medium,medium,keep
NL:massbank_MSBNK-ACES_SU-AS000347,NL,mass_diff,1.0058,MassBank record-derived,positive,Benzothiophenes; 1-benzothiophenes; 1-benzothiophenes,medium,1,observed,Sertaconazole; LC-ESI-QFT; MS2; Ramp 20%-70% (nominal); 30000; [M+H]+,mass_diff:1.0050,extended,True,medium,medium,keep
CF:massbank_MSBNK-ACES_SU-AS000347_62_6285,CF,peak_mz,62.6285,MassBank record-derived,positive,Benzothiophenes; 1-benzothiophenes; 1-benzothiophenes,medium,1,observed,Sertaconazole; LC-ESI-QFT; MS2; Ramp 20%-70% (nominal); 30000; [M+H]+,peak_mz:62.6300,extended,True,medium,medium,keep
CF:massbank_MSBNK-ACES_SU-AS000347_70_9117,CF,peak_mz,70.9117,MassBank record-derived,positive,Benzothiophenes; 1-benzothiophenes; 1-benzothiophenes,medium,1,observed,Sertaconazole; LC-ESI-QFT; MS2; Ramp 20%-70% (nominal); 30000; [M+H]+,peak_mz:70.9100,extended,True,medium,medium,keep
CF:massbank_MSBNK-ACES_SU-AS000348_55_0176,CF,peak_mz,55.0176,MassBank record-derived,positive,Diazinanes; Piperazines; N-arylpiperazines,medium,1,observed,Doxazosin; LC-ESI-QFT; MS2; Ramp 20%-70% (nominal); 30000; [M+H]+,peak_mz:55.0200,extended,True,medium,medium,keep
CF:massbank_MSBNK-ACES_SU-AS000348_62_5765,CF,peak_mz,62.5765,MassBank record-derived,positive,Diazinanes; Piperazines; N-arylpiperazines,medium,1,observed,Doxazosin; LC-ESI-QFT; MS2; Ramp 20%-70% (nominal); 30000; [M+H]+,peak_mz:62.5750,extended,True,medium,medium,keep
CF:massbank_MSBNK-ACES_SU-AS000349_84_0809,CF,peak_mz,84.0809,MassBank record-derived,positive,Diazanaphthalenes; Benzodiazines; Quinoxalines,medium,1,observed,Clofazimine; LC-ESI-QFT; MS2; Ramp 20%-70% (nominal); 30000; [M+H]+,peak_mz:84.0800,extended,True,medium,medium,keep
CF:massbank_MSBNK-ACES_SU-AS000351_114_0549,CF,peak_mz,114.0549,MassBank record-derived,positive,Organonitrogen compounds; Amines; Tertiary amines,medium,1,observed,Dipyridamole; LC-ESI-QFT; MS2; Ramp 20%-70% (nominal); 30000; [M+Na]+,peak_mz:114.0550,extended,True,medium,medium,keep
CF:massbank_MSBNK-ACES_SU-AS000351_145_4742,CF,peak_mz,145.4742,MassBank record-derived,positive,Organonitrogen compounds; Amines; Tertiary amines,medium,1,observed,Dipyridamole; LC-ESI-QFT; MS2; Ramp 20%-70% (nominal); 30000; [M+Na]+,peak_mz:145.4750,extended,True,medium,medium,keep
CF:massbank_MSBNK-ACES_SU-AS000352_55_014,CF,peak_mz,55.014,MassBank record-derived,positive,Phenol ethers; Anisoles; Anisoles,medium,1,observed,Thonzonium; LC-ESI-QFT; MS2; Ramp 20%-70% (nominal); 30000; [M]+,peak_mz:55.0150,extended,True,medium,medium,keep
CF:massbank_MSBNK-ACES_SU-AS000352_56_1508,CF,peak_mz,56.1508,MassBank record-derived,positive,Phenol ethers; Anisoles; Anisoles,medium,1,observed,Thonzonium; LC-ESI-QFT; MS2; Ramp 20%-70% (nominal); 30000; [M]+,peak_mz:56.1500,extended,True,medium,medium,keep
CF:massbank_MSBNK-ACES_SU-AS000352_62_6348,CF,peak_mz,62.6348,MassBank record-derived,positive,Phenol ethers; Anisoles; Anisoles,medium,1,observed,Thonzonium; LC-ESI-QFT; MS2; Ramp 20%-70% (nominal); 30000; [M]+,peak_mz:62.6350,extended,True,medium,medium,keep
CF:massbank_MSBNK-ACES_SU-AS000353_53_863,CF,peak_mz,53.863,MassBank record-derived,positive,Benzene and substituted derivatives; Biphenyls and derivatives; Biphenyls and derivatives,medium,1,observed,Telmisartan; LC-ESI-QFT; MS2; Ramp 20%-70% (nominal); 30000; [M+H]+,peak_mz:53.8650,extended,True,medium,medium,keep
CF:massbank_MSBNK-ACES_SU-AS000353_59_0955,CF,peak_mz,59.0955,MassBank record-derived,positive,Benzene and substituted derivatives; Biphenyls and derivatives; Biphenyls and derivatives,medium,1,observed,Telmisartan; LC-ESI-QFT; MS2; Ramp 20%-70% (nominal); 30000; [M+H]+,peak_mz:59.0950,extended,True,medium,medium,keep
CF:massbank_MSBNK-ACES_SU-AS000353_79_157,CF,peak_mz,79.157,MassBank record-derived,positive,Benzene and substituted derivatives; Biphenyls and derivatives; Biphenyls and derivatives,medium,1,observed,Telmisartan; LC-ESI-QFT; MS2; Ramp 20%-70% (nominal); 30000; [M+H]+,peak_mz:79.1550,extended,True,medium,medium,keep
CF:massbank_MSBNK-ACES_SU-AS000354_52_0831,CF,peak_mz,52.0831,MassBank record-derived,positive,Oxazinanes; Morpholines; Phenylmorpholines,medium,1,observed,Aprepitant; LC-ESI-QFT; MS2; Ramp 20%-70% (nominal); 30000; [M+H]+,peak_mz:52.0850,extended,True,medium,medium,keep
CF:massbank_MSBNK-ACES_SU-AS000354_55_029,CF,peak_mz,55.029,MassBank record-derived,positive,Oxazinanes; Morpholines; Phenylmorpholines,medium,1,observed,Aprepitant; LC-ESI-QFT; MS2; Ramp 20%-70% (nominal); 30000; [M+H]+,peak_mz:55.0300,extended,True,medium,medium,keep
NL:massbank_MSBNK-ACES_SU-AS000356,NL,mass_diff,1.0052,MassBank record-derived,positive,Organooxygen compounds; Carbonyl compounds; Ketones,medium,1,observed,Amiodarone; LC-ESI-QFT; MS2; Ramp 20%-70% (nominal); 30000; [M+H]+,mass_diff:1.0050,extended,True,medium,medium,keep
CF:massbank_MSBNK-ACES_SU-AS000356_51_1998,CF,peak_mz,51.1998,MassBank record-derived,positive,Organooxygen compounds; Carbonyl compounds; Ketones,medium,1,observed,Amiodarone; LC-ESI-QFT; MS2; Ramp 20%-70% (nominal); 30000; [M+H]+,peak_mz:51.2000,extended,True,medium,medium,keep
CF:massbank_MSBNK-ACES_SU-AS000356_54_5224,CF,peak_mz,54.5224,MassBank record-derived,positive,Organooxygen compounds; Carbonyl compounds; Ketones,medium,1,observed,Amiodarone; LC-ESI-QFT; MS2; Ramp 20%-70% (nominal); 30000; [M+H]+,peak_mz:54.5200,extended,True,medium,medium,keep
NL:massbank_MSBNK-ACES_SU-AS000357,NL,mass_diff,1.0041,MassBank record-derived,positive,Organooxygen compounds; Carbohydrates and carbohydrate conjugates; Aminosaccharides,medium,1,observed,Acarbose; LC-ESI-QFT; MS2; Ramp 20%-70% (nominal); 30000; [M+H]+,mass_diff:1.0050,extended,True,medium,medium,keep
CF:massbank_MSBNK-ACES_SU-AS000357_50_9952,CF,peak_mz,50.9952,MassBank record-derived,positive,Organooxygen compounds; Carbohydrates and carbohydrate conjugates; Aminosaccharides,medium,1,observed,Acarbose; LC-ESI-QFT; MS2; Ramp 20%-70% (nominal); 30000; [M+H]+,peak_mz:50.9950,extended,True,medium,medium,keep
CF:massbank_MSBNK-ACES_SU-AS000357_52_3597,CF,peak_mz,52.3597,MassBank record-derived,positive,Organooxygen compounds; Carbohydrates and carbohydrate conjugates; Aminosaccharides,medium,1,observed,Acarbose; LC-ESI-QFT; MS2; Ramp 20%-70% (nominal); 30000; [M+H]+,peak_mz:52.3600,extended,True,medium,medium,keep
CF:massbank_MSBNK-ACES_SU-AS000357_54_0731,CF,peak_mz,54.0731,MassBank record-derived,positive,Organooxygen compounds; Carbohydrates and carbohydrate conjugates; Aminosaccharides,medium,1,observed,Acarbose; LC-ESI-QFT; MS2; Ramp 20%-70% (nominal); 30000; [M+H]+,peak_mz:54.0750,extended,True,medium,medium,keep
CF:massbank_MSBNK-ACES_SU-AS000358_52_0182,CF,peak_mz,52.0182,MassBank record-derived,positive,Diazines; Pyrazines; Pyrazine carboxylic acids and derivatives,medium,1,observed,Acipimox; LC-ESI-QFT; MS2; Ramp 20%-70% (nominal); 30000; [M+H]+,peak_mz:52.0200,extended,True,medium,medium,keep
CF:massbank_MSBNK-ACES_SU-AS000358_54_0337,CF,peak_mz,54.0337,MassBank record-derived,positive,Diazines; Pyrazines; Pyrazine carboxylic acids and derivatives,medium,1,observed,Acipimox; LC-ESI-QFT; MS2; Ramp 20%-70% (nominal); 30000; [M+H]+,peak_mz:54.0350,extended,True,medium,medium,keep
CF:massbank_MSBNK-ACES_SU-AS000359_69_0697,CF,peak_mz,69.0697,MassBank record-derived,positive,Benzene and substituted derivatives; Anilides; Anilides,medium,1,observed,Crotamiton; LC-ESI-QFT; MS2; Ramp 20%-70% (nominal); 30000; [M+H]+,peak_mz:69.0700,extended,True,medium,medium,keep
CF:massbank_MSBNK-ACES_SU-AS000360_51_1137,CF,peak_mz,51.1137,MassBank record-derived,positive,Organonitrogen compounds; Amines; Tertiary amines,medium,1,observed,Altretamine; LC-ESI-QFT; MS2; Ramp 20%-70% (nominal); 30000; [M+H]+,peak_mz:51.1150,extended,True,medium,medium,keep
CF:massbank_MSBNK-ACES_SU-AS000360_68_5813,CF,peak_mz,68.5813,MassBank record-derived,positive,Organonitrogen compounds; Amines; Tertiary amines,medium,1,observed,Altretamine; LC-ESI-QFT; MS2; Ramp 20%-70% (nominal); 30000; [M+H]+,peak_mz:68.5800,extended,True,medium,medium,keep
CF:massbank_MSBNK-ACES_SU-AS000361_56_9646,CF,peak_mz,56.9646,MassBank record-derived,positive,Phenylpropanoic acids; None; Phenylpropanoic acids,medium,1,observed,Methyldopa; LC-ESI-QFT; MS2; Ramp 20%-70% (nominal); 30000; [M+H]+,peak_mz:56.9650,extended,True,medium,medium,keep
CF:massbank_MSBNK-ACES_SU-AS000361_57_0571,CF,peak_mz,57.0571,MassBank record-derived,positive,Phenylpropanoic acids; None; Phenylpropanoic acids,medium,1,observed,Methyldopa; LC-ESI-QFT; MS2; Ramp 20%-70% (nominal); 30000; [M+H]+,peak_mz:57.0550,extended,True,medium,medium,keep
CF:massbank_MSBNK-ACES_SU-AS000362_56_4454,CF,peak_mz,56.4454,MassBank record-derived,positive,Imidazopyridines; None; Imidazopyridines,medium,1,observed,Fadrozole; LC-ESI-QFT; MS2; Ramp 20%-70% (nominal); 30000; [M+H]+,peak_mz:56.4450,extended,True,medium,medium,keep
CF:massbank_MSBNK-ACES_SU-AS000362_57_8351,CF,peak_mz,57.8351,MassBank record-derived,positive,Imidazopyridines; None; Imidazopyridines,medium,1,observed,Fadrozole; LC-ESI-QFT; MS2; Ramp 20%-70% (nominal); 30000; [M+H]+,peak_mz:57.8350,extended,True,medium,medium,keep
CF:massbank_MSBNK-ACES_SU-AS000363_55_2021,CF,peak_mz,55.2021,MassBank record-derived,positive,Benzene and substituted derivatives; Benzyl alcohols; Benzyl alcohols,medium,1,observed,Levalbuterol; LC-ESI-QFT; MS2; Ramp 20%-70% (nominal); 30000; [M+H]+,peak_mz:55.2000,extended,True,medium,medium,keep
CF:massbank_MSBNK-ACES_SU-AS000364_57_0333,CF,peak_mz,57.0333,MassBank record-derived,positive,Imidazopyrimidines; Purines and purine derivatives; Purinones,medium,1,observed,Penciclovir; LC-ESI-QFT; MS2; Ramp 20%-70% (nominal); 30000; [M+H]+,peak_mz:57.0350,extended,True,medium,medium,keep
CF:massbank_MSBNK-ACES_SU-AS000365_58_0399,CF,peak_mz,58.0399,MassBank record-derived,positive,Benzene and substituted derivatives; Halobenzenes; Chlorobenzenes,medium,1,observed,Lamotrigine; LC-ESI-QFT; MS2; Ramp 20%-70% (nominal); 30000; [M+H]+,peak_mz:58.0400,extended,True,medium,medium,keep
CF:massbank_MSBNK-ACES_SU-AS000365_61_581,CF,peak_mz,61.581,MassBank record-derived,positive,Benzene and substituted derivatives; Halobenzenes; Chlorobenzenes,medium,1,observed,Lamotrigine; LC-ESI-QFT; MS2; Ramp 20%-70% (nominal); 30000; [M+H]+,peak_mz:61.5800,extended,True,medium,medium,keep
CF:massbank_MSBNK-ACES_SU-AS000365_87_0044,CF,peak_mz,87.0044,MassBank record-derived,positive,Benzene and substituted derivatives; Halobenzenes; Chlorobenzenes,medium,1,observed,Lamotrigine; LC-ESI-QFT; MS2; Ramp 20%-70% (nominal); 30000; [M+H]+,peak_mz:87.0050,extended,True,medium,medium,keep
CF:massbank_MSBNK-ACES_SU-AS000366_62_9897,CF,peak_mz,62.9897,MassBank record-derived,positive,Imidazopyrimidines; Purines and purine derivatives; Purinones,medium,1,observed,Ganciclovir; LC-ESI-QFT; MS2; Ramp 20%-70% (nominal); 30000; [M+H]+,peak_mz:62.9900,extended,True,medium,medium,keep
CF:massbank_MSBNK-ACES_SU-AS000367_60_9764,CF,peak_mz,60.9764,MassBank record-derived,positive,Benzene and substituted derivatives; Xylenes; Xylenols,medium,1,observed,Oxymetazoline; LC-ESI-QFT; MS2; Ramp 20%-70% (nominal); 30000; [M+H]+,peak_mz:60.9750,extended,True,medium,medium,keep
CF:massbank_MSBNK-ACES_SU-AS000367_85_0762,CF,peak_mz,85.0762,MassBank record-derived,positive,Benzene and substituted derivatives; Xylenes; Xylenols,medium,1,observed,Oxymetazoline; LC-ESI-QFT; MS2; Ramp 20%-70% (nominal); 30000; [M+H]+,peak_mz:85.0750,extended,True,medium,medium,keep
CF:massbank_MSBNK-ACES_SU-AS000368_58_3196,CF,peak_mz,58.3196,MassBank record-derived,positive,Benzene and substituted derivatives; Benzoic acids and derivatives; Benzoic acid esters,medium,1,observed,Tetracaine; LC-ESI-QFT; MS2; Ramp 20%-70% (nominal); 30000; [M+H]+,peak_mz:58.3200,extended,True,medium,medium,keep
CF:massbank_MSBNK-ACES_SU-AS000368_62_9816,CF,peak_mz,62.9816,MassBank record-derived,positive,Benzene and substituted derivatives; Benzoic acids and derivatives; Benzoic acid esters,medium,1,observed,Tetracaine; LC-ESI-QFT; MS2; Ramp 20%-70% (nominal); 30000; [M+H]+,peak_mz:62.9800,extended,True,medium,medium,keep
CF:massbank_MSBNK-ACES_SU-AS000370_52_066,CF,peak_mz,52.066,MassBank record-derived,positive,Benzene and substituted derivatives; Benzenesulfonamides; Benzenesulfonamides,medium,1,observed,Tolbutamide; LC-ESI-QFT; MS2; Ramp 20%-70% (nominal); 30000; [M+H]+,peak_mz:52.0650,extended,True,medium,medium,keep
CF:massbank_MSBNK-ACES_SU-AS000370_54_0862,CF,peak_mz,54.0862,MassBank record-derived,positive,Benzene and substituted derivatives; Benzenesulfonamides; Benzenesulfonamides,medium,1,observed,Tolbutamide; LC-ESI-QFT; MS2; Ramp 20%-70% (nominal); 30000; [M+H]+,peak_mz:54.0850,extended,True,medium,medium,keep
CF:massbank_MSBNK-ACES_SU-AS000371_78_2871,CF,peak_mz,78.2871,MassBank record-derived,positive,Benzene and substituted derivatives; Sulfanilides; Sulfanilides,medium,1,observed,Sotalol; LC-ESI-QFT; MS2; Ramp 20%-70% (nominal); 30000; [M+H]+,peak_mz:78.2850,extended,True,medium,medium,keep
CF:massbank_MSBNK-ACES_SU-AS000371_85_9221,CF,peak_mz,85.9221,MassBank record-derived,positive,Benzene and substituted derivatives; Sulfanilides; Sulfanilides,medium,1,observed,Sotalol; LC-ESI-QFT; MS2; Ramp 20%-70% (nominal); 30000; [M+H]+,peak_mz:85.9200,extended,True,medium,medium,keep
CF:massbank_MSBNK-ACES_SU-AS000371_90_9246,CF,peak_mz,90.9246,MassBank record-derived,positive,Benzene and substituted derivatives; Sulfanilides; Sulfanilides,medium,1,observed,Sotalol; LC-ESI-QFT; MS2; Ramp 20%-70% (nominal); 30000; [M+H]+,peak_mz:90.9250,extended,True,medium,medium,keep
CF:massbank_MSBNK-ACES_SU-AS000372_74_2147,CF,peak_mz,74.2147,MassBank record-derived,positive,Dibenzocycloheptenes; None; Dibenzocycloheptenes,medium,1,observed,Cyclobenzaprine; LC-ESI-QFT; MS2; Ramp 20%-70% (nominal); 30000; [M+H]+,peak_mz:74.2150,extended,True,medium,medium,keep
CF:massbank_MSBNK-ACES_SU-AS000373_54_2849,CF,peak_mz,54.2849,MassBank record-derived,positive,Benzene and substituted derivatives; Benzenesulfonamides; Aminobenzenesulfonamides,medium,1,observed,Sulfabenzamide; LC-ESI-QFT; MS2; Ramp 20%-70% (nominal); 30000; [M+H]+,peak_mz:54.2850,extended,True,medium,medium,keep
CF:massbank_MSBNK-ACES_SU-AS000373_74_3211,CF,peak_mz,74.3211,MassBank record-derived,positive,Benzene and substituted derivatives; Benzenesulfonamides; Aminobenzenesulfonamides,medium,1,observed,Sulfabenzamide; LC-ESI-QFT; MS2; Ramp 20%-70% (nominal); 30000; [M+H]+,peak_mz:74.3200,extended,True,medium,medium,keep
CF:massbank_MSBNK-ACES_SU-AS000374_64_7909,CF,peak_mz,64.7909,MassBank record-derived,positive,Naphthalenes; None; Naphthalenes,medium,1,observed,Naftifine; LC-ESI-QFT; MS2; Ramp 20%-70% (nominal); 30000; [M+H]+,peak_mz:64.7900,extended,True,medium,medium,keep
CF:massbank_MSBNK-ACES_SU-AS000374_92_3886,CF,peak_mz,92.3886,MassBank record-derived,positive,Naphthalenes; None; Naphthalenes,medium,1,observed,Naftifine; LC-ESI-QFT; MS2; Ramp 20%-70% (nominal); 30000; [M+H]+,peak_mz:92.3900,extended,True,medium,medium,keep
CF:massbank_MSBNK-ACES_SU-AS000375_57_1841,CF,peak_mz,57.1841,MassBank record-derived,positive,Benzimidazoles; None; Benzimidazoles,medium,1,observed,Nocodazole; LC-ESI-QFT; MS2; Ramp 20%-70% (nominal); 30000; [M+H]+,peak_mz:57.1850,extended,True,medium,medium,keep
CF:massbank_MSBNK-ACES_SU-AS000375_110_9898,CF,peak_mz,110.9898,MassBank record-derived,positive,Benzimidazoles; None; Benzimidazoles,medium,1,observed,Nocodazole; LC-ESI-QFT; MS2; Ramp 20%-70% (nominal); 30000; [M+H]+,peak_mz:110.9900,extended,True,medium,medium,keep
CF:massbank_MSBNK-ACES_SU-AS000375_111_9931,CF,peak_mz,111.9931,MassBank record-derived,positive,Benzimidazoles; None; Benzimidazoles,medium,1,observed,Nocodazole; LC-ESI-QFT; MS2; Ramp 20%-70% (nominal); 30000; [M+H]+,peak_mz:111.9950,extended,True,medium,medium,keep
CF:massbank_MSBNK-ACES_SU-AS000376_52_4124,CF,peak_mz,52.4124,MassBank record-derived,positive,Tetralins; Tametralines; Tametralines,medium,1,observed,Sertraline; LC-ESI-QFT; MS2; Ramp 20%-70% (nominal); 30000; [M+H]+,peak_mz:52.4100,extended,True,medium,medium,keep
CF:massbank_MSBNK-ACES_SU-AS000376_53_5667,CF,peak_mz,53.5667,MassBank record-derived,positive,Tetralins; Tametralines; Tametralines,medium,1,observed,Sertraline; LC-ESI-QFT; MS2; Ramp 20%-70% (nominal); 30000; [M+H]+,peak_mz:53.5650,extended,True,medium,medium,keep
CF:massbank_MSBNK-ACES_SU-AS000376_53_7119,CF,peak_mz,53.7119,MassBank record-derived,positive,Tetralins; Tametralines; Tametralines,medium,1,observed,Sertraline; LC-ESI-QFT; MS2; Ramp 20%-70% (nominal); 30000; [M+H]+,peak_mz:53.7100,extended,True,medium,medium,keep
CF:massbank_MSBNK-ACES_SU-AS000377_51_7669,CF,peak_mz,51.7669,MassBank record-derived,positive,Carboxylic acids and derivatives; Carboxylic acid derivatives; Carboxylic acid esters,medium,1,observed,Dicyclomine; LC-ESI-QFT; MS2; Ramp 20%-70% (nominal); 30000; [M+H]+,peak_mz:51.7650,extended,True,medium,medium,keep
CF:massbank_MSBNK-ACES_SU-AS000377_55_9425,CF,peak_mz,55.9425,MassBank record-derived,positive,Carboxylic acids and derivatives; Carboxylic acid derivatives; Carboxylic acid esters,medium,1,observed,Dicyclomine; LC-ESI-QFT; MS2; Ramp 20%-70% (nominal); 30000; [M+H]+,peak_mz:55.9400,extended,True,medium,medium,keep
CF:massbank_MSBNK-ACES_SU-AS000378_63_5823,CF,peak_mz,63.5823,MassBank record-derived,positive,Benzene and substituted derivatives; Diphenylmethanes; Diphenylmethanes,medium,1,observed,Adiphenine; LC-ESI-QFT; MS2; Ramp 20%-70% (nominal); 30000; [M+H]+,peak_mz:63.5800,extended,True,medium,medium,keep
CF:massbank_MSBNK-ACES_SU-AS000378_65_5885,CF,peak_mz,65.5885,MassBank record-derived,positive,Benzene and substituted derivatives; Diphenylmethanes; Diphenylmethanes,medium,1,observed,Adiphenine; LC-ESI-QFT; MS2; Ramp 20%-70% (nominal); 30000; [M+H]+,peak_mz:65.5900,extended,True,medium,medium,keep
CF:massbank_MSBNK-ACES_SU-AS000378_67_5151,CF,peak_mz,67.5151,MassBank record-derived,positive,Benzene and substituted derivatives; Diphenylmethanes; Diphenylmethanes,medium,1,observed,Adiphenine; LC-ESI-QFT; MS2; Ramp 20%-70% (nominal); 30000; [M+H]+,peak_mz:67.5150,extended,True,medium,medium,keep
CF:massbank_MSBNK-ACES_SU-AS000379_56_0575,CF,peak_mz,56.0575,MassBank record-derived,positive,Tetrahydroisoquinolines; None; Tetrahydroisoquinolines,medium,1,observed,Praziquantel; LC-ESI-QFT; MS2; Ramp 20%-70% (nominal); 30000; [M+H]+,peak_mz:56.0600,extended,True,medium,medium,keep
CF:massbank_MSBNK-ACES_SU-AS000382_59_7008,CF,peak_mz,59.7008,MassBank record-derived,positive,Isoindoles and derivatives; Isoindolines; Isoindolones,medium,1,observed,Chlorthalidone; LC-ESI-QFT; MS2; Ramp 20%-70% (nominal); 30000; [M+H]+,peak_mz:59.7000,extended,True,medium,medium,keep
CF:massbank_MSBNK-ACES_SU-AS000382_61_3145,CF,peak_mz,61.3145,MassBank record-derived,positive,Isoindoles and derivatives; Isoindolines; Isoindolones,medium,1,observed,Chlorthalidone; LC-ESI-QFT; MS2; Ramp 20%-70% (nominal); 30000; [M+H]+,peak_mz:61.3150,extended,True,medium,medium,keep
CF:massbank_MSBNK-ACES_SU-AS000382_64_703,CF,peak_mz,64.703,MassBank record-derived,positive,Isoindoles and derivatives; Isoindolines; Isoindolones,medium,1,observed,Chlorthalidone; LC-ESI-QFT; MS2; Ramp 20%-70% (nominal); 30000; [M+H]+,peak_mz:64.7050,extended,True,medium,medium,keep
CF:massbank_MSBNK-ACES_SU-AS000383_51_703,CF,peak_mz,51.703,MassBank record-derived,positive,Camptothecins; None; Camptothecins,medium,1,observed,Camptothecine; LC-ESI-QFT; MS2; Ramp 20%-70% (nominal); 30000; [M+H]+,peak_mz:51.7050,extended,True,medium,medium,keep
CF:massbank_MSBNK-ACES_SU-AS000383_61_6269,CF,peak_mz,61.6269,MassBank record-derived,positive,Camptothecins; None; Camptothecins,medium,1,observed,Camptothecine; LC-ESI-QFT; MS2; Ramp 20%-70% (nominal); 30000; [M+H]+,peak_mz:61.6250,extended,True,medium,medium,keep
CF:massbank_MSBNK-ACES_SU-AS000384_59_817,CF,peak_mz,59.817,MassBank record-derived,positive,Pyridines and derivatives; Hydropyridines; Dihydropyridines,medium,1,observed,Felodipine; LC-ESI-QFT; MS2; Ramp 20%-70% (nominal); 30000; [M+H]+,peak_mz:59.8150,extended,True,medium,medium,keep
CF:massbank_MSBNK-ACES_SU-AS000384_68_997,CF,peak_mz,68.997,MassBank record-derived,positive,Pyridines and derivatives; Hydropyridines; Dihydropyridines,medium,1,observed,Felodipine; LC-ESI-QFT; MS2; Ramp 20%-70% (nominal); 30000; [M+H]+,peak_mz:68.9950,extended,True,medium,medium,keep
CF:massbank_MSBNK-ACES_SU-AS000386_51_5741,CF,peak_mz,51.5741,MassBank record-derived,positive,Benzothiazines; Phenothiazines; Phenothiazines,medium,1,observed,Mesoridazine; LC-ESI-QFT; MS2; Ramp 20%-70% (nominal); 30000; [M+H]+,peak_mz:51.5750,extended,True,medium,medium,keep
CF:massbank_MSBNK-ACES_SU-AS000387_52_135,CF,peak_mz,52.135,MassBank record-derived,positive,Diazinanes; Piperazines; Phenylpiperazines,medium,1,observed,Urapidil; LC-ESI-QFT; MS2; Ramp 20%-70% (nominal); 30000; [M+H]+,peak_mz:52.1350,extended,True,medium,medium,keep
CF:massbank_MSBNK-ACES_SU-AS000388_59_0067,CF,peak_mz,59.0067,MassBank record-derived,positive,Benzene and substituted derivatives; Diphenylmethanes; Diphenylmethanes,medium,1,observed,Meclozine; LC-ESI-QFT; MS2; Ramp 20%-70% (nominal); 30000; [M+H]+,peak_mz:59.0050,extended,True,medium,medium,keep
CF:massbank_MSBNK-ACES_SU-AS000388_60_2491,CF,peak_mz,60.2491,MassBank record-derived,positive,Benzene and substituted derivatives; Diphenylmethanes; Diphenylmethanes,medium,1,observed,Meclozine; LC-ESI-QFT; MS2; Ramp 20%-70% (nominal); 30000; [M+H]+,peak_mz:60.2500,extended,True,medium,medium,keep
CF:massbank_MSBNK-ACES_SU-AS000388_67_1909,CF,peak_mz,67.1909,MassBank record-derived,positive,Benzene and substituted derivatives; Diphenylmethanes; Diphenylmethanes,medium,1,observed,Meclozine; LC-ESI-QFT; MS2; Ramp 20%-70% (nominal); 30000; [M+H]+,peak_mz:67.1900,extended,True,medium,medium,keep
CF:massbank_MSBNK-ACES_SU-AS000389_55_2694,CF,peak_mz,55.2694,MassBank record-derived,positive,Steroids and steroid derivatives; Hydroxysteroids; 21-hydroxysteroids,medium,1,observed,Betamethasone; LC-ESI-QFT; MS2; Ramp 20%-70% (nominal); 30000; [M+H]+,peak_mz:55.2700,extended,True,medium,medium,keep
CF:massbank_MSBNK-ACES_SU-AS000389_57_7892,CF,peak_mz,57.7892,MassBank record-derived,positive,Steroids and steroid derivatives; Hydroxysteroids; 21-hydroxysteroids,medium,1,observed,Betamethasone; LC-ESI-QFT; MS2; Ramp 20%-70% (nominal); 30000; [M+H]+,peak_mz:57.7900,extended,True,medium,medium,keep
CF:massbank_MSBNK-ACES_SU-AS000389_63_209,CF,peak_mz,63.209,MassBank record-derived,positive,Steroids and steroid derivatives; Hydroxysteroids; 21-hydroxysteroids,medium,1,observed,Betamethasone; LC-ESI-QFT; MS2; Ramp 20%-70% (nominal); 30000; [M+H]+,peak_mz:63.2100,extended,True,medium,medium,keep
CF:massbank_MSBNK-ACES_SU-AS000390_63_9852,CF,peak_mz,63.9852,MassBank record-derived,positive,"Thiadiazines; Benzothiadiazines; 1,2,4-benzothiadiazine-1,1-dioxides",medium,1,observed,Bendroflumethiazide; LC-ESI-QFT; MS2; Ramp 20%-70% (nominal); 30000; [M+H]+,peak_mz:63.9850,extended,True,medium,medium,keep
CF:massbank_MSBNK-ACES_SU-AS000390_77_0383,CF,peak_mz,77.0383,MassBank record-derived,positive,"Thiadiazines; Benzothiadiazines; 1,2,4-benzothiadiazine-1,1-dioxides",medium,1,observed,Bendroflumethiazide; LC-ESI-QFT; MS2; Ramp 20%-70% (nominal); 30000; [M+H]+,peak_mz:77.0400,extended,True,medium,medium,keep
CF:massbank_MSBNK-ACES_SU-AS000391_56_0132,CF,peak_mz,56.0132,MassBank record-derived,positive,Lactams; Beta lactams; Cephems,medium,1,observed,Cefixime; LC-ESI-QFT; MS2; Ramp 20%-70% (nominal); 30000; [M+H]+,peak_mz:56.0150,extended,True,medium,medium,keep
NL:massbank_MSBNK-ACES_SU-AS000392,NL,mass_diff,1.0056,MassBank record-derived,positive,"Carboxylic acids and derivatives; Amino acids, peptides, and analogues; Amino acids and derivatives",medium,1,observed,Methotrexate; LC-ESI-QFT; MS2; Ramp 20%-70% (nominal); 30000; [M+H]+,mass_diff:1.0050,extended,True,medium,medium,keep
CF:massbank_MSBNK-ACES_SU-AS000392_73_1815,CF,peak_mz,73.1815,MassBank record-derived,positive,"Carboxylic acids and derivatives; Amino acids, peptides, and analogues; Amino acids and derivatives",medium,1,observed,Methotrexate; LC-ESI-QFT; MS2; Ramp 20%-70% (nominal); 30000; [M+H]+,peak_mz:73.1800,extended,True,medium,medium,keep
CF:massbank_MSBNK-ACES_SU-AS000392_95_8555,CF,peak_mz,95.8555,MassBank record-derived,positive,"Carboxylic acids and derivatives; Amino acids, peptides, and analogues; Amino acids and derivatives",medium,1,observed,Methotrexate; LC-ESI-QFT; MS2; Ramp 20%-70% (nominal); 30000; [M+H]+,peak_mz:95.8550,extended,True,medium,medium,keep
CF:massbank_MSBNK-ACES_SU-AS000392_106_0649,CF,peak_mz,106.0649,MassBank record-derived,positive,"Carboxylic acids and derivatives; Amino acids, peptides, and analogues; Amino acids and derivatives",medium,1,observed,Methotrexate; LC-ESI-QFT; MS2; Ramp 20%-70% (nominal); 30000; [M+H]+,peak_mz:106.0650,extended,True,medium,medium,keep
CF:massbank_MSBNK-ACES_SU-AS000393_56_7852,CF,peak_mz,56.7852,MassBank record-derived,positive,Benzene and substituted derivatives; Diphenylmethanes; Diphenylmethanes,medium,1,observed,Fluspirilen; LC-ESI-QFT; MS2; Ramp 20%-70% (nominal); 30000; [M+H]+,peak_mz:56.7850,extended,True,medium,medium,keep
CF:massbank_MSBNK-ACES_SU-AS000393_66_0081,CF,peak_mz,66.0081,MassBank record-derived,positive,Benzene and substituted derivatives; Diphenylmethanes; Diphenylmethanes,medium,1,observed,Fluspirilen; LC-ESI-QFT; MS2; Ramp 20%-70% (nominal); 30000; [M+H]+,peak_mz:66.0100,extended,True,medium,medium,keep
CF:massbank_MSBNK-ACES_SU-AS000394_58_295,CF,peak_mz,58.295,MassBank record-derived,positive,Pyridines and derivatives; Hydropyridines; Dihydropyridines,medium,1,observed,Cilnidipine; LC-ESI-QFT; MS2; Ramp 20%-70% (nominal); 30000; [M+H]+,peak_mz:58.2950,extended,True,medium,medium,keep
CF:massbank_MSBNK-ACES_SU-AS000394_61_584,CF,peak_mz,61.584,MassBank record-derived,positive,Pyridines and derivatives; Hydropyridines; Dihydropyridines,medium,1,observed,Cilnidipine; LC-ESI-QFT; MS2; Ramp 20%-70% (nominal); 30000; [M+H]+,peak_mz:61.5850,extended,True,medium,medium,keep
CF:massbank_MSBNK-ACES_SU-AS000394_64_0904,CF,peak_mz,64.0904,MassBank record-derived,positive,Pyridines and derivatives; Hydropyridines; Dihydropyridines,medium,1,observed,Cilnidipine; LC-ESI-QFT; MS2; Ramp 20%-70% (nominal); 30000; [M+H]+,peak_mz:64.0900,extended,True,medium,medium,keep
CF:massbank_MSBNK-ACES_SU-AS000395_53_04,CF,peak_mz,53.04,MassBank record-derived,positive,"Isoquinolines and derivatives; 1,3-isoquinolinediones; 1,3-isoquinolinediones",medium,1,observed,Gliquidone; LC-ESI-QFT; MS2; Ramp 20%-70% (nominal); 30000; [M+H]+,peak_mz:53.0400,extended,True,medium,medium,keep
CF:massbank_MSBNK-ACES_SU-AS000395_59_4582,CF,peak_mz,59.4582,MassBank record-derived,positive,"Isoquinolines and derivatives; 1,3-isoquinolinediones; 1,3-isoquinolinediones",medium,1,observed,Gliquidone; LC-ESI-QFT; MS2; Ramp 20%-70% (nominal); 30000; [M+H]+,peak_mz:59.4600,extended,True,medium,medium,keep
CF:massbank_MSBNK-ACES_SU-AS000396_59_7255,CF,peak_mz,59.7255,MassBank record-derived,positive,Quinolines and derivatives; Quinoline carboxamides; Quinoline carboxamides,medium,1,observed,Saquinavir; LC-ESI-QFT; MS2; Ramp 20%-70% (nominal); 30000; [M+H]+,peak_mz:59.7250,extended,True,medium,medium,keep
CF:massbank_MSBNK-ACES_SU-AS000396_82_1996,CF,peak_mz,82.1996,MassBank record-derived,positive,Quinolines and derivatives; Quinoline carboxamides; Quinoline carboxamides,medium,1,observed,Saquinavir; LC-ESI-QFT; MS2; Ramp 20%-70% (nominal); 30000; [M+H]+,peak_mz:82.2000,extended,True,medium,medium,keep
NL:massbank_MSBNK-ACES_SU-AS000397,NL,mass_diff,1.0054,MassBank record-derived,positive,Macrolactams; None; Macrolactams,medium,1,observed,Rifapentine; LC-ESI-QFT; MS2; Ramp 20%-70% (nominal); 30000; [M+H]+,mass_diff:1.0050,extended,True,medium,medium,keep
CF:massbank_MSBNK-ACES_SU-AS000397_57_1237,CF,peak_mz,57.1237,MassBank record-derived,positive,Macrolactams; None; Macrolactams,medium,1,observed,Rifapentine; LC-ESI-QFT; MS2; Ramp 20%-70% (nominal); 30000; [M+H]+,peak_mz:57.1250,extended,True,medium,medium,keep
CF:massbank_MSBNK-ACES_SU-AS000397_64_0483,CF,peak_mz,64.0483,MassBank record-derived,positive,Macrolactams; None; Macrolactams,medium,1,observed,Rifapentine; LC-ESI-QFT; MS2; Ramp 20%-70% (nominal); 30000; [M+H]+,peak_mz:64.0500,extended,True,medium,medium,keep
CF:massbank_MSBNK-ACES_SU-AS000398_60_0244,CF,peak_mz,60.0244,MassBank record-derived,positive,Diazines; Pyrimidines and pyrimidine derivatives; Halopyrimidines,medium,1,observed,Flucytosine; LC-ESI-QFT; MS2; Ramp 20%-70% (nominal); 30000; [M+H]+,peak_mz:60.0250,extended,True,medium,medium,keep
CF:massbank_MSBNK-ACES_SU-AS000398_76_9982,CF,peak_mz,76.9982,MassBank record-derived,positive,Diazines; Pyrimidines and pyrimidine derivatives; Halopyrimidines,medium,1,observed,Flucytosine; LC-ESI-QFT; MS2; Ramp 20%-70% (nominal); 30000; [M+H]+,peak_mz:77.0000,extended,True,medium,medium,keep
CF:massbank_MSBNK-ACES_SU-AS000399_60_6914,CF,peak_mz,60.6914,MassBank record-derived,positive,Pyridines and derivatives; None; Pyridines and derivatives,medium,1,observed,Ethionamide; LC-ESI-QFT; MS2; Ramp 20%-70% (nominal); 30000; [M+H]+,peak_mz:60.6900,extended,True,medium,medium,keep
CF:massbank_MSBNK-ACES_SU-AS000399_96_694,CF,peak_mz,96.694,MassBank record-derived,positive,Pyridines and derivatives; None; Pyridines and derivatives,medium,1,observed,Ethionamide; LC-ESI-QFT; MS2; Ramp 20%-70% (nominal); 30000; [M+H]+,peak_mz:96.6950,extended,True,medium,medium,keep
CF:massbank_MSBNK-ACES_SU-AS000399_100_7772,CF,peak_mz,100.7772,MassBank record-derived,positive,Pyridines and derivatives; None; Pyridines and derivatives,medium,1,observed,Ethionamide; LC-ESI-QFT; MS2; Ramp 20%-70% (nominal); 30000; [M+H]+,peak_mz:100.7750,extended,True,medium,medium,keep
CF:massbank_MSBNK-ACES_SU-AS000400_56_021,CF,peak_mz,56.021,MassBank record-derived,positive,"Carboxylic acids and derivatives; Amino acids, peptides, and analogues; Amino acids and derivatives",medium,1,observed,Gabapentin; LC-ESI-QFT; MS2; Ramp 20%-70% (nominal); 30000; [M+H]+,peak_mz:56.0200,extended,True,medium,medium,keep
CF:massbank_MSBNK-ACES_SU-AS000401_56_0369,CF,peak_mz,56.0369,MassBank record-derived,positive,Azoles; Imidazoles; Substituted imidazoles,medium,1,observed,Secnidazole; LC-ESI-QFT; MS2; Ramp 20%-70% (nominal); 30000; [M+H]+,peak_mz:56.0350,extended,True,medium,medium,keep
CF:massbank_MSBNK-ACES_SU-AS000401_57_0209,CF,peak_mz,57.0209,MassBank record-derived,positive,Azoles; Imidazoles; Substituted imidazoles,medium,1,observed,Secnidazole; LC-ESI-QFT; MS2; Ramp 20%-70% (nominal); 30000; [M+H]+,peak_mz:57.0200,extended,True,medium,medium,keep
CF:massbank_MSBNK-ACES_SU-AS000401_59_0489,CF,peak_mz,59.0489,MassBank record-derived,positive,Azoles; Imidazoles; Substituted imidazoles,medium,1,observed,Secnidazole; LC-ESI-QFT; MS2; Ramp 20%-70% (nominal); 30000; [M+H]+,peak_mz:59.0500,extended,True,medium,medium,keep
NL:massbank_MSBNK-ACES_SU-AS000403,NL,mass_diff,1.0326,MassBank record-derived,positive,"Carboxylic acids and derivatives; Amino acids, peptides, and analogues; Amino acids and derivatives",medium,1,observed,Captopril; LC-ESI-QFT; MS2; Ramp 20%-70% (nominal); 30000; [M+H]+,mass_diff:1.0350,extended,True,medium,medium,keep
CF:massbank_MSBNK-ACES_SU-AS000404_56_5216,CF,peak_mz,56.5216,MassBank record-derived,positive,Naphthalenes; None; Naphthalenes,medium,1,observed,Nabumetone; LC-ESI-QFT; MS2; Ramp 20%-70% (nominal); 30000; [M+H]+,peak_mz:56.5200,extended,True,medium,medium,keep
CF:massbank_MSBNK-ACES_SU-AS000404_78_7033,CF,peak_mz,78.7033,MassBank record-derived,positive,Naphthalenes; None; Naphthalenes,medium,1,observed,Nabumetone; LC-ESI-QFT; MS2; Ramp 20%-70% (nominal); 30000; [M+H]+,peak_mz:78.7050,extended,True,medium,medium,keep
CF:massbank_MSBNK-ACES_SU-AS000404_97_7904,CF,peak_mz,97.7904,MassBank record-derived,positive,Naphthalenes; None; Naphthalenes,medium,1,observed,Nabumetone; LC-ESI-QFT; MS2; Ramp 20%-70% (nominal); 30000; [M+H]+,peak_mz:97.7900,extended,True,medium,medium,keep
CF:massbank_MSBNK-ACES_SU-AS000405_52_1348,CF,peak_mz,52.1348,MassBank record-derived,positive,Azolidines; Imidazolidines; Imidazolidinones,medium,1,observed,Nitrofurantoin; LC-ESI-QFT; MS2; Ramp 20%-70% (nominal); 30000; [M+H]+,peak_mz:52.1350,extended,True,medium,medium,keep
CF:massbank_MSBNK-ACES_SU-AS000405_54_1632,CF,peak_mz,54.1632,MassBank record-derived,positive,Azolidines; Imidazolidines; Imidazolidinones,medium,1,observed,Nitrofurantoin; LC-ESI-QFT; MS2; Ramp 20%-70% (nominal); 30000; [M+H]+,peak_mz:54.1650,extended,True,medium,medium,keep
CF:massbank_MSBNK-ACES_SU-AS000406_55_2457,CF,peak_mz,55.2457,MassBank record-derived,positive,Pyridines and derivatives; Pheniramines; Pheniramines,medium,1,observed,Pheniramine; LC-ESI-QFT; MS2; Ramp 20%-70% (nominal); 30000; [M+H]+,peak_mz:55.2450,extended,True,medium,medium,keep
CF:massbank_MSBNK-ACES_SU-AS000406_118_0652,CF,peak_mz,118.0652,MassBank record-derived,positive,Pyridines and derivatives; Pheniramines; Pheniramines,medium,1,observed,Pheniramine; LC-ESI-QFT; MS2; Ramp 20%-70% (nominal); 30000; [M+H]+,peak_mz:118.0650,extended,True,medium,medium,keep
CF:massbank_MSBNK-ACES_SU-AS000407_66_4396,CF,peak_mz,66.4396,MassBank record-derived,positive,Azoles; Imidazoles; Substituted imidazoles,medium,1,observed,Etomidate; LC-ESI-QFT; MS2; Ramp 20%-70% (nominal); 30000; [M+H]+,peak_mz:66.4400,extended,True,medium,medium,keep
CF:massbank_MSBNK-ACES_SU-AS000407_79_0544,CF,peak_mz,79.0544,MassBank record-derived,positive,Azoles; Imidazoles; Substituted imidazoles,medium,1,observed,Etomidate; LC-ESI-QFT; MS2; Ramp 20%-70% (nominal); 30000; [M+H]+,peak_mz:79.0550,extended,True,medium,medium,keep
CF:massbank_MSBNK-ACES_SU-AS000407_84_1697,CF,peak_mz,84.1697,MassBank record-derived,positive,Azoles; Imidazoles; Substituted imidazoles,medium,1,observed,Etomidate; LC-ESI-QFT; MS2; Ramp 20%-70% (nominal); 30000; [M+H]+,peak_mz:84.1700,extended,True,medium,medium,keep
CF:massbank_MSBNK-ACES_SU-AS000408_51_0333,CF,peak_mz,51.0333,MassBank record-derived,positive,Benzothiadiazoles; None; Benzothiadiazoles,medium,1,observed,Tizanidine; LC-ESI-QFT; MS2; Ramp 20%-70% (nominal); 30000; [M+H]+,peak_mz:51.0350,extended,True,medium,medium,keep
CF:massbank_MSBNK-ACES_SU-AS000408_59_0604,CF,peak_mz,59.0604,MassBank record-derived,positive,Benzothiadiazoles; None; Benzothiadiazoles,medium,1,observed,Tizanidine; LC-ESI-QFT; MS2; Ramp 20%-70% (nominal); 30000; [M+H]+,peak_mz:59.0600,extended,True,medium,medium,keep
CF:massbank_MSBNK-ACES_SU-AS000408_64_5172,CF,peak_mz,64.5172,MassBank record-derived,positive,Benzothiadiazoles; None; Benzothiadiazoles,medium,1,observed,Tizanidine; LC-ESI-QFT; MS2; Ramp 20%-70% (nominal); 30000; [M+H]+,peak_mz:64.5150,extended,True,medium,medium,keep
CF:massbank_MSBNK-ACES_SU-AS000409_55_6576,CF,peak_mz,55.6576,MassBank record-derived,positive,Pteridines and derivatives; None; Pteridines and derivatives,medium,1,observed,Triamterene; LC-ESI-QFT; MS2; Ramp 20%-70% (nominal); 30000; [M+H]+,peak_mz:55.6600,extended,True,medium,medium,keep
CF:massbank_MSBNK-ACES_SU-AS000409_60_6208,CF,peak_mz,60.6208,MassBank record-derived,positive,Pteridines and derivatives; None; Pteridines and derivatives,medium,1,observed,Triamterene; LC-ESI-QFT; MS2; Ramp 20%-70% (nominal); 30000; [M+H]+,peak_mz:60.6200,extended,True,medium,medium,keep
CF:massbank_MSBNK-ACES_SU-AS000409_68_4792,CF,peak_mz,68.4792,MassBank record-derived,positive,Pteridines and derivatives; None; Pteridines and derivatives,medium,1,observed,Triamterene; LC-ESI-QFT; MS2; Ramp 20%-70% (nominal); 30000; [M+H]+,peak_mz:68.4800,extended,True,medium,medium,keep
CF:massbank_MSBNK-ACES_SU-AS000410_77_0384,CF,peak_mz,77.0384,MassBank record-derived,positive,Benzene and substituted derivatives; Benzophenones; Benzophenones,medium,1,observed,Ketoprofen; LC-ESI-QFT; MS2; Ramp 20%-70% (nominal); 30000; [M+H]+,peak_mz:77.0400,extended,True,medium,medium,keep
CF:massbank_MSBNK-ACES_SU-AS000410_82_6121,CF,peak_mz,82.6121,MassBank record-derived,positive,Benzene and substituted derivatives; Benzophenones; Benzophenones,medium,1,observed,Ketoprofen; LC-ESI-QFT; MS2; Ramp 20%-70% (nominal); 30000; [M+H]+,peak_mz:82.6100,extended,True,medium,medium,keep
CF:massbank_MSBNK-ACES_SU-AS000411_57_3282,CF,peak_mz,57.3282,MassBank record-derived,positive,Benzene and substituted derivatives; Halobenzenes; Chlorobenzenes,medium,1,observed,Irsogladine; LC-ESI-QFT; MS2; Ramp 20%-70% (nominal); 30000; [M+H]+,peak_mz:57.3300,extended,True,medium,medium,keep
CF:massbank_MSBNK-ACES_SU-AS000411_57_8776,CF,peak_mz,57.8776,MassBank record-derived,positive,Benzene and substituted derivatives; Halobenzenes; Chlorobenzenes,medium,1,observed,Irsogladine; LC-ESI-QFT; MS2; Ramp 20%-70% (nominal); 30000; [M+H]+,peak_mz:57.8800,extended,True,medium,medium,keep
CF:massbank_MSBNK-ACES_SU-AS000411_62_8361,CF,peak_mz,62.8361,MassBank record-derived,positive,Benzene and substituted derivatives; Halobenzenes; Chlorobenzenes,medium,1,observed,Irsogladine; LC-ESI-QFT; MS2; Ramp 20%-70% (nominal); 30000; [M+H]+,peak_mz:62.8350,extended,True,medium,medium,keep
CF:massbank_MSBNK-ACES_SU-AS000412_50_4457,CF,peak_mz,50.4457,MassBank record-derived,positive,Benzopyrans; 1-benzopyrans; Chromones,medium,1,observed,Khellin; LC-ESI-QFT; MS2; Ramp 20%-70% (nominal); 30000; [M+H]+,peak_mz:50.4450,extended,True,medium,medium,keep
CF:massbank_MSBNK-ACES_SU-AS000412_52_6018,CF,peak_mz,52.6018,MassBank record-derived,positive,Benzopyrans; 1-benzopyrans; Chromones,medium,1,observed,Khellin; LC-ESI-QFT; MS2; Ramp 20%-70% (nominal); 30000; [M+H]+,peak_mz:52.6000,extended,True,medium,medium,keep
CF:massbank_MSBNK-ACES_SU-AS000412_74_7316,CF,peak_mz,74.7316,MassBank record-derived,positive,Benzopyrans; 1-benzopyrans; Chromones,medium,1,observed,Khellin; LC-ESI-QFT; MS2; Ramp 20%-70% (nominal); 30000; [M+H]+,peak_mz:74.7300,extended,True,medium,medium,keep
CF:massbank_MSBNK-ACES_SU-AS000413_51_3267,CF,peak_mz,51.3267,MassBank record-derived,positive,Benzimidazoles; 2-benzimidazolylcarbamic acid esters; 2-benzimidazolylcarbamic acid esters,medium,1,observed,Albendazole; LC-ESI-QFT; MS2; Ramp 20%-70% (nominal); 30000; [M+H]+,peak_mz:51.3250,extended,True,medium,medium,keep
CF:massbank_MSBNK-ACES_SU-AS000413_52_4662,CF,peak_mz,52.4662,MassBank record-derived,positive,Benzimidazoles; 2-benzimidazolylcarbamic acid esters; 2-benzimidazolylcarbamic acid esters,medium,1,observed,Albendazole; LC-ESI-QFT; MS2; Ramp 20%-70% (nominal); 30000; [M+H]+,peak_mz:52.4650,extended,True,medium,medium,keep
CF:massbank_MSBNK-ACES_SU-AS000413_65_8946,CF,peak_mz,65.8946,MassBank record-derived,positive,Benzimidazoles; 2-benzimidazolylcarbamic acid esters; 2-benzimidazolylcarbamic acid esters,medium,1,observed,Albendazole; LC-ESI-QFT; MS2; Ramp 20%-70% (nominal); 30000; [M+H]+,peak_mz:65.8950,extended,True,medium,medium,keep
CF:massbank_MSBNK-ACES_SU-AS000414_69_0184,CF,peak_mz,69.0184,MassBank record-derived,positive,Benzene and substituted derivatives; Diphenylmethanes; Diphenylmethanes,medium,1,observed,Orphenadrine; LC-ESI-QFT; MS2; Ramp 20%-70% (nominal); 30000; [M+H]+,peak_mz:69.0200,extended,True,medium,medium,keep
CF:massbank_MSBNK-ACES_SU-AS000414_81_2638,CF,peak_mz,81.2638,MassBank record-derived,positive,Benzene and substituted derivatives; Diphenylmethanes; Diphenylmethanes,medium,1,observed,Orphenadrine; LC-ESI-QFT; MS2; Ramp 20%-70% (nominal); 30000; [M+H]+,peak_mz:81.2650,extended,True,medium,medium,keep
CF:massbank_MSBNK-ACES_SU-AS000414_86_6645,CF,peak_mz,86.6645,MassBank record-derived,positive,Benzene and substituted derivatives; Diphenylmethanes; Diphenylmethanes,medium,1,observed,Orphenadrine; LC-ESI-QFT; MS2; Ramp 20%-70% (nominal); 30000; [M+H]+,peak_mz:86.6650,extended,True,medium,medium,keep
CF:massbank_MSBNK-ACES_SU-AS000415_57_9744,CF,peak_mz,57.9744,MassBank record-derived,positive,Thioethers; Aryl thioethers; Diarylthioethers,medium,1,observed,Azathioprine; LC-ESI-QFT; MS2; Ramp 20%-70% (nominal); 30000; [M+H]+,peak_mz:57.9750,extended,True,medium,medium,keep
CF:massbank_MSBNK-ACES_SU-AS000415_58_0288,CF,peak_mz,58.0288,MassBank record-derived,positive,Thioethers; Aryl thioethers; Diarylthioethers,medium,1,observed,Azathioprine; LC-ESI-QFT; MS2; Ramp 20%-70% (nominal); 30000; [M+H]+,peak_mz:58.0300,extended,True,medium,medium,keep
CF:massbank_MSBNK-ACES_SU-AS000415_62_4199,CF,peak_mz,62.4199,MassBank record-derived,positive,Thioethers; Aryl thioethers; Diarylthioethers,medium,1,observed,Azathioprine; LC-ESI-QFT; MS2; Ramp 20%-70% (nominal); 30000; [M+H]+,peak_mz:62.4200,extended,True,medium,medium,keep
CF:massbank_MSBNK-ACES_SU-AS000416_61_9546,CF,peak_mz,61.9546,MassBank record-derived,positive,Anthracenes; None; Anthracenes,medium,1,observed,Maprotiline; LC-ESI-QFT; MS2; Ramp 20%-70% (nominal); 30000; [M+H]+,peak_mz:61.9550,extended,True,medium,medium,keep
CF:massbank_MSBNK-ACES_SU-AS000416_72_0807,CF,peak_mz,72.0807,MassBank record-derived,positive,Anthracenes; None; Anthracenes,medium,1,observed,Maprotiline; LC-ESI-QFT; MS2; Ramp 20%-70% (nominal); 30000; [M+H]+,peak_mz:72.0800,extended,True,medium,medium,keep
CF:massbank_MSBNK-ACES_SU-AS000417_52_0842,CF,peak_mz,52.0842,MassBank record-derived,positive,Benzene and substituted derivatives; Benzoic acids and derivatives; Aminobenzoic acids and derivatives,medium,1,observed,Flufenamic acid; LC-ESI-QFT; MS2; Ramp 20%-70% (nominal); 30000; [M+H]+,peak_mz:52.0850,extended,True,medium,medium,keep
CF:massbank_MSBNK-ACES_SU-AS000417_55_7754,CF,peak_mz,55.7754,MassBank record-derived,positive,Benzene and substituted derivatives; Benzoic acids and derivatives; Aminobenzoic acids and derivatives,medium,1,observed,Flufenamic acid; LC-ESI-QFT; MS2; Ramp 20%-70% (nominal); 30000; [M+H]+,peak_mz:55.7750,extended,True,medium,medium,keep
CF:massbank_MSBNK-ACES_SU-AS000417_66_7269,CF,peak_mz,66.7269,MassBank record-derived,positive,Benzene and substituted derivatives; Benzoic acids and derivatives; Aminobenzoic acids and derivatives,medium,1,observed,Flufenamic acid; LC-ESI-QFT; MS2; Ramp 20%-70% (nominal); 30000; [M+H]+,peak_mz:66.7250,extended,True,medium,medium,keep
CF:massbank_MSBNK-ACES_SU-AS000418_51_5399,CF,peak_mz,51.5399,MassBank record-derived,positive,Phenylpropanoic acids; None; Phenylpropanoic acids,medium,1,observed,Indoprofen; LC-ESI-QFT; MS2; Ramp 20%-70% (nominal); 30000; [M+H]+,peak_mz:51.5400,extended,True,medium,medium,keep
CF:massbank_MSBNK-ACES_SU-AS000418_51_7788,CF,peak_mz,51.7788,MassBank record-derived,positive,Phenylpropanoic acids; None; Phenylpropanoic acids,medium,1,observed,Indoprofen; LC-ESI-QFT; MS2; Ramp 20%-70% (nominal); 30000; [M+H]+,peak_mz:51.7800,extended,True,medium,medium,keep
CF:massbank_MSBNK-ACES_SU-AS000418_54_1419,CF,peak_mz,54.1419,MassBank record-derived,positive,Phenylpropanoic acids; None; Phenylpropanoic acids,medium,1,observed,Indoprofen; LC-ESI-QFT; MS2; Ramp 20%-70% (nominal); 30000; [M+H]+,peak_mz:54.1400,extended,True,medium,medium,keep
CF:massbank_MSBNK-ACES_SU-AS000419_50_4506,CF,peak_mz,50.4506,MassBank record-derived,positive,Azoles; Imidazoles; Substituted imidazoles,medium,1,observed,Sulmazole; LC-ESI-QFT; MS2; Ramp 20%-70% (nominal); 30000; [M+H]+,peak_mz:50.4500,extended,True,medium,medium,keep
CF:massbank_MSBNK-ACES_SU-AS000419_63_3383,CF,peak_mz,63.3383,MassBank record-derived,positive,Azoles; Imidazoles; Substituted imidazoles,medium,1,observed,Sulmazole; LC-ESI-QFT; MS2; Ramp 20%-70% (nominal); 30000; [M+H]+,peak_mz:63.3400,extended,True,medium,medium,keep
CF:massbank_MSBNK-ACES_SU-AS000419_70_8054,CF,peak_mz,70.8054,MassBank record-derived,positive,Azoles; Imidazoles; Substituted imidazoles,medium,1,observed,Sulmazole; LC-ESI-QFT; MS2; Ramp 20%-70% (nominal); 30000; [M+H]+,peak_mz:70.8050,extended,True,medium,medium,keep
CF:massbank_MSBNK-ACES_SU-AS000420_57_8222,CF,peak_mz,57.8222,MassBank record-derived,positive,Benzene and substituted derivatives; Phenylpropanes; Phenylpropanes,medium,1,observed,Anastrozole; LC-ESI-QFT; MS2; Ramp 20%-70% (nominal); 30000; [M+H]+,peak_mz:57.8200,extended,True,medium,medium,keep
CF:massbank_MSBNK-ACES_SU-AS000420_67_182,CF,peak_mz,67.182,MassBank record-derived,positive,Benzene and substituted derivatives; Phenylpropanes; Phenylpropanes,medium,1,observed,Anastrozole; LC-ESI-QFT; MS2; Ramp 20%-70% (nominal); 30000; [M+H]+,peak_mz:67.1800,extended,True,medium,medium,keep
CF:massbank_MSBNK-ACES_SU-AS000420_85_0333,CF,peak_mz,85.0333,MassBank record-derived,positive,Benzene and substituted derivatives; Phenylpropanes; Phenylpropanes,medium,1,observed,Anastrozole; LC-ESI-QFT; MS2; Ramp 20%-70% (nominal); 30000; [M+H]+,peak_mz:85.0350,extended,True,medium,medium,keep
CF:massbank_MSBNK-ACES_SU-AS000421_67_0539,CF,peak_mz,67.0539,MassBank record-derived,positive,"Steroids and steroid derivatives; Pregnane steroids; Gluco/mineralocorticoids, progestogins and derivatives",medium,1,observed,Dydrogesterone; LC-ESI-QFT; MS2; Ramp 20%-70% (nominal); 30000; [M+H]+,peak_mz:67.0550,extended,True,medium,medium,keep
CF:massbank_MSBNK-ACES_SU-AS000422_81_0164,CF,peak_mz,81.0164,MassBank record-derived,positive,Benzene and substituted derivatives; Diphenylmethanes; Diphenylmethanes,medium,1,observed,Homochlorcyclizine; LC-ESI-QFT; MS2; Ramp 20%-70% (nominal); 30000; [M+Na]+,peak_mz:81.0150,extended,True,medium,medium,keep
CF:massbank_MSBNK-ACES_SU-AS000422_92_4766,CF,peak_mz,92.4766,MassBank record-derived,positive,Benzene and substituted derivatives; Diphenylmethanes; Diphenylmethanes,medium,1,observed,Homochlorcyclizine; LC-ESI-QFT; MS2; Ramp 20%-70% (nominal); 30000; [M+Na]+,peak_mz:92.4750,extended,True,medium,medium,keep
CF:massbank_MSBNK-ACES_SU-AS000422_113_1075,CF,peak_mz,113.1075,MassBank record-derived,positive,Benzene and substituted derivatives; Diphenylmethanes; Diphenylmethanes,medium,1,observed,Homochlorcyclizine; LC-ESI-QFT; MS2; Ramp 20%-70% (nominal); 30000; [M+Na]+,peak_mz:113.1100,extended,True,medium,medium,keep
CF:massbank_MSBNK-ACES_SU-AS000424_51_8921,CF,peak_mz,51.8921,MassBank record-derived,positive,Benzene and substituted derivatives; Benzoic acids and derivatives; Benzoic acid esters,medium,1,observed,Gabexate; LC-ESI-QFT; MS2; Ramp 20%-70% (nominal); 30000; [M+H]+,peak_mz:51.8900,extended,True,medium,medium,keep
CF:massbank_MSBNK-ACES_SU-AS000425_109_0443,CF,peak_mz,109.0443,MassBank record-derived,positive,Benzene and substituted derivatives; Phenylbutylamines; Phenylbutylamines,medium,1,observed,Citalopram; LC-ESI-QFT; MS2; Ramp 20%-70% (nominal); 30000; [M+H]+,peak_mz:109.0450,extended,True,medium,medium,keep
CF:massbank_MSBNK-ACES_SU-AS000426_56_2525,CF,peak_mz,56.2525,MassBank record-derived,positive,Lactams; Beta lactams; Penams,medium,1,observed,Ampicillin; LC-ESI-QFT; MS2; Ramp 20%-70% (nominal); 30000; [M+H]+,peak_mz:56.2500,extended,True,medium,medium,keep
CF:massbank_MSBNK-ACES_SU-AS000426_68_0129,CF,peak_mz,68.0129,MassBank record-derived,positive,Lactams; Beta lactams; Penams,medium,1,observed,Ampicillin; LC-ESI-QFT; MS2; Ramp 20%-70% (nominal); 30000; [M+H]+,peak_mz:68.0150,extended,True,medium,medium,keep
CF:massbank_MSBNK-ACES_SU-AS000427_62_837,CF,peak_mz,62.837,MassBank record-derived,positive,Quinolines and derivatives; Quinoline carboxylic acids; Quinoline carboxylic acids,medium,1,observed,Lomefloxacin; LC-ESI-QFT; MS2; Ramp 20%-70% (nominal); 30000; [M+H]+,peak_mz:62.8350,extended,True,medium,medium,keep
CF:massbank_MSBNK-ACES_SU-AS000428_52_4811,CF,peak_mz,52.4811,MassBank record-derived,positive,Benzene and substituted derivatives; Benzoic acids and derivatives; Benzamides,medium,1,observed,Rebamipide; LC-ESI-QFT; MS2; Ramp 20%-70% (nominal); 30000; [M+H]+,peak_mz:52.4800,extended,True,medium,medium,keep
CF:massbank_MSBNK-ACES_SU-AS000428_79_3934,CF,peak_mz,79.3934,MassBank record-derived,positive,Benzene and substituted derivatives; Benzoic acids and derivatives; Benzamides,medium,1,observed,Rebamipide; LC-ESI-QFT; MS2; Ramp 20%-70% (nominal); 30000; [M+H]+,peak_mz:79.3950,extended,True,medium,medium,keep
CF:massbank_MSBNK-ACES_SU-AS000429_53_8946,CF,peak_mz,53.8946,MassBank record-derived,positive,Benzodiazepines; None; Benzodiazepines,medium,1,observed,Telenzepine; LC-ESI-QFT; MS2; Ramp 20%-70% (nominal); 30000; [M+H]+,peak_mz:53.8950,extended,True,medium,medium,keep
CF:massbank_MSBNK-ACES_SU-AS000430_50_7897,CF,peak_mz,50.7897,MassBank record-derived,positive,Organooxygen compounds; Carbonyl compounds; Ketones,medium,1,observed,Haloperidol; LC-ESI-QFT; MS2; Ramp 20%-70% (nominal); 30000; [M+H]+,peak_mz:50.7900,extended,True,medium,medium,keep
CF:massbank_MSBNK-ACES_SU-AS000430_69_9985,CF,peak_mz,69.9985,MassBank record-derived,positive,Organooxygen compounds; Carbonyl compounds; Ketones,medium,1,observed,Haloperidol; LC-ESI-QFT; MS2; Ramp 20%-70% (nominal); 30000; [M+H]+,peak_mz:70.0000,extended,True,medium,medium,keep
CF:massbank_MSBNK-ACES_SU-AS000430_72_9091,CF,peak_mz,72.9091,MassBank record-derived,positive,Organooxygen compounds; Carbonyl compounds; Ketones,medium,1,observed,Haloperidol; LC-ESI-QFT; MS2; Ramp 20%-70% (nominal); 30000; [M+H]+,peak_mz:72.9100,extended,True,medium,medium,keep
CF:massbank_MSBNK-ACES_SU-AS000431_52_9786,CF,peak_mz,52.9786,MassBank record-derived,positive,Azoles; Pyrazoles; Phenylpyrazoles,medium,1,observed,Famprofazone; LC-ESI-QFT; MS2; Ramp 20%-70% (nominal); 30000; [M+H]+,peak_mz:52.9800,extended,True,medium,medium,keep
CF:massbank_MSBNK-ACES_SU-AS000431_56_0686,CF,peak_mz,56.0686,MassBank record-derived,positive,Azoles; Pyrazoles; Phenylpyrazoles,medium,1,observed,Famprofazone; LC-ESI-QFT; MS2; Ramp 20%-70% (nominal); 30000; [M+H]+,peak_mz:56.0700,extended,True,medium,medium,keep
CF:massbank_MSBNK-ACES_SU-AS000432_50_2232,CF,peak_mz,50.2232,MassBank record-derived,positive,Benzene and substituted derivatives; Diphenylmethanes; Diphenylmethanes,medium,1,observed,Ambrisentan; LC-ESI-QFT; MS2; Ramp 20%-70% (nominal); 30000; [M+H]+,peak_mz:50.2250,extended,True,medium,medium,keep
CF:massbank_MSBNK-ACES_SU-AS000432_51_0545,CF,peak_mz,51.0545,MassBank record-derived,positive,Benzene and substituted derivatives; Diphenylmethanes; Diphenylmethanes,medium,1,observed,Ambrisentan; LC-ESI-QFT; MS2; Ramp 20%-70% (nominal); 30000; [M+H]+,peak_mz:51.0550,extended,True,medium,medium,keep
CF:massbank_MSBNK-ACES_SU-AS000432_55_0136,CF,peak_mz,55.0136,MassBank record-derived,positive,Benzene and substituted derivatives; Diphenylmethanes; Diphenylmethanes,medium,1,observed,Ambrisentan; LC-ESI-QFT; MS2; Ramp 20%-70% (nominal); 30000; [M+H]+,peak_mz:55.0150,extended,True,medium,medium,keep
CF:massbank_MSBNK-ACES_SU-AS000433_54_3659,CF,peak_mz,54.3659,MassBank record-derived,positive,Pyridopyrimidines; None; Pyridopyrimidines,medium,1,observed,Risperidone; LC-ESI-QFT; MS2; Ramp 20%-70% (nominal); 30000; [M+H]+,peak_mz:54.3650,extended,True,medium,medium,keep
CF:massbank_MSBNK-ACES_SU-AS000433_55_4687,CF,peak_mz,55.4687,MassBank record-derived,positive,Pyridopyrimidines; None; Pyridopyrimidines,medium,1,observed,Risperidone; LC-ESI-QFT; MS2; Ramp 20%-70% (nominal); 30000; [M+H]+,peak_mz:55.4700,extended,True,medium,medium,keep
CF:massbank_MSBNK-ACES_SU-AS000433_60_987,CF,peak_mz,60.987,MassBank record-derived,positive,Pyridopyrimidines; None; Pyridopyrimidines,medium,1,observed,Risperidone; LC-ESI-QFT; MS2; Ramp 20%-70% (nominal); 30000; [M+H]+,peak_mz:60.9850,extended,True,medium,medium,keep
CF:massbank_MSBNK-ACES_SU-AS000434_63_8102,CF,peak_mz,63.8102,MassBank record-derived,positive,Lactams; Beta lactams; Cephems,medium,1,observed,Ceftazidime; LC-ESI-QFT; MS2; Ramp 20%-70% (nominal); 30000; [M+H]+,peak_mz:63.8100,extended,True,medium,medium,keep
CF:massbank_MSBNK-ACES_SU-AS000434_63_9499,CF,peak_mz,63.9499,MassBank record-derived,positive,Lactams; Beta lactams; Cephems,medium,1,observed,Ceftazidime; LC-ESI-QFT; MS2; Ramp 20%-70% (nominal); 30000; [M+H]+,peak_mz:63.9500,extended,True,medium,medium,keep
CF:massbank_MSBNK-ACES_SU-AS000435_66_0461,CF,peak_mz,66.0461,MassBank record-derived,positive,Phenylpropanoic acids; None; Phenylpropanoic acids,medium,1,observed,Iopanoic acid; LC-ESI-QFT; MS2; Ramp 20%-70% (nominal); 30000; [M+H]+,peak_mz:66.0450,extended,True,medium,medium,keep
NL:massbank_MSBNK-ACES_SU-AS000436,NL,mass_diff,1.0047,MassBank record-derived,positive,Ergoline and derivatives; Lysergic acids and derivatives; Ergopeptines,medium,1,observed,Dihydroergotamine; LC-ESI-QFT; MS2; Ramp 20%-70% (nominal); 30000; [2M+H]+,mass_diff:1.0050,extended,True,medium,medium,keep
CF:massbank_MSBNK-ACES_SU-AS000436_68_9723,CF,peak_mz,68.9723,MassBank record-derived,positive,Ergoline and derivatives; Lysergic acids and derivatives; Ergopeptines,medium,1,observed,Dihydroergotamine; LC-ESI-QFT; MS2; Ramp 20%-70% (nominal); 30000; [2M+H]+,peak_mz:68.9700,extended,True,medium,medium,keep
CF:massbank_MSBNK-ACES_SU-AS000437_58_9602,CF,peak_mz,58.9602,MassBank record-derived,positive,Pyridines and derivatives; Methylpyridines; N-methylpyridinium compounds,medium,1,observed,Pralidoxime; LC-ESI-QFT; MS2; Ramp 20%-70% (nominal); 30000; [M]+,peak_mz:58.9600,extended,True,medium,medium,keep
CF:massbank_MSBNK-ACES_SU-AS000437_61_7819,CF,peak_mz,61.7819,MassBank record-derived,positive,Pyridines and derivatives; Methylpyridines; N-methylpyridinium compounds,medium,1,observed,Pralidoxime; LC-ESI-QFT; MS2; Ramp 20%-70% (nominal); 30000; [M]+,peak_mz:61.7800,extended,True,medium,medium,keep
CF:massbank_MSBNK-ACES_SU-AS000437_63_9419,CF,peak_mz,63.9419,MassBank record-derived,positive,Pyridines and derivatives; Methylpyridines; N-methylpyridinium compounds,medium,1,observed,Pralidoxime; LC-ESI-QFT; MS2; Ramp 20%-70% (nominal); 30000; [M]+,peak_mz:63.9400,extended,True,medium,medium,keep
CF:massbank_MSBNK-ACES_SU-AS000438_53_0387,CF,peak_mz,53.0387,MassBank record-derived,positive,Phenols; 1-hydroxy-2-unsubstituted benzenoids; 1-hydroxy-2-unsubstituted benzenoids,medium,1,observed,Acetaminophen; LC-ESI-QFT; MS2; Ramp 20%-70% (nominal); 30000; [M+H]+,peak_mz:53.0400,extended,True,medium,medium,keep
CF:massbank_MSBNK-ACES_SU-AS000438_59_0127,CF,peak_mz,59.0127,MassBank record-derived,positive,Phenols; 1-hydroxy-2-unsubstituted benzenoids; 1-hydroxy-2-unsubstituted benzenoids,medium,1,observed,Acetaminophen; LC-ESI-QFT; MS2; Ramp 20%-70% (nominal); 30000; [M+H]+,peak_mz:59.0150,extended,True,medium,medium,keep
CF:massbank_MSBNK-ACES_SU-AS000440_50_0344,CF,peak_mz,50.0344,MassBank record-derived,positive,Benzene and substituted derivatives; None; Benzene and substituted derivatives,medium,1,observed,Tolazoline; LC-ESI-QFT; MS2; Ramp 20%-70% (nominal); 30000; [M+H]+,peak_mz:50.0350,extended,True,medium,medium,keep
CF:massbank_MSBNK-ACES_SU-AS000440_57_6108,CF,peak_mz,57.6108,MassBank record-derived,positive,Benzene and substituted derivatives; None; Benzene and substituted derivatives,medium,1,observed,Tolazoline; LC-ESI-QFT; MS2; Ramp 20%-70% (nominal); 30000; [M+H]+,peak_mz:57.6100,extended,True,medium,medium,keep
CF:massbank_MSBNK-ACES_SU-AS000440_58_8008,CF,peak_mz,58.8008,MassBank record-derived,positive,Benzene and substituted derivatives; None; Benzene and substituted derivatives,medium,1,observed,Tolazoline; LC-ESI-QFT; MS2; Ramp 20%-70% (nominal); 30000; [M+H]+,peak_mz:58.8000,extended,True,medium,medium,keep
CF:massbank_MSBNK-ACES_SU-AS000441_72_1914,CF,peak_mz,72.1914,MassBank record-derived,positive,Pyridines and derivatives; None; Pyridines and derivatives,medium,1,observed,Prothionamide; LC-ESI-QFT; MS2; Ramp 20%-70% (nominal); 30000; [M+H]+,peak_mz:72.1900,extended,True,medium,medium,keep
CF:massbank_MSBNK-ACES_SU-AS000441_85_2062,CF,peak_mz,85.2062,MassBank record-derived,positive,Pyridines and derivatives; None; Pyridines and derivatives,medium,1,observed,Prothionamide; LC-ESI-QFT; MS2; Ramp 20%-70% (nominal); 30000; [M+H]+,peak_mz:85.2050,extended,True,medium,medium,keep
CF:massbank_MSBNK-ACES_SU-AS000441_88_4214,CF,peak_mz,88.4214,MassBank record-derived,positive,Pyridines and derivatives; None; Pyridines and derivatives,medium,1,observed,Prothionamide; LC-ESI-QFT; MS2; Ramp 20%-70% (nominal); 30000; [M+H]+,peak_mz:88.4200,extended,True,medium,medium,keep
CF:massbank_MSBNK-ACES_SU-AS000442_57_0527,CF,peak_mz,57.0527,MassBank record-derived,positive,Azoles; Pyrazoles; Phenylpyrazoles,medium,1,observed,Ampyrone; LC-ESI-QFT; MS2; Ramp 20%-70% (nominal); 30000; [M+H]+,peak_mz:57.0550,extended,True,medium,medium,keep
CF:massbank_MSBNK-ACES_SU-AS000443_54_5243,CF,peak_mz,54.5243,MassBank record-derived,positive,Organonitrogen compounds; Guanidines; Biguanides,medium,1,observed,Phenformin; LC-ESI-QFT; MS2; Ramp 20%-70% (nominal); 30000; [M+H]+,peak_mz:54.5250,extended,True,medium,medium,keep
CF:massbank_MSBNK-ACES_SU-AS000443_58_255,CF,peak_mz,58.255,MassBank record-derived,positive,Organonitrogen compounds; Guanidines; Biguanides,medium,1,observed,Phenformin; LC-ESI-QFT; MS2; Ramp 20%-70% (nominal); 30000; [M+H]+,peak_mz:58.2550,extended,True,medium,medium,keep
CF:massbank_MSBNK-ACES_SU-AS000443_60_0556,CF,peak_mz,60.0556,MassBank record-derived,positive,Organonitrogen compounds; Guanidines; Biguanides,medium,1,observed,Phenformin; LC-ESI-QFT; MS2; Ramp 20%-70% (nominal); 30000; [M+H]+,peak_mz:60.0550,extended,True,medium,medium,keep
NL:massbank_MSBNK-ACES_SU-AS000444,NL,mass_diff,1.0109,MassBank record-derived,positive,"Pyrimidine nucleosides; Pyrimidine 2',3'-dideoxyribonucleosides; Pyrimidine 2',3'-dideoxyribonucleosides",medium,1,observed,Zalcitabine; LC-ESI-QFT; MS2; Ramp 20%-70% (nominal); 30000; [M+H]+,mass_diff:1.0100,extended,True,medium,medium,keep
CF:massbank_MSBNK-ACES_SU-AS000445_53_0258,CF,peak_mz,53.0258,MassBank record-derived,positive,Pyridines and derivatives; Aminopyridines and derivatives; Aminopyridines and derivatives,medium,1,observed,Phenazopyridine; LC-ESI-QFT; MS2; Ramp 20%-70% (nominal); 30000; [M+H]+,peak_mz:53.0250,extended,True,medium,medium,keep
CF:massbank_MSBNK-ACES_SU-AS000446_57_1144,CF,peak_mz,57.1144,MassBank record-derived,positive,Indoles and derivatives; Pyrroloindoles; Pyrroloindoles,medium,1,observed,Eseroline; LC-ESI-QFT; MS2; Ramp 20%-70% (nominal); 30000; [M+H]+,peak_mz:57.1150,extended,True,medium,medium,keep
CF:massbank_MSBNK-ACES_SU-AS000447_51_021,CF,peak_mz,51.021,MassBank record-derived,positive,Diazines; Pyrazines; Aminopyrazines,medium,1,observed,Amiloride; LC-ESI-QFT; MS2; Ramp 20%-70% (nominal); 30000; [M+H]+,peak_mz:51.0200,extended,True,medium,medium,keep
CF:massbank_MSBNK-ACES_SU-AS000447_52_5347,CF,peak_mz,52.5347,MassBank record-derived,positive,Diazines; Pyrazines; Aminopyrazines,medium,1,observed,Amiloride; LC-ESI-QFT; MS2; Ramp 20%-70% (nominal); 30000; [M+H]+,peak_mz:52.5350,extended,True,medium,medium,keep
CF:massbank_MSBNK-ACES_SU-AS000447_53_6105,CF,peak_mz,53.6105,MassBank record-derived,positive,Diazines; Pyrazines; Aminopyrazines,medium,1,observed,Amiloride; LC-ESI-QFT; MS2; Ramp 20%-70% (nominal); 30000; [M+H]+,peak_mz:53.6100,extended,True,medium,medium,keep
CF:massbank_MSBNK-ACES_SU-AS000448_53_2677,CF,peak_mz,53.2677,MassBank record-derived,positive,Benzene and substituted derivatives; Phenoxy compounds; Phenoxy compounds,medium,1,observed,Rivastigmine; LC-ESI-QFT; MS2; Ramp 20%-70% (nominal); 30000; [M+H]+,peak_mz:53.2700,extended,True,medium,medium,keep
CF:massbank_MSBNK-ACES_SU-AS000448_56_36,CF,peak_mz,56.36,MassBank record-derived,positive,Benzene and substituted derivatives; Phenoxy compounds; Phenoxy compounds,medium,1,observed,Rivastigmine; LC-ESI-QFT; MS2; Ramp 20%-70% (nominal); 30000; [M+H]+,peak_mz:56.3600,extended,True,medium,medium,keep
CF:massbank_MSBNK-ACES_SU-AS000448_58_0285,CF,peak_mz,58.0285,MassBank record-derived,positive,Benzene and substituted derivatives; Phenoxy compounds; Phenoxy compounds,medium,1,observed,Rivastigmine; LC-ESI-QFT; MS2; Ramp 20%-70% (nominal); 30000; [M+H]+,peak_mz:58.0300,extended,True,medium,medium,keep
CF:massbank_MSBNK-ACES_SU-AS000449_73_3015,CF,peak_mz,73.3015,MassBank record-derived,positive,Benzopyrans; 1-benzopyrans; Chromenopyridines,medium,1,observed,Pranoprofen; LC-ESI-QFT; MS2; Ramp 20%-70% (nominal); 30000; [M+H]+,peak_mz:73.3000,extended,True,medium,medium,keep
CF:massbank_MSBNK-ACES_SU-AS000449_170_2289,CF,peak_mz,170.2289,MassBank record-derived,positive,Benzopyrans; 1-benzopyrans; Chromenopyridines,medium,1,observed,Pranoprofen; LC-ESI-QFT; MS2; Ramp 20%-70% (nominal); 30000; [M+H]+,peak_mz:170.2300,extended,True,medium,medium,keep
CF:massbank_MSBNK-ACES_SU-AS000449_182_0969,CF,peak_mz,182.0969,MassBank record-derived,positive,Benzopyrans; 1-benzopyrans; Chromenopyridines,medium,1,observed,Pranoprofen; LC-ESI-QFT; MS2; Ramp 20%-70% (nominal); 30000; [M+H]+,peak_mz:182.0950,extended,True,medium,medium,keep
CF:massbank_MSBNK-ACES_SU-AS000451_52_233,CF,peak_mz,52.233,MassBank record-derived,positive,Organooxygen compounds; Carbonyl compounds; Ketones,medium,1,observed,Suprofen; LC-ESI-QFT; MS2; Ramp 20%-70% (nominal); 30000; [M+H]+,peak_mz:52.2350,extended,True,medium,medium,keep
CF:massbank_MSBNK-ACES_SU-AS000451_58_435,CF,peak_mz,58.435,MassBank record-derived,positive,Organooxygen compounds; Carbonyl compounds; Ketones,medium,1,observed,Suprofen; LC-ESI-QFT; MS2; Ramp 20%-70% (nominal); 30000; [M+H]+,peak_mz:58.4350,extended,True,medium,medium,keep
CF:massbank_MSBNK-ACES_SU-AS000451_70_7218,CF,peak_mz,70.7218,MassBank record-derived,positive,Organooxygen compounds; Carbonyl compounds; Ketones,medium,1,observed,Suprofen; LC-ESI-QFT; MS2; Ramp 20%-70% (nominal); 30000; [M+H]+,peak_mz:70.7200,extended,True,medium,medium,keep
CF:massbank_MSBNK-ACES_SU-AS000452_50_3227,CF,peak_mz,50.3227,MassBank record-derived,positive,Dibenzocycloheptenes; None; Dibenzocycloheptenes,medium,1,observed,Norcyclobenzaprine; LC-ESI-QFT; MS2; Ramp 20%-70% (nominal); 30000; [M+H]+,peak_mz:50.3250,extended,True,medium,medium,keep
CF:massbank_MSBNK-ACES_SU-AS000452_53_3927,CF,peak_mz,53.3927,MassBank record-derived,positive,Dibenzocycloheptenes; None; Dibenzocycloheptenes,medium,1,observed,Norcyclobenzaprine; LC-ESI-QFT; MS2; Ramp 20%-70% (nominal); 30000; [M+H]+,peak_mz:53.3950,extended,True,medium,medium,keep
CF:massbank_MSBNK-ACES_SU-AS000452_54_4862,CF,peak_mz,54.4862,MassBank record-derived,positive,Dibenzocycloheptenes; None; Dibenzocycloheptenes,medium,1,observed,Norcyclobenzaprine; LC-ESI-QFT; MS2; Ramp 20%-70% (nominal); 30000; [M+H]+,peak_mz:54.4850,extended,True,medium,medium,keep
NL:massbank_MSBNK-ACES_SU-AS000453,NL,mass_diff,1.0049,MassBank record-derived,positive,Benzene and substituted derivatives; Benzoic acids and derivatives; Benzoic acid esters,medium,1,observed,Homosalate; LC-ESI-QFT; MS2; Ramp 20%-70% (nominal); 30000; [M+H]+,mass_diff:1.0050,extended,True,medium,medium,keep
CF:massbank_MSBNK-ACES_SU-AS000453_64_0972,CF,peak_mz,64.0972,MassBank record-derived,positive,Benzene and substituted derivatives; Benzoic acids and derivatives; Benzoic acid esters,medium,1,observed,Homosalate; LC-ESI-QFT; MS2; Ramp 20%-70% (nominal); 30000; [M+H]+,peak_mz:64.0950,extended,True,medium,medium,keep
CF:massbank_MSBNK-ACES_SU-AS000453_67_7879,CF,peak_mz,67.7879,MassBank record-derived,positive,Benzene and substituted derivatives; Benzoic acids and derivatives; Benzoic acid esters,medium,1,observed,Homosalate; LC-ESI-QFT; MS2; Ramp 20%-70% (nominal); 30000; [M+H]+,peak_mz:67.7900,extended,True,medium,medium,keep
CF:massbank_MSBNK-ACES_SU-AS000454_79_0539,CF,peak_mz,79.0539,MassBank record-derived,positive,Dibenzocycloheptenes; None; Dibenzocycloheptenes,medium,1,observed,Nortriptyline; LC-ESI-QFT; MS2; Ramp 20%-70% (nominal); 30000; [M+H]+,peak_mz:79.0550,extended,True,medium,medium,keep
CF:massbank_MSBNK-ACES_SU-AS000455_54_0762,CF,peak_mz,54.0762,MassBank record-derived,positive,Organonitrogen compounds; Amines; Tertiary amines,medium,1,observed,Phentolamine; LC-ESI-QFT; MS2; Ramp 20%-70% (nominal); 30000; [M+H]+,peak_mz:54.0750,extended,True,medium,medium,keep
CF:massbank_MSBNK-ACES_SU-AS000455_61_0248,CF,peak_mz,61.0248,MassBank record-derived,positive,Organonitrogen compounds; Amines; Tertiary amines,medium,1,observed,Phentolamine; LC-ESI-QFT; MS2; Ramp 20%-70% (nominal); 30000; [M+H]+,peak_mz:61.0250,extended,True,medium,medium,keep
CF:massbank_MSBNK-ACES_SU-AS000455_75_1869,CF,peak_mz,75.1869,MassBank record-derived,positive,Organonitrogen compounds; Amines; Tertiary amines,medium,1,observed,Phentolamine; LC-ESI-QFT; MS2; Ramp 20%-70% (nominal); 30000; [M+H]+,peak_mz:75.1850,extended,True,medium,medium,keep
CF:massbank_MSBNK-ACES_SU-AS000456_55_6148,CF,peak_mz,55.6148,MassBank record-derived,positive,Benzene and substituted derivatives; Trifluoromethylbenzenes; Trifluoromethylbenzenes,medium,1,observed,Niflumic acid; LC-ESI-QFT; MS2; Ramp 20%-70% (nominal); 30000; [M+H]+,peak_mz:55.6150,extended,True,medium,medium,keep
CF:massbank_MSBNK-ACES_SU-AS000456_56_6516,CF,peak_mz,56.6516,MassBank record-derived,positive,Benzene and substituted derivatives; Trifluoromethylbenzenes; Trifluoromethylbenzenes,medium,1,observed,Niflumic acid; LC-ESI-QFT; MS2; Ramp 20%-70% (nominal); 30000; [M+H]+,peak_mz:56.6500,extended,True,medium,medium,keep
CF:massbank_MSBNK-ACES_SU-AS000456_69_0514,CF,peak_mz,69.0514,MassBank record-derived,positive,Benzene and substituted derivatives; Trifluoromethylbenzenes; Trifluoromethylbenzenes,medium,1,observed,Niflumic acid; LC-ESI-QFT; MS2; Ramp 20%-70% (nominal); 30000; [M+H]+,peak_mz:69.0500,extended,True,medium,medium,keep
CF:massbank_MSBNK-ACES_SU-AS000458_55_2607,CF,peak_mz,55.2607,MassBank record-derived,positive,Dibenzocycloheptenes; None; Dibenzocycloheptenes,medium,1,observed,Cyproheptadine; LC-ESI-QFT; MS2; Ramp 20%-70% (nominal); 30000; [M+H]+,peak_mz:55.2600,extended,True,medium,medium,keep
CF:massbank_MSBNK-ACES_SU-AS000459_52_7475,CF,peak_mz,52.7475,MassBank record-derived,positive,Diazanaphthalenes; Benzodiazines; Quinazolines,medium,1,observed,Quinethazone; LC-ESI-QFT; MS2; Ramp 20%-70% (nominal); 30000; [M+H]+,peak_mz:52.7500,extended,True,medium,medium,keep
CF:massbank_MSBNK-ACES_SU-AS000459_56_4006,CF,peak_mz,56.4006,MassBank record-derived,positive,Diazanaphthalenes; Benzodiazines; Quinazolines,medium,1,observed,Quinethazone; LC-ESI-QFT; MS2; Ramp 20%-70% (nominal); 30000; [M+H]+,peak_mz:56.4000,extended,True,medium,medium,keep
CF:massbank_MSBNK-ACES_SU-AS000459_57_8443,CF,peak_mz,57.8443,MassBank record-derived,positive,Diazanaphthalenes; Benzodiazines; Quinazolines,medium,1,observed,Quinethazone; LC-ESI-QFT; MS2; Ramp 20%-70% (nominal); 30000; [M+H]+,peak_mz:57.8450,extended,True,medium,medium,keep
CF:massbank_MSBNK-ACES_SU-AS000460_50_0223,CF,peak_mz,50.0223,MassBank record-derived,positive,Steroids and steroid derivatives; Androstane steroids; Androgens and derivatives,medium,1,observed,3-alpha-Hydroxy-5-beta-androstan-17-one; LC-ESI-QFT; MS2; Ramp 20%-70% (nominal); 30000; [M+H]+,peak_mz:50.0200,extended,True,medium,medium,keep
CF:massbank_MSBNK-ACES_SU-AS000461_59_698,CF,peak_mz,59.698,MassBank record-derived,positive,Benzene and substituted derivatives; Halobenzenes; Chlorobenzenes,medium,1,observed,Diclofenac; LC-ESI-QFT; MS2; Ramp 20%-70% (nominal); 30000; [M+H]+,peak_mz:59.7000,extended,True,medium,medium,keep
CF:massbank_MSBNK-ACES_SU-AS000461_70_859,CF,peak_mz,70.859,MassBank record-derived,positive,Benzene and substituted derivatives; Halobenzenes; Chlorobenzenes,medium,1,observed,Diclofenac; LC-ESI-QFT; MS2; Ramp 20%-70% (nominal); 30000; [M+H]+,peak_mz:70.8600,extended,True,medium,medium,keep
CF:massbank_MSBNK-ACES_SU-AS000461_81_3633,CF,peak_mz,81.3633,MassBank record-derived,positive,Benzene and substituted derivatives; Halobenzenes; Chlorobenzenes,medium,1,observed,Diclofenac; LC-ESI-QFT; MS2; Ramp 20%-70% (nominal); 30000; [M+H]+,peak_mz:81.3650,extended,True,medium,medium,keep
CF:massbank_MSBNK-ACES_SU-AS000462_56_5739,CF,peak_mz,56.5739,MassBank record-derived,positive,Benzimidazoles; 2-benzimidazolylcarbamic acid esters; 2-benzimidazolylcarbamic acid esters,medium,1,observed,Fenbendazole; LC-ESI-QFT; MS2; Ramp 20%-70% (nominal); 30000; [M+H]+,peak_mz:56.5750,extended,True,medium,medium,keep
CF:massbank_MSBNK-ACES_SU-AS000462_77_5277,CF,peak_mz,77.5277,MassBank record-derived,positive,Benzimidazoles; 2-benzimidazolylcarbamic acid esters; 2-benzimidazolylcarbamic acid esters,medium,1,observed,Fenbendazole; LC-ESI-QFT; MS2; Ramp 20%-70% (nominal); 30000; [M+H]+,peak_mz:77.5300,extended,True,medium,medium,keep
CF:massbank_MSBNK-ACES_SU-AS000462_86_7949,CF,peak_mz,86.7949,MassBank record-derived,positive,Benzimidazoles; 2-benzimidazolylcarbamic acid esters; 2-benzimidazolylcarbamic acid esters,medium,1,observed,Fenbendazole; LC-ESI-QFT; MS2; Ramp 20%-70% (nominal); 30000; [M+H]+,peak_mz:86.7950,extended,True,medium,medium,keep
CF:massbank_MSBNK-ACES_SU-AS000463_52_8262,CF,peak_mz,52.8262,MassBank record-derived,positive,Benzene and substituted derivatives; Trifluoromethylbenzenes; Trifluoromethylbenzenes,medium,1,observed,Fluoxetine; LC-ESI-QFT; MS2; Ramp 20%-70% (nominal); 30000; [M+H]+,peak_mz:52.8250,extended,True,medium,medium,keep
CF:massbank_MSBNK-ACES_SU-AS000463_57_09,CF,peak_mz,57.09,MassBank record-derived,positive,Benzene and substituted derivatives; Trifluoromethylbenzenes; Trifluoromethylbenzenes,medium,1,observed,Fluoxetine; LC-ESI-QFT; MS2; Ramp 20%-70% (nominal); 30000; [M+H]+,peak_mz:57.0900,extended,True,medium,medium,keep
CF:massbank_MSBNK-ACES_SU-AS000463_63_1572,CF,peak_mz,63.1572,MassBank record-derived,positive,Benzene and substituted derivatives; Trifluoromethylbenzenes; Trifluoromethylbenzenes,medium,1,observed,Fluoxetine; LC-ESI-QFT; MS2; Ramp 20%-70% (nominal); 30000; [M+H]+,peak_mz:63.1550,extended,True,medium,medium,keep
CF:massbank_MSBNK-ACES_SU-AS000464_51_441,CF,peak_mz,51.441,MassBank record-derived,positive,Organonitrogen compounds; Amines; Aralkylamines,medium,1,observed,Ranitidine; LC-ESI-QFT; MS2; Ramp 20%-70% (nominal); 30000; [M+H]+,peak_mz:51.4400,extended,True,medium,medium,keep
CF:massbank_MSBNK-ACES_SU-AS000464_53_181,CF,peak_mz,53.181,MassBank record-derived,positive,Organonitrogen compounds; Amines; Aralkylamines,medium,1,observed,Ranitidine; LC-ESI-QFT; MS2; Ramp 20%-70% (nominal); 30000; [M+H]+,peak_mz:53.1800,extended,True,medium,medium,keep
CF:massbank_MSBNK-ACES_SU-AS000465_54_0421,CF,peak_mz,54.0421,MassBank record-derived,positive,Benzoxazines; None; Benzoxazines,medium,1,observed,Efavirenz; LC-ESI-QFT; MS2; Ramp 20%-70% (nominal); 30000; [M+H]+,peak_mz:54.0400,extended,True,medium,medium,keep
CF:massbank_MSBNK-ACES_SU-AS000465_55_9144,CF,peak_mz,55.9144,MassBank record-derived,positive,Benzoxazines; None; Benzoxazines,medium,1,observed,Efavirenz; LC-ESI-QFT; MS2; Ramp 20%-70% (nominal); 30000; [M+H]+,peak_mz:55.9150,extended,True,medium,medium,keep
CF:massbank_MSBNK-ACES_SU-AS000466_59_059,CF,peak_mz,59.059,MassBank record-derived,positive,Diazanaphthalenes; Naphthyridines; Naphthyridine carboxylic acids and derivatives,medium,1,observed,Enoxacin; LC-ESI-QFT; MS2; Ramp 20%-70% (nominal); 30000; [M+H]+,peak_mz:59.0600,extended,True,medium,medium,keep
CF:massbank_MSBNK-ACES_SU-AS000466_62_7817,CF,peak_mz,62.7817,MassBank record-derived,positive,Diazanaphthalenes; Naphthyridines; Naphthyridine carboxylic acids and derivatives,medium,1,observed,Enoxacin; LC-ESI-QFT; MS2; Ramp 20%-70% (nominal); 30000; [M+H]+,peak_mz:62.7800,extended,True,medium,medium,keep
CF:massbank_MSBNK-ACES_SU-AS000466_62_8758,CF,peak_mz,62.8758,MassBank record-derived,positive,Diazanaphthalenes; Naphthyridines; Naphthyridine carboxylic acids and derivatives,medium,1,observed,Enoxacin; LC-ESI-QFT; MS2; Ramp 20%-70% (nominal); 30000; [M+H]+,peak_mz:62.8750,extended,True,medium,medium,keep
CF:massbank_MSBNK-ACES_SU-AS000467_56_1364,CF,peak_mz,56.1364,MassBank record-derived,positive,Benzimidazoles; Sulfinylbenzimidazoles; Sulfinylbenzimidazoles,medium,1,observed,Omeprazole; LC-ESI-QFT; MS2; Ramp 20%-70% (nominal); 30000; [M+H]+,peak_mz:56.1350,extended,True,medium,medium,keep
CF:massbank_MSBNK-ACES_SU-AS000467_57_703,CF,peak_mz,57.703,MassBank record-derived,positive,Benzimidazoles; Sulfinylbenzimidazoles; Sulfinylbenzimidazoles,medium,1,observed,Omeprazole; LC-ESI-QFT; MS2; Ramp 20%-70% (nominal); 30000; [M+H]+,peak_mz:57.7050,extended,True,medium,medium,keep
CF:massbank_MSBNK-ACES_SU-AS000467_79_6696,CF,peak_mz,79.6696,MassBank record-derived,positive,Benzimidazoles; Sulfinylbenzimidazoles; Sulfinylbenzimidazoles,medium,1,observed,Omeprazole; LC-ESI-QFT; MS2; Ramp 20%-70% (nominal); 30000; [M+H]+,peak_mz:79.6700,extended,True,medium,medium,keep
CF:massbank_MSBNK-ACES_SU-AS000468_65_3269,CF,peak_mz,65.3269,MassBank record-derived,positive,Eburnan-type alkaloids; None; Eburnan-type alkaloids,medium,1,observed,Vinpocetine; LC-ESI-QFT; MS2; Ramp 20%-70% (nominal); 30000; [M+H]+,peak_mz:65.3250,extended,True,medium,medium,keep
CF:massbank_MSBNK-ACES_SU-AS000468_67_91,CF,peak_mz,67.91,MassBank record-derived,positive,Eburnan-type alkaloids; None; Eburnan-type alkaloids,medium,1,observed,Vinpocetine; LC-ESI-QFT; MS2; Ramp 20%-70% (nominal); 30000; [M+H]+,peak_mz:67.9100,extended,True,medium,medium,keep
CF:massbank_MSBNK-ACES_SU-AS000469_50_648,CF,peak_mz,50.648,MassBank record-derived,positive,Steroids and steroid derivatives; Hydroxysteroids; 21-hydroxysteroids,medium,1,observed,Prednisolone; LC-ESI-QFT; MS2; Ramp 20%-70% (nominal); 30000; [M+H]+,peak_mz:50.6500,extended,True,medium,medium,keep
CF:massbank_MSBNK-ACES_SU-AS000471_50_8258,CF,peak_mz,50.8258,MassBank record-derived,positive,Steroids and steroid derivatives; Oxosteroids; 20-oxosteroids,medium,1,observed,Rimexolone; LC-ESI-QFT; MS2; Ramp 20%-70% (nominal); 30000; [M+H]+,peak_mz:50.8250,extended,True,medium,medium,keep
CF:massbank_MSBNK-ACES_SU-AS000471_53_0859,CF,peak_mz,53.0859,MassBank record-derived,positive,Steroids and steroid derivatives; Oxosteroids; 20-oxosteroids,medium,1,observed,Rimexolone; LC-ESI-QFT; MS2; Ramp 20%-70% (nominal); 30000; [M+H]+,peak_mz:53.0850,extended,True,medium,medium,keep
CF:massbank_MSBNK-ACES_SU-AS000472_61_0806,CF,peak_mz,61.0806,MassBank record-derived,positive,Organooxygen compounds; Carbonyl compounds; Ketones,medium,1,observed,Droperidol; LC-ESI-QFT; MS2; Ramp 20%-70% (nominal); 30000; [M+H]+,peak_mz:61.0800,extended,True,medium,medium,keep
CF:massbank_MSBNK-ACES_SU-AS000472_62_635,CF,peak_mz,62.635,MassBank record-derived,positive,Organooxygen compounds; Carbonyl compounds; Ketones,medium,1,observed,Droperidol; LC-ESI-QFT; MS2; Ramp 20%-70% (nominal); 30000; [M+H]+,peak_mz:62.6350,extended,True,medium,medium,keep
CF:massbank_MSBNK-ACES_SU-AS000472_95_0294,CF,peak_mz,95.0294,MassBank record-derived,positive,Organooxygen compounds; Carbonyl compounds; Ketones,medium,1,observed,Droperidol; LC-ESI-QFT; MS2; Ramp 20%-70% (nominal); 30000; [M+H]+,peak_mz:95.0300,extended,True,medium,medium,keep
CF:massbank_MSBNK-ACES_SU-AS000473_76_4629,CF,peak_mz,76.4629,MassBank record-derived,positive,"Carboxylic acids and derivatives; Amino acids, peptides, and analogues; Amino acids and derivatives",medium,1,observed,Lincomycin; LC-ESI-QFT; MS2; Ramp 20%-70% (nominal); 30000; [M+H]+,peak_mz:76.4650,extended,True,medium,medium,keep
CF:massbank_MSBNK-ACES_SU-AS000474_71_0125,CF,peak_mz,71.0125,MassBank record-derived,positive,Pyrroles; Substituted pyrroles; Phenylpyrroles,medium,1,observed,Fluvastatin; LC-ESI-QFT; MS2; Ramp 20%-70% (nominal); 30000; [M+H]+,peak_mz:71.0100,extended,True,medium,medium,keep
CF:massbank_MSBNK-ACES_SU-AS000475_55_0827,CF,peak_mz,55.0827,MassBank record-derived,positive,Camptothecins; None; Camptothecins,medium,1,observed,Topotecan; LC-ESI-QFT; MS2; Ramp 20%-70% (nominal); 30000; [M+H]+,peak_mz:55.0850,extended,True,medium,medium,keep
CF:massbank_MSBNK-ACES_SU-AS000475_58_2454,CF,peak_mz,58.2454,MassBank record-derived,positive,Camptothecins; None; Camptothecins,medium,1,observed,Topotecan; LC-ESI-QFT; MS2; Ramp 20%-70% (nominal); 30000; [M+H]+,peak_mz:58.2450,extended,True,medium,medium,keep
CF:massbank_MSBNK-ACES_SU-AS000475_61_4247,CF,peak_mz,61.4247,MassBank record-derived,positive,Camptothecins; None; Camptothecins,medium,1,observed,Topotecan; LC-ESI-QFT; MS2; Ramp 20%-70% (nominal); 30000; [M+H]+,peak_mz:61.4250,extended,True,medium,medium,keep
CF:massbank_MSBNK-ACES_SU-AS000476_53_027,CF,peak_mz,53.027,MassBank record-derived,positive,"Carboxylic acids and derivatives; Amino acids, peptides, and analogues; Amino acids and derivatives",medium,1,observed,Thyroxine; LC-ESI-QFT; MS2; Ramp 20%-70% (nominal); 30000; [M+H]+,peak_mz:53.0250,extended,True,medium,medium,keep
CF:massbank_MSBNK-ACES_SU-AS000476_56_7513,CF,peak_mz,56.7513,MassBank record-derived,positive,"Carboxylic acids and derivatives; Amino acids, peptides, and analogues; Amino acids and derivatives",medium,1,observed,Thyroxine; LC-ESI-QFT; MS2; Ramp 20%-70% (nominal); 30000; [M+H]+,peak_mz:56.7500,extended,True,medium,medium,keep
CF:massbank_MSBNK-ACES_SU-AS000476_61_4085,CF,peak_mz,61.4085,MassBank record-derived,positive,"Carboxylic acids and derivatives; Amino acids, peptides, and analogues; Amino acids and derivatives",medium,1,observed,Thyroxine; LC-ESI-QFT; MS2; Ramp 20%-70% (nominal); 30000; [M+H]+,peak_mz:61.4100,extended,True,medium,medium,keep
CF:massbank_MSBNK-ACES_SU-AS000477_50_5728,CF,peak_mz,50.5728,MassBank record-derived,positive,Pyridines and derivatives; Pyridoxines; Pyridoxines,medium,1,observed,Pyridoxine; LC-ESI-QFT; MS2; Ramp 20%-70% (nominal); 30000; [M+H]+,peak_mz:50.5750,extended,True,medium,medium,keep
CF:massbank_MSBNK-ACES_SU-AS000477_52_0664,CF,peak_mz,52.0664,MassBank record-derived,positive,Pyridines and derivatives; Pyridoxines; Pyridoxines,medium,1,observed,Pyridoxine; LC-ESI-QFT; MS2; Ramp 20%-70% (nominal); 30000; [M+H]+,peak_mz:52.0650,extended,True,medium,medium,keep
CF:massbank_MSBNK-ACES_SU-AS000477_55_3338,CF,peak_mz,55.3338,MassBank record-derived,positive,Pyridines and derivatives; Pyridoxines; Pyridoxines,medium,1,observed,Pyridoxine; LC-ESI-QFT; MS2; Ramp 20%-70% (nominal); 30000; [M+H]+,peak_mz:55.3350,extended,True,medium,medium,keep
CF:massbank_MSBNK-ACES_SU-AS000478_73_1548,CF,peak_mz,73.1548,MassBank record-derived,positive,Benzimidazoles; None; Benzimidazoles,medium,1,observed,Tiabendazole; LC-ESI-QFT; MS2; Ramp 20%-70% (nominal); 30000; [M+H]+,peak_mz:73.1550,extended,True,medium,medium,keep
CF:massbank_MSBNK-ACES_SU-AS000478_95_5509,CF,peak_mz,95.5509,MassBank record-derived,positive,Benzimidazoles; None; Benzimidazoles,medium,1,observed,Tiabendazole; LC-ESI-QFT; MS2; Ramp 20%-70% (nominal); 30000; [M+H]+,peak_mz:95.5500,extended,True,medium,medium,keep
CF:massbank_MSBNK-ACES_SU-AS000479_66_8904,CF,peak_mz,66.8904,MassBank record-derived,positive,Azoles; Pyrazoles; Phenylpyrazoles,medium,1,observed,4-hydroxyantipyrine; LC-ESI-QFT; MS2; Ramp 20%-70% (nominal); 30000; [M+H]+,peak_mz:66.8900,extended,True,medium,medium,keep
CF:massbank_MSBNK-ACES_SU-AS000480_58_0368,CF,peak_mz,58.0368,MassBank record-derived,positive,Azoles; Thiadiazoles; Thiadiazole sulfonamides,medium,1,observed,Acetazolamide; LC-ESI-QFT; MS2; Ramp 20%-70% (nominal); 30000; [M+H]+,peak_mz:58.0350,extended,True,medium,medium,keep
CF:massbank_MSBNK-ACES_SU-AS000480_58_9823,CF,peak_mz,58.9823,MassBank record-derived,positive,Azoles; Thiadiazoles; Thiadiazole sulfonamides,medium,1,observed,Acetazolamide; LC-ESI-QFT; MS2; Ramp 20%-70% (nominal); 30000; [M+H]+,peak_mz:58.9800,extended,True,medium,medium,keep
CF:massbank_MSBNK-ACES_SU-AS000481_51_8143,CF,peak_mz,51.8143,MassBank record-derived,positive,Phenols; Methoxyphenols; Methoxyphenols,medium,1,observed,Ethamivan; LC-ESI-QFT; MS2; Ramp 20%-70% (nominal); 30000; [M+H]+,peak_mz:51.8150,extended,True,medium,medium,keep
CF:massbank_MSBNK-ACES_SU-AS000481_53_1982,CF,peak_mz,53.1982,MassBank record-derived,positive,Phenols; Methoxyphenols; Methoxyphenols,medium,1,observed,Ethamivan; LC-ESI-QFT; MS2; Ramp 20%-70% (nominal); 30000; [M+H]+,peak_mz:53.2000,extended,True,medium,medium,keep
CF:massbank_MSBNK-ACES_SU-AS000482_61_8704,CF,peak_mz,61.8704,MassBank record-derived,positive,Imidazopyrimidines; Purines and purine derivatives; 6-aminopurines,medium,1,observed,6-benzylaminopurine; LC-ESI-QFT; MS2; Ramp 20%-70% (nominal); 30000; [M+H]+,peak_mz:61.8700,extended,True,medium,medium,keep
CF:massbank_MSBNK-ACES_SU-AS000482_81_5331,CF,peak_mz,81.5331,MassBank record-derived,positive,Imidazopyrimidines; Purines and purine derivatives; 6-aminopurines,medium,1,observed,6-benzylaminopurine; LC-ESI-QFT; MS2; Ramp 20%-70% (nominal); 30000; [M+H]+,peak_mz:81.5350,extended,True,medium,medium,keep
CF:massbank_MSBNK-ACES_SU-AS000483_55_4885,CF,peak_mz,55.4885,MassBank record-derived,positive,Tetrahydroisoquinolines; 4-phenyltetrahydroisoquinolines; 4-phenyltetrahydroisoquinolines,medium,1,observed,Nomifensine; LC-ESI-QFT; MS2; Ramp 20%-70% (nominal); 30000; [M+H]+,peak_mz:55.4900,extended,True,medium,medium,keep
CF:massbank_MSBNK-ACES_SU-AS000483_68_861,CF,peak_mz,68.861,MassBank record-derived,positive,Tetrahydroisoquinolines; 4-phenyltetrahydroisoquinolines; 4-phenyltetrahydroisoquinolines,medium,1,observed,Nomifensine; LC-ESI-QFT; MS2; Ramp 20%-70% (nominal); 30000; [M+H]+,peak_mz:68.8600,extended,True,medium,medium,keep
CF:massbank_MSBNK-ACES_SU-AS000483_77_8075,CF,peak_mz,77.8075,MassBank record-derived,positive,Tetrahydroisoquinolines; 4-phenyltetrahydroisoquinolines; 4-phenyltetrahydroisoquinolines,medium,1,observed,Nomifensine; LC-ESI-QFT; MS2; Ramp 20%-70% (nominal); 30000; [M+H]+,peak_mz:77.8100,extended,True,medium,medium,keep
CF:massbank_MSBNK-ACES_SU-AS000484_52_9825,CF,peak_mz,52.9825,MassBank record-derived,positive,Benzene and substituted derivatives; Phenylpropanes; Phenylpropanes,medium,1,observed,Xylometazoline; LC-ESI-QFT; MS2; Ramp 20%-70% (nominal); 30000; [M+H]+,peak_mz:52.9800,extended,True,medium,medium,keep
CF:massbank_MSBNK-ACES_SU-AS000484_57_4759,CF,peak_mz,57.4759,MassBank record-derived,positive,Benzene and substituted derivatives; Phenylpropanes; Phenylpropanes,medium,1,observed,Xylometazoline; LC-ESI-QFT; MS2; Ramp 20%-70% (nominal); 30000; [M+H]+,peak_mz:57.4750,extended,True,medium,medium,keep
CF:massbank_MSBNK-ACES_SU-AS000485_50_5801,CF,peak_mz,50.5801,MassBank record-derived,positive,Azoles; Imidazoles; Substituted imidazoles,medium,1,observed,Tinidazole; LC-ESI-QFT; MS2; Ramp 20%-70% (nominal); 30000; [M+H]+,peak_mz:50.5800,extended,True,medium,medium,keep
CF:massbank_MSBNK-ACES_SU-AS000485_54_5323,CF,peak_mz,54.5323,MassBank record-derived,positive,Azoles; Imidazoles; Substituted imidazoles,medium,1,observed,Tinidazole; LC-ESI-QFT; MS2; Ramp 20%-70% (nominal); 30000; [M+H]+,peak_mz:54.5300,extended,True,medium,medium,keep
CF:massbank_MSBNK-ACES_SU-AS000487_51_2645,CF,peak_mz,51.2645,MassBank record-derived,positive,Benzene and substituted derivatives; Halobenzenes; Chlorobenzenes,medium,1,observed,Lofexidine; LC-ESI-QFT; MS2; Ramp 20%-70% (nominal); 30000; [M+H]+,peak_mz:51.2650,extended,True,medium,medium,keep
CF:massbank_MSBNK-ACES_SU-AS000487_62_756,CF,peak_mz,62.756,MassBank record-derived,positive,Benzene and substituted derivatives; Halobenzenes; Chlorobenzenes,medium,1,observed,Lofexidine; LC-ESI-QFT; MS2; Ramp 20%-70% (nominal); 30000; [M+H]+,peak_mz:62.7550,extended,True,medium,medium,keep
CF:massbank_MSBNK-ACES_SU-AS000487_64_3908,CF,peak_mz,64.3908,MassBank record-derived,positive,Benzene and substituted derivatives; Halobenzenes; Chlorobenzenes,medium,1,observed,Lofexidine; LC-ESI-QFT; MS2; Ramp 20%-70% (nominal); 30000; [M+H]+,peak_mz:64.3900,extended,True,medium,medium,keep
CF:massbank_MSBNK-ACES_SU-AS000488_50_6776,CF,peak_mz,50.6776,MassBank record-derived,positive,Pyrimidine nucleosides; Pyrimidine 2'-deoxyribonucleosides; Pyrimidine 2'-deoxyribonucleosides,medium,1,observed,Gemcitabine; LC-ESI-QFT; MS2; Ramp 20%-70% (nominal); 30000; [M+H]+,peak_mz:50.6800,extended,True,medium,medium,keep
CF:massbank_MSBNK-ACES_SU-AS000488_51_004,CF,peak_mz,51.004,MassBank record-derived,positive,Pyrimidine nucleosides; Pyrimidine 2'-deoxyribonucleosides; Pyrimidine 2'-deoxyribonucleosides,medium,1,observed,Gemcitabine; LC-ESI-QFT; MS2; Ramp 20%-70% (nominal); 30000; [M+H]+,peak_mz:51.0050,extended,True,medium,medium,keep
CF:massbank_MSBNK-ACES_SU-AS000488_58_3704,CF,peak_mz,58.3704,MassBank record-derived,positive,Pyrimidine nucleosides; Pyrimidine 2'-deoxyribonucleosides; Pyrimidine 2'-deoxyribonucleosides,medium,1,observed,Gemcitabine; LC-ESI-QFT; MS2; Ramp 20%-70% (nominal); 30000; [M+H]+,peak_mz:58.3700,extended,True,medium,medium,keep
CF:massbank_MSBNK-ACES_SU-AS000490_56_0493,CF,peak_mz,56.0493,MassBank record-derived,positive,Benzene and substituted derivatives; Diphenylmethanes; Diphenylmethanes,medium,1,observed,Azacyclonol; LC-ESI-QFT; MS2; Ramp 20%-70% (nominal); 30000; [M+H]+,peak_mz:56.0500,extended,True,medium,medium,keep
CF:massbank_MSBNK-ACES_SU-AS000490_61_8511,CF,peak_mz,61.8511,MassBank record-derived,positive,Benzene and substituted derivatives; Diphenylmethanes; Diphenylmethanes,medium,1,observed,Azacyclonol; LC-ESI-QFT; MS2; Ramp 20%-70% (nominal); 30000; [M+H]+,peak_mz:61.8500,extended,True,medium,medium,keep
CF:massbank_MSBNK-ACES_SU-AS000490_63_7934,CF,peak_mz,63.7934,MassBank record-derived,positive,Benzene and substituted derivatives; Diphenylmethanes; Diphenylmethanes,medium,1,observed,Azacyclonol; LC-ESI-QFT; MS2; Ramp 20%-70% (nominal); 30000; [M+H]+,peak_mz:63.7950,extended,True,medium,medium,keep
CF:massbank_MSBNK-ACES_SU-AS000491_62_4765,CF,peak_mz,62.4765,MassBank record-derived,positive,Benzene and substituted derivatives; Benzoic acids and derivatives; Halobenzoic acids and derivatives,medium,1,observed,Moclobemide; LC-ESI-QFT; MS2; Ramp 20%-70% (nominal); 30000; [M+H]+,peak_mz:62.4750,extended,True,medium,medium,keep
CF:massbank_MSBNK-ACES_SU-AS000491_73_7168,CF,peak_mz,73.7168,MassBank record-derived,positive,Benzene and substituted derivatives; Benzoic acids and derivatives; Halobenzoic acids and derivatives,medium,1,observed,Moclobemide; LC-ESI-QFT; MS2; Ramp 20%-70% (nominal); 30000; [M+H]+,peak_mz:73.7150,extended,True,medium,medium,keep
CF:massbank_MSBNK-ACES_SU-AS000491_76_0612,CF,peak_mz,76.0612,MassBank record-derived,positive,Benzene and substituted derivatives; Benzoic acids and derivatives; Halobenzoic acids and derivatives,medium,1,observed,Moclobemide; LC-ESI-QFT; MS2; Ramp 20%-70% (nominal); 30000; [M+H]+,peak_mz:76.0600,extended,True,medium,medium,keep
CF:massbank_MSBNK-ACES_SU-AS000492_64_727,CF,peak_mz,64.727,MassBank record-derived,positive,Pyrrolidines; Phenylpyrrolidines; Phenylpyrrolidines,medium,1,observed,Rolipram; LC-ESI-QFT; MS2; Ramp 20%-70% (nominal); 30000; [M+H]+,peak_mz:64.7250,extended,True,medium,medium,keep
CF:massbank_MSBNK-ACES_SU-AS000492_64_835,CF,peak_mz,64.835,MassBank record-derived,positive,Pyrrolidines; Phenylpyrrolidines; Phenylpyrrolidines,medium,1,observed,Rolipram; LC-ESI-QFT; MS2; Ramp 20%-70% (nominal); 30000; [M+H]+,peak_mz:64.8350,extended,True,medium,medium,keep
CF:massbank_MSBNK-ACES_SU-AS000493_52_564,CF,peak_mz,52.564,MassBank record-derived,positive,Benzene and substituted derivatives; Benzenesulfonamides; Aminobenzenesulfonamides,medium,1,observed,Sulfamethoxypyridazine; LC-ESI-QFT; MS2; Ramp 20%-70% (nominal); 30000; [M+H]+,peak_mz:52.5650,extended,True,medium,medium,keep
CF:massbank_MSBNK-ACES_SU-AS000493_66_4799,CF,peak_mz,66.4799,MassBank record-derived,positive,Benzene and substituted derivatives; Benzenesulfonamides; Aminobenzenesulfonamides,medium,1,observed,Sulfamethoxypyridazine; LC-ESI-QFT; MS2; Ramp 20%-70% (nominal); 30000; [M+H]+,peak_mz:66.4800,extended,True,medium,medium,keep
CF:massbank_MSBNK-ACES_SU-AS000495_55_2511,CF,peak_mz,55.2511,MassBank record-derived,positive,Benzene and substituted derivatives; Trifluoromethylbenzenes; Trifluoromethylbenzenes,medium,1,observed,Flunixin; LC-ESI-QFT; MS2; Ramp 20%-70% (nominal); 30000; [M+H]+,peak_mz:55.2500,extended,True,medium,medium,keep
CF:massbank_MSBNK-ACES_SU-AS000495_62_7077,CF,peak_mz,62.7077,MassBank record-derived,positive,Benzene and substituted derivatives; Trifluoromethylbenzenes; Trifluoromethylbenzenes,medium,1,observed,Flunixin; LC-ESI-QFT; MS2; Ramp 20%-70% (nominal); 30000; [M+H]+,peak_mz:62.7100,extended,True,medium,medium,keep
CF:massbank_MSBNK-ACES_SU-AS000495_81_2955,CF,peak_mz,81.2955,MassBank record-derived,positive,Benzene and substituted derivatives; Trifluoromethylbenzenes; Trifluoromethylbenzenes,medium,1,observed,Flunixin; LC-ESI-QFT; MS2; Ramp 20%-70% (nominal); 30000; [M+H]+,peak_mz:81.2950,extended,True,medium,medium,keep
CF:massbank_MSBNK-ACES_SU-AS000496_50_6902,CF,peak_mz,50.6902,MassBank record-derived,positive,Benzene and substituted derivatives; Benzoic acids and derivatives; Benzoic acid esters,medium,1,observed,Butacaine; LC-ESI-QFT; MS2; Ramp 20%-70% (nominal); 30000; [M+H]+,peak_mz:50.6900,extended,True,medium,medium,keep
CF:massbank_MSBNK-ACES_SU-AS000498_59_421,CF,peak_mz,59.421,MassBank record-derived,positive,Benzocycloheptapyridines; None; Benzocycloheptapyridines,medium,1,observed,Desloratadine; LC-ESI-QFT; MS2; Ramp 20%-70% (nominal); 30000; [M+H]+,peak_mz:59.4200,extended,True,medium,medium,keep
CF:massbank_MSBNK-ACES_SU-AS000498_79_0206,CF,peak_mz,79.0206,MassBank record-derived,positive,Benzocycloheptapyridines; None; Benzocycloheptapyridines,medium,1,observed,Desloratadine; LC-ESI-QFT; MS2; Ramp 20%-70% (nominal); 30000; [M+H]+,peak_mz:79.0200,extended,True,medium,medium,keep
CF:massbank_MSBNK-ACES_SU-AS000499_50_3864,CF,peak_mz,50.3864,MassBank record-derived,positive,Cinnamic acids and derivatives; Cinnamic acid amides; N-cinnamoylanthranilic acids,medium,1,observed,Tranilast; LC-ESI-QFT; MS2; Ramp 20%-70% (nominal); 30000; [M+H]+,peak_mz:50.3850,extended,True,medium,medium,keep
CF:massbank_MSBNK-ACES_SU-AS000499_52_6492,CF,peak_mz,52.6492,MassBank record-derived,positive,Cinnamic acids and derivatives; Cinnamic acid amides; N-cinnamoylanthranilic acids,medium,1,observed,Tranilast; LC-ESI-QFT; MS2; Ramp 20%-70% (nominal); 30000; [M+H]+,peak_mz:52.6500,extended,True,medium,medium,keep
CF:massbank_MSBNK-ACES_SU-AS000500_52_8709,CF,peak_mz,52.8709,MassBank record-derived,positive,Benzoxepines; Dibenzoxepines; Dibenzoxepines,medium,1,observed,Olopatadine; LC-ESI-QFT; MS2; Ramp 20%-70% (nominal); 30000; [M+H]+,peak_mz:52.8700,extended,True,medium,medium,keep
CF:massbank_MSBNK-ACES_SU-AS000501_64_2926,CF,peak_mz,64.2926,MassBank record-derived,positive,Prenol lipids; Quinone and hydroquinone lipids; Prenylquinones,medium,1,observed,Idebenone; LC-ESI-QFT; MS2; Ramp 20%-70% (nominal); 30000; [M+H]+,peak_mz:64.2950,extended,True,medium,medium,keep
CF:massbank_MSBNK-ACES_SU-AS000502_57_7536,CF,peak_mz,57.7536,MassBank record-derived,positive,Phenanthrenes and derivatives; None; Phenanthrenes and derivatives,medium,1,observed,Naltrexone; LC-ESI-QFT; MS2; Ramp 20%-70% (nominal); 30000; [M+H]+,peak_mz:57.7550,extended,True,medium,medium,keep
CF:massbank_MSBNK-ACES_SU-AS000503_52_9596,CF,peak_mz,52.9596,MassBank record-derived,positive,Benzene and substituted derivatives; Phenylpropanes; Phenylpropanes,medium,1,observed,Voriconazole; LC-ESI-QFT; MS2; Ramp 20%-70% (nominal); 30000; [M+H]+,peak_mz:52.9600,extended,True,medium,medium,keep
CF:massbank_MSBNK-ACES_SU-AS000503_53_2089,CF,peak_mz,53.2089,MassBank record-derived,positive,Benzene and substituted derivatives; Phenylpropanes; Phenylpropanes,medium,1,observed,Voriconazole; LC-ESI-QFT; MS2; Ramp 20%-70% (nominal); 30000; [M+H]+,peak_mz:53.2100,extended,True,medium,medium,keep
CF:massbank_MSBNK-ACES_SU-AS000503_58_2593,CF,peak_mz,58.2593,MassBank record-derived,positive,Benzene and substituted derivatives; Phenylpropanes; Phenylpropanes,medium,1,observed,Voriconazole; LC-ESI-QFT; MS2; Ramp 20%-70% (nominal); 30000; [M+H]+,peak_mz:58.2600,extended,True,medium,medium,keep
CF:massbank_MSBNK-ACES_SU-AS000504_52_6201,CF,peak_mz,52.6201,MassBank record-derived,positive,Benzene and substituted derivatives; Benzoic acids and derivatives; Benzoic acid esters,medium,1,observed,Benfluorex; LC-ESI-QFT; MS2; Ramp 20%-70% (nominal); 30000; [M+H]+,peak_mz:52.6200,extended,True,medium,medium,keep
CF:massbank_MSBNK-ACES_SU-AS000504_58_7645,CF,peak_mz,58.7645,MassBank record-derived,positive,Benzene and substituted derivatives; Benzoic acids and derivatives; Benzoic acid esters,medium,1,observed,Benfluorex; LC-ESI-QFT; MS2; Ramp 20%-70% (nominal); 30000; [M+H]+,peak_mz:58.7650,extended,True,medium,medium,keep
CF:massbank_MSBNK-ACES_SU-AS000504_65_7511,CF,peak_mz,65.7511,MassBank record-derived,positive,Benzene and substituted derivatives; Benzoic acids and derivatives; Benzoic acid esters,medium,1,observed,Benfluorex; LC-ESI-QFT; MS2; Ramp 20%-70% (nominal); 30000; [M+H]+,peak_mz:65.7500,extended,True,medium,medium,keep
CF:massbank_MSBNK-ACES_SU-AS000505_50_4674,CF,peak_mz,50.4674,MassBank record-derived,positive,Indoles and derivatives; Benzoylindoles; Benzoylindoles,medium,1,observed,Indomethacin; LC-ESI-QFT; MS2; Ramp 20%-70% (nominal); 30000; [M+H]+,peak_mz:50.4650,extended,True,medium,medium,keep
CF:massbank_MSBNK-ACES_SU-AS000505_63_6362,CF,peak_mz,63.6362,MassBank record-derived,positive,Indoles and derivatives; Benzoylindoles; Benzoylindoles,medium,1,observed,Indomethacin; LC-ESI-QFT; MS2; Ramp 20%-70% (nominal); 30000; [M+H]+,peak_mz:63.6350,extended,True,medium,medium,keep
CF:massbank_MSBNK-ACES_SU-AS000505_66_1855,CF,peak_mz,66.1855,MassBank record-derived,positive,Indoles and derivatives; Benzoylindoles; Benzoylindoles,medium,1,observed,Indomethacin; LC-ESI-QFT; MS2; Ramp 20%-70% (nominal); 30000; [M+H]+,peak_mz:66.1850,extended,True,medium,medium,keep
CF:massbank_MSBNK-ACES_SU-AS000506_53_9518,CF,peak_mz,53.9518,MassBank record-derived,positive,"Carboxylic acids and derivatives; Amino acids, peptides, and analogues; Amino acids and derivatives",medium,1,observed,Racecadotril; LC-ESI-QFT; MS2; Ramp 20%-70% (nominal); 30000; [M+H]+,peak_mz:53.9500,extended,True,medium,medium,keep
CF:massbank_MSBNK-ACES_SU-AS000506_56_8953,CF,peak_mz,56.8953,MassBank record-derived,positive,"Carboxylic acids and derivatives; Amino acids, peptides, and analogues; Amino acids and derivatives",medium,1,observed,Racecadotril; LC-ESI-QFT; MS2; Ramp 20%-70% (nominal); 30000; [M+H]+,peak_mz:56.8950,extended,True,medium,medium,keep
CF:massbank_MSBNK-ACES_SU-AS000506_64_7011,CF,peak_mz,64.7011,MassBank record-derived,positive,"Carboxylic acids and derivatives; Amino acids, peptides, and analogues; Amino acids and derivatives",medium,1,observed,Racecadotril; LC-ESI-QFT; MS2; Ramp 20%-70% (nominal); 30000; [M+H]+,peak_mz:64.7000,extended,True,medium,medium,keep
CF:massbank_MSBNK-ACES_SU-AS000507_51_9907,CF,peak_mz,51.9907,MassBank record-derived,positive,Lactams; Beta lactams; Cephems,medium,1,observed,Cefdinir; LC-ESI-QFT; MS2; Ramp 20%-70% (nominal); 30000; [M+H]+,peak_mz:51.9900,extended,True,medium,medium,keep
CF:massbank_MSBNK-ACES_SU-AS000508_57_7262,CF,peak_mz,57.7262,MassBank record-derived,positive,Diazanaphthalenes; Naphthyridines; Naphthyridine carboxylic acids and derivatives,medium,1,observed,Tosufloxacin; LC-ESI-QFT; MS2; Ramp 20%-70% (nominal); 30000; [M+H]+,peak_mz:57.7250,extended,True,medium,medium,keep
CF:massbank_MSBNK-ACES_SU-AS000510_51_7982,CF,peak_mz,51.7982,MassBank record-derived,positive,"Carboxylic acids and derivatives; Amino acids, peptides, and analogues; Peptides",medium,1,observed,Cloxacillin; LC-ESI-QFT; MS2; Ramp 20%-70% (nominal); 30000; [M+H]+,peak_mz:51.8000,extended,True,medium,medium,keep
CF:massbank_MSBNK-ACES_SU-AS000510_53_3906,CF,peak_mz,53.3906,MassBank record-derived,positive,"Carboxylic acids and derivatives; Amino acids, peptides, and analogues; Peptides",medium,1,observed,Cloxacillin; LC-ESI-QFT; MS2; Ramp 20%-70% (nominal); 30000; [M+H]+,peak_mz:53.3900,extended,True,medium,medium,keep
CF:massbank_MSBNK-ACES_SU-AS000510_59_4631,CF,peak_mz,59.4631,MassBank record-derived,positive,"Carboxylic acids and derivatives; Amino acids, peptides, and analogues; Peptides",medium,1,observed,Cloxacillin; LC-ESI-QFT; MS2; Ramp 20%-70% (nominal); 30000; [M+H]+,peak_mz:59.4650,extended,True,medium,medium,keep
CF:massbank_MSBNK-ACES_SU-AS000511_51_2991,CF,peak_mz,51.2991,MassBank record-derived,positive,Benzene and substituted derivatives; Biphenyls and derivatives; Biphenyls and derivatives,medium,1,observed,Olmesartan; LC-ESI-QFT; MS2; Ramp 20%-70% (nominal); 30000; [M+H]+,peak_mz:51.3000,extended,True,medium,medium,keep
CF:massbank_MSBNK-ACES_SU-AS000511_60_1661,CF,peak_mz,60.1661,MassBank record-derived,positive,Benzene and substituted derivatives; Biphenyls and derivatives; Biphenyls and derivatives,medium,1,observed,Olmesartan; LC-ESI-QFT; MS2; Ramp 20%-70% (nominal); 30000; [M+H]+,peak_mz:60.1650,extended,True,medium,medium,keep
CF:massbank_MSBNK-ACES_SU-AS000511_80_0491,CF,peak_mz,80.0491,MassBank record-derived,positive,Benzene and substituted derivatives; Biphenyls and derivatives; Biphenyls and derivatives,medium,1,observed,Olmesartan; LC-ESI-QFT; MS2; Ramp 20%-70% (nominal); 30000; [M+H]+,peak_mz:80.0500,extended,True,medium,medium,keep
CF:massbank_MSBNK-ACES_SU-AS000513_70_5703,CF,peak_mz,70.5703,MassBank record-derived,positive,"Steroids and steroid derivatives; Pregnane steroids; Gluco/mineralocorticoids, progestogins and derivatives",medium,1,observed,Amcinonide; LC-ESI-QFT; MS2; Ramp 20%-70% (nominal); 30000; [M+H]+,peak_mz:70.5700,extended,True,medium,medium,keep
NL:massbank_MSBNK-ACES_SU-AS000514,NL,mass_diff,599.9152,MassBank record-derived,positive,Peptidomimetics; Peptoid-peptide hybrids; Cyclosporins,medium,1,observed,Cyclosporin A; LC-ESI-QFT; MS2; Ramp 20%-70% (nominal); 30000; [M+2H]2+,mass_diff:599.9150,extended,True,medium,medium,keep
CF:massbank_MSBNK-ACES_SU-AS000514_51_3602,CF,peak_mz,51.3602,MassBank record-derived,positive,Peptidomimetics; Peptoid-peptide hybrids; Cyclosporins,medium,1,observed,Cyclosporin A; LC-ESI-QFT; MS2; Ramp 20%-70% (nominal); 30000; [M+2H]2+,peak_mz:51.3600,extended,True,medium,medium,keep
CF:massbank_MSBNK-ACES_SU-AS000515_54_3775,CF,peak_mz,54.3775,MassBank record-derived,positive,Organonitrogen compounds; Guanidines; Biguanides,medium,1,observed,Metformin; LC-ESI-QFT; MS2; Ramp 20%-70% (nominal); 30000; [M+H]+,peak_mz:54.3800,extended,True,medium,medium,keep
CF:massbank_MSBNK-ACES_SU-AS000515_59_3022,CF,peak_mz,59.3022,MassBank record-derived,positive,Organonitrogen compounds; Guanidines; Biguanides,medium,1,observed,Metformin; LC-ESI-QFT; MS2; Ramp 20%-70% (nominal); 30000; [M+H]+,peak_mz:59.3000,extended,True,medium,medium,keep
CF:massbank_MSBNK-ACES_SU-AS000517_50_8393,CF,peak_mz,50.8393,MassBank record-derived,positive,Diazinanes; Piperazines; Piperazine carboxylic acids and derivatives,medium,1,observed,Diethylcarbamazine; LC-ESI-QFT; MS2; Ramp 20%-70% (nominal); 30000; [M+H]+,peak_mz:50.8400,extended,True,medium,medium,keep
CF:massbank_MSBNK-ACES_SU-AS000517_52_2756,CF,peak_mz,52.2756,MassBank record-derived,positive,Diazinanes; Piperazines; Piperazine carboxylic acids and derivatives,medium,1,observed,Diethylcarbamazine; LC-ESI-QFT; MS2; Ramp 20%-70% (nominal); 30000; [M+H]+,peak_mz:52.2750,extended,True,medium,medium,keep
CF:massbank_MSBNK-ACES_SU-AS000518_57_8092,CF,peak_mz,57.8092,MassBank record-derived,positive,Triazolopyrimidines; None; Triazolopyrimidines,medium,1,observed,Trapidil; LC-ESI-QFT; MS2; Ramp 20%-70% (nominal); 30000; [M+H]+,peak_mz:57.8100,extended,True,medium,medium,keep
CF:massbank_MSBNK-ACES_SU-AS000518_58_8444,CF,peak_mz,58.8444,MassBank record-derived,positive,Triazolopyrimidines; None; Triazolopyrimidines,medium,1,observed,Trapidil; LC-ESI-QFT; MS2; Ramp 20%-70% (nominal); 30000; [M+H]+,peak_mz:58.8450,extended,True,medium,medium,keep
CF:massbank_MSBNK-ACES_SU-AS000518_66_0336,CF,peak_mz,66.0336,MassBank record-derived,positive,Triazolopyrimidines; None; Triazolopyrimidines,medium,1,observed,Trapidil; LC-ESI-QFT; MS2; Ramp 20%-70% (nominal); 30000; [M+H]+,peak_mz:66.0350,extended,True,medium,medium,keep
CF:massbank_MSBNK-ACES_SU-AS000520_57_3331,CF,peak_mz,57.3331,MassBank record-derived,positive,Benzothiophenes; 1-benzothiophenes; 1-benzothiophenes,medium,1,observed,Zileuton; LC-ESI-QFT; MS2; Ramp 20%-70% (nominal); 30000; [M+H]+,peak_mz:57.3350,extended,True,medium,medium,keep
CF:massbank_MSBNK-ACES_SU-AS000521_57_1475,CF,peak_mz,57.1475,MassBank record-derived,positive,Organooxygen compounds; Carbonyl compounds; Ketones,medium,1,observed,Bupropion; LC-ESI-QFT; MS2; Ramp 20%-70% (nominal); 30000; [M+H]+,peak_mz:57.1500,extended,True,medium,medium,keep
CF:massbank_MSBNK-ACES_SU-AS000521_57_3391,CF,peak_mz,57.3391,MassBank record-derived,positive,Organooxygen compounds; Carbonyl compounds; Ketones,medium,1,observed,Bupropion; LC-ESI-QFT; MS2; Ramp 20%-70% (nominal); 30000; [M+H]+,peak_mz:57.3400,extended,True,medium,medium,keep
CF:massbank_MSBNK-ACES_SU-AS000522_50_1688,CF,peak_mz,50.1688,MassBank record-derived,positive,Nucleoside and nucleotide analogues; 3'-thia pyrimidine nucleosides; 3'-thia pyrimidine nucleosides,medium,1,observed,Emtricitabine; LC-ESI-QFT; MS2; Ramp 20%-70% (nominal); 30000; [M+H]+,peak_mz:50.1700,extended,True,medium,medium,keep
CF:massbank_MSBNK-ACES_SU-AS000522_53_0432,CF,peak_mz,53.0432,MassBank record-derived,positive,Nucleoside and nucleotide analogues; 3'-thia pyrimidine nucleosides; 3'-thia pyrimidine nucleosides,medium,1,observed,Emtricitabine; LC-ESI-QFT; MS2; Ramp 20%-70% (nominal); 30000; [M+H]+,peak_mz:53.0450,extended,True,medium,medium,keep
CF:massbank_MSBNK-ACES_SU-AS000522_53_3308,CF,peak_mz,53.3308,MassBank record-derived,positive,Nucleoside and nucleotide analogues; 3'-thia pyrimidine nucleosides; 3'-thia pyrimidine nucleosides,medium,1,observed,Emtricitabine; LC-ESI-QFT; MS2; Ramp 20%-70% (nominal); 30000; [M+H]+,peak_mz:53.3300,extended,True,medium,medium,keep
CF:massbank_MSBNK-ACES_SU-AS000523_52_7813,CF,peak_mz,52.7813,MassBank record-derived,positive,Organonitrogen compounds; Amines; Aralkylamines,medium,1,observed,Nefopam; LC-ESI-QFT; MS2; Ramp 20%-70% (nominal); 30000; [M+H]+,peak_mz:52.7800,extended,True,medium,medium,keep
CF:massbank_MSBNK-ACES_SU-AS000523_55_8773,CF,peak_mz,55.8773,MassBank record-derived,positive,Organonitrogen compounds; Amines; Aralkylamines,medium,1,observed,Nefopam; LC-ESI-QFT; MS2; Ramp 20%-70% (nominal); 30000; [M+H]+,peak_mz:55.8750,extended,True,medium,medium,keep
CF:massbank_MSBNK-ACES_SU-AS000524_58_2035,CF,peak_mz,58.2035,MassBank record-derived,positive,Benzene and substituted derivatives; Benzylamines; 2-benzylaminopyridines,medium,1,observed,Tripelennamine; LC-ESI-QFT; MS2; Ramp 20%-70% (nominal); 30000; [M+Na]+,peak_mz:58.2050,extended,True,medium,medium,keep
CF:massbank_MSBNK-ACES_SU-AS000524_76_9589,CF,peak_mz,76.9589,MassBank record-derived,positive,Benzene and substituted derivatives; Benzylamines; 2-benzylaminopyridines,medium,1,observed,Tripelennamine; LC-ESI-QFT; MS2; Ramp 20%-70% (nominal); 30000; [M+Na]+,peak_mz:76.9600,extended,True,medium,medium,keep
CF:massbank_MSBNK-ACES_SU-AS000525_53_9445,CF,peak_mz,53.9445,MassBank record-derived,positive,Pyridines and derivatives; Pyridinecarboxylic acids and derivatives; Pyridinecarboxylic acids,medium,1,observed,Clonixin; LC-ESI-QFT; MS2; Ramp 20%-70% (nominal); 30000; [M+H]+,peak_mz:53.9450,extended,True,medium,medium,keep
CF:massbank_MSBNK-ACES_SU-AS000525_64_0147,CF,peak_mz,64.0147,MassBank record-derived,positive,Pyridines and derivatives; Pyridinecarboxylic acids and derivatives; Pyridinecarboxylic acids,medium,1,observed,Clonixin; LC-ESI-QFT; MS2; Ramp 20%-70% (nominal); 30000; [M+H]+,peak_mz:64.0150,extended,True,medium,medium,keep
CF:massbank_MSBNK-ACES_SU-AS000525_70_1929,CF,peak_mz,70.1929,MassBank record-derived,positive,Pyridines and derivatives; Pyridinecarboxylic acids and derivatives; Pyridinecarboxylic acids,medium,1,observed,Clonixin; LC-ESI-QFT; MS2; Ramp 20%-70% (nominal); 30000; [M+H]+,peak_mz:70.1950,extended,True,medium,medium,keep
CF:massbank_MSBNK-ACES_SU-AS000526_59_9658,CF,peak_mz,59.9658,MassBank record-derived,positive,Diazanaphthalenes; Benzodiazines; Cinnolines,medium,1,observed,Cinoxacin; LC-ESI-QFT; MS2; Ramp 20%-70% (nominal); 30000; [M+H]+,peak_mz:59.9650,extended,True,medium,medium,keep
CF:massbank_MSBNK-ACES_SU-AS000526_86_9373,CF,peak_mz,86.9373,MassBank record-derived,positive,Diazanaphthalenes; Benzodiazines; Cinnolines,medium,1,observed,Cinoxacin; LC-ESI-QFT; MS2; Ramp 20%-70% (nominal); 30000; [M+H]+,peak_mz:86.9350,extended,True,medium,medium,keep
CF:massbank_MSBNK-ACES_SU-AS000526_87_0498,CF,peak_mz,87.0498,MassBank record-derived,positive,Diazanaphthalenes; Benzodiazines; Cinnolines,medium,1,observed,Cinoxacin; LC-ESI-QFT; MS2; Ramp 20%-70% (nominal); 30000; [M+H]+,peak_mz:87.0500,extended,True,medium,medium,keep
CF:massbank_MSBNK-ACES_SU-AS000527_50_3338,CF,peak_mz,50.3338,MassBank record-derived,positive,Benzene and substituted derivatives; Benzenesulfonamides; Aminobenzenesulfonamides,medium,1,observed,Sulfisoxazole; LC-ESI-QFT; MS2; Ramp 20%-70% (nominal); 30000; [M+H]+,peak_mz:50.3350,extended,True,medium,medium,keep
CF:massbank_MSBNK-ACES_SU-AS000528_51_9757,CF,peak_mz,51.9757,MassBank record-derived,positive,Benzene and substituted derivatives; Diphenylmethanes; Diphenylmethanes,medium,1,observed,Modafinil; LC-ESI-QFT; MS2; Ramp 20%-70% (nominal); 30000; [M+H]+,peak_mz:51.9750,extended,True,medium,medium,keep
CF:massbank_MSBNK-ACES_SU-AS000528_56_2009,CF,peak_mz,56.2009,MassBank record-derived,positive,Benzene and substituted derivatives; Diphenylmethanes; Diphenylmethanes,medium,1,observed,Modafinil; LC-ESI-QFT; MS2; Ramp 20%-70% (nominal); 30000; [M+H]+,peak_mz:56.2000,extended,True,medium,medium,keep
CF:massbank_MSBNK-ACES_SU-AS000529_72_0863,CF,peak_mz,72.0863,MassBank record-derived,positive,Phenol ethers; Anisoles; Anisoles,medium,1,observed,Venlafaxine; LC-ESI-QFT; MS2; Ramp 20%-70% (nominal); 30000; [M+H]+,peak_mz:72.0850,extended,True,medium,medium,keep
CF:massbank_MSBNK-ACES_SU-AS000530_68_3064,CF,peak_mz,68.3064,MassBank record-derived,positive,Amaryllidaceae alkaloids; Galanthamine-type amaryllidaceae alkaloids; Galanthamine-type amaryllidaceae alkaloids,medium,1,observed,Galanthamine; LC-ESI-QFT; MS2; Ramp 20%-70% (nominal); 30000; [M+H]+,peak_mz:68.3050,extended,True,medium,medium,keep
CF:massbank_MSBNK-ACES_SU-AS000531_51_7535,CF,peak_mz,51.7535,MassBank record-derived,positive,Tropane alkaloids; None; Tropane alkaloids,medium,1,observed,Atropine; LC-ESI-QFT; MS2; Ramp 20%-70% (nominal); 30000; [M+H]+,peak_mz:51.7550,extended,True,medium,medium,keep
CF:massbank_MSBNK-ACES_SU-AS000531_58_0575,CF,peak_mz,58.0575,MassBank record-derived,positive,Tropane alkaloids; None; Tropane alkaloids,medium,1,observed,Atropine; LC-ESI-QFT; MS2; Ramp 20%-70% (nominal); 30000; [M+H]+,peak_mz:58.0600,extended,True,medium,medium,keep
CF:massbank_MSBNK-ACES_SU-AS000532_59_6001,CF,peak_mz,59.6001,MassBank record-derived,positive,Benzene and substituted derivatives; Phenylpropanes; Phenylpropanes,medium,1,observed,Nylidrin; LC-ESI-QFT; MS2; Ramp 20%-70% (nominal); 30000; [M+H]+,peak_mz:59.6000,extended,True,medium,medium,keep
CF:massbank_MSBNK-ACES_SU-AS000533_51_4215,CF,peak_mz,51.4215,MassBank record-derived,positive,Benzene and substituted derivatives; Benzophenones; Benzophenones,medium,1,observed,Flubendazol; LC-ESI-QFT; MS2; Ramp 20%-70% (nominal); 30000; [M+H]+,peak_mz:51.4200,extended,True,medium,medium,keep
CF:massbank_MSBNK-ACES_SU-AS000533_57_4098,CF,peak_mz,57.4098,MassBank record-derived,positive,Benzene and substituted derivatives; Benzophenones; Benzophenones,medium,1,observed,Flubendazol; LC-ESI-QFT; MS2; Ramp 20%-70% (nominal); 30000; [M+H]+,peak_mz:57.4100,extended,True,medium,medium,keep
CF:massbank_MSBNK-ACES_SU-AS000533_73_9155,CF,peak_mz,73.9155,MassBank record-derived,positive,Benzene and substituted derivatives; Benzophenones; Benzophenones,medium,1,observed,Flubendazol; LC-ESI-QFT; MS2; Ramp 20%-70% (nominal); 30000; [M+H]+,peak_mz:73.9150,extended,True,medium,medium,keep
CF:massbank_MSBNK-ACES_SU-AS000534_50_7008,CF,peak_mz,50.7008,MassBank record-derived,positive,Imidazopyrimidines; Purines and purine derivatives; Purines and purine derivatives,medium,1,observed,Famciclovir; LC-ESI-QFT; MS2; Ramp 20%-70% (nominal); 30000; [M+H]+,peak_mz:50.7000,extended,True,medium,medium,keep
CF:massbank_MSBNK-ACES_SU-AS000534_53_4584,CF,peak_mz,53.4584,MassBank record-derived,positive,Imidazopyrimidines; Purines and purine derivatives; Purines and purine derivatives,medium,1,observed,Famciclovir; LC-ESI-QFT; MS2; Ramp 20%-70% (nominal); 30000; [M+H]+,peak_mz:53.4600,extended,True,medium,medium,keep
CF:massbank_MSBNK-ACES_SU-AS000535_60_2682,CF,peak_mz,60.2682,MassBank record-derived,positive,Benzene and substituted derivatives; Benzylethers; Benzylethers,medium,1,observed,Bisoprolol; LC-ESI-QFT; MS2; Ramp 20%-70% (nominal); 30000; [M+H]+,peak_mz:60.2700,extended,True,medium,medium,keep
CF:massbank_MSBNK-ACES_SU-AS000536_60_0316,CF,peak_mz,60.0316,MassBank record-derived,positive,Ibogan-type alkaloids; None; Ibogan-type alkaloids,medium,1,observed,Catharanthine; LC-ESI-QFT; MS2; Ramp 20%-70% (nominal); 30000; [M+H]+,peak_mz:60.0300,extended,True,medium,medium,keep
CF:massbank_MSBNK-ACES_SU-AS000536_60_4859,CF,peak_mz,60.4859,MassBank record-derived,positive,Ibogan-type alkaloids; None; Ibogan-type alkaloids,medium,1,observed,Catharanthine; LC-ESI-QFT; MS2; Ramp 20%-70% (nominal); 30000; [M+H]+,peak_mz:60.4850,extended,True,medium,medium,keep
CF:massbank_MSBNK-ACES_SU-AS000537_64_415,CF,peak_mz,64.415,MassBank record-derived,positive,Oxazinanes; Morpholines; Phenylmorpholines,medium,1,observed,Linezolid; LC-ESI-QFT; MS2; Ramp 20%-70% (nominal); 30000; [M+H]+,peak_mz:64.4150,extended,True,medium,medium,keep
CF:massbank_MSBNK-ACES_SU-AS000538_51_7305,CF,peak_mz,51.7305,MassBank record-derived,positive,Pyridines and derivatives; Pheniramines; Pheniramines,medium,1,observed,Disopyramide; LC-ESI-QFT; MS2; Ramp 20%-70% (nominal); 30000; [M+H]+,peak_mz:51.7300,extended,True,medium,medium,keep
CF:massbank_MSBNK-ACES_SU-AS000538_64_0747,CF,peak_mz,64.0747,MassBank record-derived,positive,Pyridines and derivatives; Pheniramines; Pheniramines,medium,1,observed,Disopyramide; LC-ESI-QFT; MS2; Ramp 20%-70% (nominal); 30000; [M+H]+,peak_mz:64.0750,extended,True,medium,medium,keep
CF:massbank_MSBNK-ACES_SU-AS000538_109_7352,CF,peak_mz,109.7352,MassBank record-derived,positive,Pyridines and derivatives; Pheniramines; Pheniramines,medium,1,observed,Disopyramide; LC-ESI-QFT; MS2; Ramp 20%-70% (nominal); 30000; [M+H]+,peak_mz:109.7350,extended,True,medium,medium,keep
CF:massbank_MSBNK-ACES_SU-AS000539_53_3562,CF,peak_mz,53.3562,MassBank record-derived,positive,Benzofurans; None; Benzofurans,medium,1,observed,Griseofulvin; LC-ESI-QFT; MS2; Ramp 20%-70% (nominal); 30000; [M+H]+,peak_mz:53.3550,extended,True,medium,medium,keep
CF:massbank_MSBNK-ACES_SU-AS000539_57_4448,CF,peak_mz,57.4448,MassBank record-derived,positive,Benzofurans; None; Benzofurans,medium,1,observed,Griseofulvin; LC-ESI-QFT; MS2; Ramp 20%-70% (nominal); 30000; [M+H]+,peak_mz:57.4450,extended,True,medium,medium,keep
CF:massbank_MSBNK-ACES_SU-AS000539_59_4557,CF,peak_mz,59.4557,MassBank record-derived,positive,Benzofurans; None; Benzofurans,medium,1,observed,Griseofulvin; LC-ESI-QFT; MS2; Ramp 20%-70% (nominal); 30000; [M+H]+,peak_mz:59.4550,extended,True,medium,medium,keep
CF:massbank_MSBNK-ACES_SU-AS000540_60_1852,CF,peak_mz,60.1852,MassBank record-derived,positive,Phenol ethers; None; Phenol ethers,medium,1,observed,Rosiglitazone; LC-ESI-QFT; MS2; Ramp 20%-70% (nominal); 30000; [M+H]+,peak_mz:60.1850,extended,True,medium,medium,keep
CF:massbank_MSBNK-ACES_SU-AS000540_78_0337,CF,peak_mz,78.0337,MassBank record-derived,positive,Phenol ethers; None; Phenol ethers,medium,1,observed,Rosiglitazone; LC-ESI-QFT; MS2; Ramp 20%-70% (nominal); 30000; [M+H]+,peak_mz:78.0350,extended,True,medium,medium,keep
CF:massbank_MSBNK-ACES_SU-AS000541_50_6417,CF,peak_mz,50.6417,MassBank record-derived,positive,Steroids and steroid derivatives; Hydroxysteroids; 21-hydroxysteroids,medium,1,observed,Prednisone; LC-ESI-QFT; MS2; Ramp 20%-70% (nominal); 30000; [M+H]+,peak_mz:50.6400,extended,True,medium,medium,keep
CF:massbank_MSBNK-ACES_SU-AS000541_59_0228,CF,peak_mz,59.0228,MassBank record-derived,positive,Steroids and steroid derivatives; Hydroxysteroids; 21-hydroxysteroids,medium,1,observed,Prednisone; LC-ESI-QFT; MS2; Ramp 20%-70% (nominal); 30000; [M+H]+,peak_mz:59.0250,extended,True,medium,medium,keep
CF:massbank_MSBNK-ACES_SU-AS000542_51_356,CF,peak_mz,51.356,MassBank record-derived,positive,Steroids and steroid derivatives; Androstane steroids; Androgens and derivatives,medium,1,observed,Finasteride; LC-ESI-QFT; MS2; Ramp 20%-70% (nominal); 30000; [M+H]+,peak_mz:51.3550,extended,True,medium,medium,keep
CF:massbank_MSBNK-ACES_SU-AS000543_53_1531,CF,peak_mz,53.1531,MassBank record-derived,positive,Pyrrolopyrazines; Cyclopyrrolones; Cyclopyrrolones,medium,1,observed,Zopiclone; LC-ESI-QFT; MS2; Ramp 20%-70% (nominal); 30000; [M+H]+,peak_mz:53.1550,extended,True,medium,medium,keep
CF:massbank_MSBNK-ACES_SU-AS000543_55_4647,CF,peak_mz,55.4647,MassBank record-derived,positive,Pyrrolopyrazines; Cyclopyrrolones; Cyclopyrrolones,medium,1,observed,Zopiclone; LC-ESI-QFT; MS2; Ramp 20%-70% (nominal); 30000; [M+H]+,peak_mz:55.4650,extended,True,medium,medium,keep
CF:massbank_MSBNK-ACES_SU-AS000543_62_5928,CF,peak_mz,62.5928,MassBank record-derived,positive,Pyrrolopyrazines; Cyclopyrrolones; Cyclopyrrolones,medium,1,observed,Zopiclone; LC-ESI-QFT; MS2; Ramp 20%-70% (nominal); 30000; [M+H]+,peak_mz:62.5950,extended,True,medium,medium,keep
CF:massbank_MSBNK-ACES_SU-AS000545_77_1013,CF,peak_mz,77.1013,MassBank record-derived,positive,Tropones; None; Tropones,medium,1,observed,Colchicine; LC-ESI-QFT; MS2; Ramp 20%-70% (nominal); 30000; [M+H]+,peak_mz:77.1000,extended,True,medium,medium,keep
CF:massbank_MSBNK-ACES_SU-AS000545_137_0592,CF,peak_mz,137.0592,MassBank record-derived,positive,Tropones; None; Tropones,medium,1,observed,Colchicine; LC-ESI-QFT; MS2; Ramp 20%-70% (nominal); 30000; [M+H]+,peak_mz:137.0600,extended,True,medium,medium,keep
CF:massbank_MSBNK-ACES_SU-AS000546_67_2657,CF,peak_mz,67.2657,MassBank record-derived,positive,Benzothiazines; Phenothiazines; Phenothiazines,medium,1,observed,Perphenazine; LC-ESI-QFT; MS2; Ramp 20%-70% (nominal); 30000; [M+H]+,peak_mz:67.2650,extended,True,medium,medium,keep
CF:massbank_MSBNK-ACES_SU-AS000548_50_1093,CF,peak_mz,50.1093,MassBank record-derived,positive,Benzene and substituted derivatives; Biphenyls and derivatives; Biphenyls and derivatives,medium,1,observed,Candesartan; LC-ESI-QFT; MS2; Ramp 20%-70% (nominal); 30000; [M+H]+,peak_mz:50.1100,extended,True,medium,medium,keep
CF:massbank_MSBNK-ACES_SU-AS000548_94_925,CF,peak_mz,94.925,MassBank record-derived,positive,Benzene and substituted derivatives; Biphenyls and derivatives; Biphenyls and derivatives,medium,1,observed,Candesartan; LC-ESI-QFT; MS2; Ramp 20%-70% (nominal); 30000; [M+H]+,peak_mz:94.9250,extended,True,medium,medium,keep
CF:massbank_MSBNK-ACES_SU-AS000548_99_1539,CF,peak_mz,99.1539,MassBank record-derived,positive,Benzene and substituted derivatives; Biphenyls and derivatives; Biphenyls and derivatives,medium,1,observed,Candesartan; LC-ESI-QFT; MS2; Ramp 20%-70% (nominal); 30000; [M+H]+,peak_mz:99.1550,extended,True,medium,medium,keep
CF:massbank_MSBNK-ACES_SU-AS000549_50_7177,CF,peak_mz,50.7177,MassBank record-derived,positive,Diazinanes; Piperazines; Phenylpiperazines,medium,1,observed,Nefazodone; LC-ESI-QFT; MS2; Ramp 20%-70% (nominal); 30000; [M+H]+,peak_mz:50.7200,extended,True,medium,medium,keep
CF:massbank_MSBNK-ACES_SU-AS000549_62_5418,CF,peak_mz,62.5418,MassBank record-derived,positive,Diazinanes; Piperazines; Phenylpiperazines,medium,1,observed,Nefazodone; LC-ESI-QFT; MS2; Ramp 20%-70% (nominal); 30000; [M+H]+,peak_mz:62.5400,extended,True,medium,medium,keep
CF:massbank_MSBNK-ACES_SU-AS000551_51_2678,CF,peak_mz,51.2678,MassBank record-derived,positive,"Steroids and steroid derivatives; Pregnane steroids; Gluco/mineralocorticoids, progestogins and derivatives",medium,1,observed,Fluocinonide; LC-ESI-QFT; MS2; Ramp 20%-70% (nominal); 30000; [M+H]+,peak_mz:51.2700,extended,True,medium,medium,keep
CF:massbank_MSBNK-ACES_SU-AS000551_63_2522,CF,peak_mz,63.2522,MassBank record-derived,positive,"Steroids and steroid derivatives; Pregnane steroids; Gluco/mineralocorticoids, progestogins and derivatives",medium,1,observed,Fluocinonide; LC-ESI-QFT; MS2; Ramp 20%-70% (nominal); 30000; [M+H]+,peak_mz:63.2500,extended,True,medium,medium,keep
CF:massbank_MSBNK-ACES_SU-AS000552_53_523,CF,peak_mz,53.523,MassBank record-derived,positive,Coumarins and derivatives; Hydroxycoumarins; 7-hydroxycoumarins,medium,1,observed,Hymecromone; LC-ESI-QFT; MS2; Ramp 20%-70% (nominal); 30000; [M+H]+,peak_mz:53.5250,extended,True,medium,medium,keep
CF:massbank_MSBNK-ACES_SU-AS000552_67_3778,CF,peak_mz,67.3778,MassBank record-derived,positive,Coumarins and derivatives; Hydroxycoumarins; 7-hydroxycoumarins,medium,1,observed,Hymecromone; LC-ESI-QFT; MS2; Ramp 20%-70% (nominal); 30000; [M+H]+,peak_mz:67.3800,extended,True,medium,medium,keep
CF:massbank_MSBNK-ACES_SU-AS000553_55_054,CF,peak_mz,55.054,MassBank record-derived,positive,Tetrahydroisoquinolines; None; Tetrahydroisoquinolines,medium,1,observed,"6,7-Dimethoxy-1-methyl-1,2,3,4-tetrahydroisoquinoline; LC-ESI-QFT; MS2; Ramp 20%-70% (nominal); 30000; [M+H]+",peak_mz:55.0550,extended,True,medium,medium,keep
CF:massbank_MSBNK-ACES_SU-AS000553_62_3454,CF,peak_mz,62.3454,MassBank record-derived,positive,Tetrahydroisoquinolines; None; Tetrahydroisoquinolines,medium,1,observed,"6,7-Dimethoxy-1-methyl-1,2,3,4-tetrahydroisoquinoline; LC-ESI-QFT; MS2; Ramp 20%-70% (nominal); 30000; [M+H]+",peak_mz:62.3450,extended,True,medium,medium,keep
CF:massbank_MSBNK-ACES_SU-AS000553_71_5802,CF,peak_mz,71.5802,MassBank record-derived,positive,Tetrahydroisoquinolines; None; Tetrahydroisoquinolines,medium,1,observed,"6,7-Dimethoxy-1-methyl-1,2,3,4-tetrahydroisoquinoline; LC-ESI-QFT; MS2; Ramp 20%-70% (nominal); 30000; [M+H]+",peak_mz:71.5800,extended,True,medium,medium,keep
CF:massbank_MSBNK-ACES_SU-AS000554_61_2848,CF,peak_mz,61.2848,MassBank record-derived,positive,Diazines; Pyrimidines and pyrimidine derivatives; Hydropyrimidines,medium,1,observed,Primidone; LC-ESI-QFT; MS2; Ramp 20%-70% (nominal); 30000; [M+H]+,peak_mz:61.2850,extended,True,medium,medium,keep
CF:massbank_MSBNK-ACES_SU-AS000554_66_0143,CF,peak_mz,66.0143,MassBank record-derived,positive,Diazines; Pyrimidines and pyrimidine derivatives; Hydropyrimidines,medium,1,observed,Primidone; LC-ESI-QFT; MS2; Ramp 20%-70% (nominal); 30000; [M+H]+,peak_mz:66.0150,extended,True,medium,medium,keep
CF:massbank_MSBNK-ACES_SU-AS000554_76_645,CF,peak_mz,76.645,MassBank record-derived,positive,Diazines; Pyrimidines and pyrimidine derivatives; Hydropyrimidines,medium,1,observed,Primidone; LC-ESI-QFT; MS2; Ramp 20%-70% (nominal); 30000; [M+H]+,peak_mz:76.6450,extended,True,medium,medium,keep
CF:massbank_MSBNK-ACES_SU-AS000555_55_5228,CF,peak_mz,55.5228,MassBank record-derived,positive,Benzene and substituted derivatives; Benzoic acids and derivatives; Benzoic acids and derivatives,medium,1,observed,Aniracetam; LC-ESI-QFT; MS2; Ramp 20%-70% (nominal); 30000; [M+H]+,peak_mz:55.5250,extended,True,medium,medium,keep
CF:massbank_MSBNK-ACES_SU-AS000556_50_5337,CF,peak_mz,50.5337,MassBank record-derived,positive,Azoles; Pyrazoles; Phenylpyrazoles,medium,1,observed,Amidopyrine; LC-ESI-QFT; MS2; Ramp 20%-70% (nominal); 30000; [M+H]+,peak_mz:50.5350,extended,True,medium,medium,keep
CF:massbank_MSBNK-ACES_SU-AS000557_52_7997,CF,peak_mz,52.7997,MassBank record-derived,positive,Benzene and substituted derivatives; Benzoic acids and derivatives; Aminobenzoic acids and derivatives,medium,1,observed,Procainamide; LC-ESI-QFT; MS2; Ramp 20%-70% (nominal); 30000; [M+H]+,peak_mz:52.8000,extended,True,medium,medium,keep
CF:massbank_MSBNK-ACES_SU-AS000557_57_4354,CF,peak_mz,57.4354,MassBank record-derived,positive,Benzene and substituted derivatives; Benzoic acids and derivatives; Aminobenzoic acids and derivatives,medium,1,observed,Procainamide; LC-ESI-QFT; MS2; Ramp 20%-70% (nominal); 30000; [M+H]+,peak_mz:57.4350,extended,True,medium,medium,keep
CF:massbank_MSBNK-ACES_SU-AS000557_60_4966,CF,peak_mz,60.4966,MassBank record-derived,positive,Benzene and substituted derivatives; Benzoic acids and derivatives; Aminobenzoic acids and derivatives,medium,1,observed,Procainamide; LC-ESI-QFT; MS2; Ramp 20%-70% (nominal); 30000; [M+H]+,peak_mz:60.4950,extended,True,medium,medium,keep
CF:massbank_MSBNK-ACES_SU-AS000559_54_3669,CF,peak_mz,54.3669,MassBank record-derived,positive,Dibenzocycloheptenes; None; Dibenzocycloheptenes,medium,1,observed,Protriptyline; LC-ESI-QFT; MS2; Ramp 20%-70% (nominal); 30000; [M+H]+,peak_mz:54.3650,extended,True,medium,medium,keep
CF:massbank_MSBNK-ACES_SU-AS000559_70_1961,CF,peak_mz,70.1961,MassBank record-derived,positive,Dibenzocycloheptenes; None; Dibenzocycloheptenes,medium,1,observed,Protriptyline; LC-ESI-QFT; MS2; Ramp 20%-70% (nominal); 30000; [M+H]+,peak_mz:70.1950,extended,True,medium,medium,keep
CF:massbank_MSBNK-ACES_SU-AS000560_54_1426,CF,peak_mz,54.1426,MassBank record-derived,positive,Benzene and substituted derivatives; Benzenesulfonamides; Aminobenzenesulfonamides,medium,1,observed,Sulfamethizole; LC-ESI-QFT; MS2; Ramp 20%-70% (nominal); 30000; [M+H]+,peak_mz:54.1450,extended,True,medium,medium,keep
CF:massbank_MSBNK-ACES_SU-AS000560_62_8089,CF,peak_mz,62.8089,MassBank record-derived,positive,Benzene and substituted derivatives; Benzenesulfonamides; Aminobenzenesulfonamides,medium,1,observed,Sulfamethizole; LC-ESI-QFT; MS2; Ramp 20%-70% (nominal); 30000; [M+H]+,peak_mz:62.8100,extended,True,medium,medium,keep
CF:massbank_MSBNK-ACES_SU-AS000561_60_0808,CF,peak_mz,60.0808,MassBank record-derived,positive,Benzene and substituted derivatives; Benzenesulfonamides; Benzenesulfonamides,medium,1,observed,Chlorpropamide; LC-ESI-QFT; MS2; Ramp 20%-70% (nominal); 30000; [M+H]+,peak_mz:60.0800,extended,True,medium,medium,keep
CF:massbank_MSBNK-ACES_SU-AS000561_66_3799,CF,peak_mz,66.3799,MassBank record-derived,positive,Benzene and substituted derivatives; Benzenesulfonamides; Benzenesulfonamides,medium,1,observed,Chlorpropamide; LC-ESI-QFT; MS2; Ramp 20%-70% (nominal); 30000; [M+H]+,peak_mz:66.3800,extended,True,medium,medium,keep
CF:massbank_MSBNK-ACES_SU-AS000561_72_9113,CF,peak_mz,72.9113,MassBank record-derived,positive,Benzene and substituted derivatives; Benzenesulfonamides; Benzenesulfonamides,medium,1,observed,Chlorpropamide; LC-ESI-QFT; MS2; Ramp 20%-70% (nominal); 30000; [M+H]+,peak_mz:72.9100,extended,True,medium,medium,keep
CF:massbank_MSBNK-ACES_SU-AS000562_51_5997,CF,peak_mz,51.5997,MassBank record-derived,positive,Benzene and substituted derivatives; Diphenylmethanes; Diphenylmethanes,medium,1,observed,Letrozole; LC-ESI-QFT; MS2; Ramp 20%-70% (nominal); 30000; [M+H]+,peak_mz:51.6000,extended,True,medium,medium,keep
CF:massbank_MSBNK-ACES_SU-AS000562_81_8331,CF,peak_mz,81.8331,MassBank record-derived,positive,Benzene and substituted derivatives; Diphenylmethanes; Diphenylmethanes,medium,1,observed,Letrozole; LC-ESI-QFT; MS2; Ramp 20%-70% (nominal); 30000; [M+H]+,peak_mz:81.8350,extended,True,medium,medium,keep
CF:massbank_MSBNK-ACES_SU-AS000562_106_5253,CF,peak_mz,106.5253,MassBank record-derived,positive,Benzene and substituted derivatives; Diphenylmethanes; Diphenylmethanes,medium,1,observed,Letrozole; LC-ESI-QFT; MS2; Ramp 20%-70% (nominal); 30000; [M+H]+,peak_mz:106.5250,extended,True,medium,medium,keep
CF:massbank_MSBNK-ACES_SU-AS000563_50_7123,CF,peak_mz,50.7123,MassBank record-derived,positive,Benzazepines; Dibenzazepines; Dibenzazepines,medium,1,observed,Trimipramine; LC-ESI-QFT; MS2; Ramp 20%-70% (nominal); 30000; [M+H]+,peak_mz:50.7100,extended,True,medium,medium,keep
CF:massbank_MSBNK-ACES_SU-AS000563_59_0686,CF,peak_mz,59.0686,MassBank record-derived,positive,Benzazepines; Dibenzazepines; Dibenzazepines,medium,1,observed,Trimipramine; LC-ESI-QFT; MS2; Ramp 20%-70% (nominal); 30000; [M+H]+,peak_mz:59.0700,extended,True,medium,medium,keep
CF:massbank_MSBNK-ACES_SU-AS000565_56_5249,CF,peak_mz,56.5249,MassBank record-derived,positive,Phenols; Benzenediols; Catechols,medium,1,observed,Dobutamine; LC-ESI-QFT; MS2; Ramp 20%-70% (nominal); 30000; [M+H]+,peak_mz:56.5250,extended,True,medium,medium,keep
CF:massbank_MSBNK-ACES_SU-AS000565_65_3234,CF,peak_mz,65.3234,MassBank record-derived,positive,Phenols; Benzenediols; Catechols,medium,1,observed,Dobutamine; LC-ESI-QFT; MS2; Ramp 20%-70% (nominal); 30000; [M+H]+,peak_mz:65.3250,extended,True,medium,medium,keep
CF:massbank_MSBNK-ACES_SU-AS000567_63_5586,CF,peak_mz,63.5586,MassBank record-derived,positive,Diazinanes; Piperazines; N-arylpiperazines,medium,1,observed,Pipemidic acid; LC-ESI-QFT; MS2; Ramp 20%-70% (nominal); 30000; [M+H]+,peak_mz:63.5600,extended,True,medium,medium,keep
CF:massbank_MSBNK-ACES_SU-AS000567_67_0276,CF,peak_mz,67.0276,MassBank record-derived,positive,Diazinanes; Piperazines; N-arylpiperazines,medium,1,observed,Pipemidic acid; LC-ESI-QFT; MS2; Ramp 20%-70% (nominal); 30000; [M+H]+,peak_mz:67.0300,extended,True,medium,medium,keep
CF:massbank_MSBNK-ACES_SU-AS000567_67_7156,CF,peak_mz,67.7156,MassBank record-derived,positive,Diazinanes; Piperazines; N-arylpiperazines,medium,1,observed,Pipemidic acid; LC-ESI-QFT; MS2; Ramp 20%-70% (nominal); 30000; [M+H]+,peak_mz:67.7150,extended,True,medium,medium,keep
CF:massbank_MSBNK-ACES_SU-AS000568_52_0612,CF,peak_mz,52.0612,MassBank record-derived,positive,Benzene and substituted derivatives; Benzenesulfonamides; Aminobenzenesulfonamides,medium,1,observed,Sulfadimethoxine; LC-ESI-QFT; MS2; Ramp 20%-70% (nominal); 30000; [M+H]+,peak_mz:52.0600,extended,True,medium,medium,keep
CF:massbank_MSBNK-ACES_SU-AS000568_54_1049,CF,peak_mz,54.1049,MassBank record-derived,positive,Benzene and substituted derivatives; Benzenesulfonamides; Aminobenzenesulfonamides,medium,1,observed,Sulfadimethoxine; LC-ESI-QFT; MS2; Ramp 20%-70% (nominal); 30000; [M+H]+,peak_mz:54.1050,extended,True,medium,medium,keep
CF:massbank_MSBNK-ACES_SU-AS000569_51_5539,CF,peak_mz,51.5539,MassBank record-derived,positive,Benzazepines; Dibenzazepines; Dibenzazepines,medium,1,observed,Clomipramine; LC-ESI-QFT; MS2; Ramp 20%-70% (nominal); 30000; [M+H]+,peak_mz:51.5550,extended,True,medium,medium,keep
CF:massbank_MSBNK-ACES_SU-AS000570_60_511,CF,peak_mz,60.511,MassBank record-derived,positive,"Carboxylic acids and derivatives; Amino acids, peptides, and analogues; Amino acids and derivatives",medium,1,observed,Valacyclovir; LC-ESI-QFT; MS2; Ramp 20%-70% (nominal); 30000; [M+H]+,peak_mz:60.5100,extended,True,medium,medium,keep
CF:massbank_MSBNK-ACES_SU-AS000571_51_8126,CF,peak_mz,51.8126,MassBank record-derived,positive,Benzoxazepines; Dibenzoxazepines; Dibenzoxazepines,medium,1,observed,Loxapine; LC-ESI-QFT; MS2; Ramp 20%-70% (nominal); 30000; [M+H]+,peak_mz:51.8150,extended,True,medium,medium,keep
CF:massbank_MSBNK-ACES_SU-AS000571_70_4904,CF,peak_mz,70.4904,MassBank record-derived,positive,Benzoxazepines; Dibenzoxazepines; Dibenzoxazepines,medium,1,observed,Loxapine; LC-ESI-QFT; MS2; Ramp 20%-70% (nominal); 30000; [M+H]+,peak_mz:70.4900,extended,True,medium,medium,keep
CF:massbank_MSBNK-ACES_SU-AS000572_67_1708,CF,peak_mz,67.1708,MassBank record-derived,positive,"Carboxylic acids and derivatives; Amino acids, peptides, and analogues; Amino acids and derivatives",medium,1,observed,Tenoxicam; LC-ESI-QFT; MS2; Ramp 20%-70% (nominal); 30000; [M+H]+,peak_mz:67.1700,extended,True,medium,medium,keep
CF:massbank_MSBNK-ACES_SU-AS000572_70_995,CF,peak_mz,70.995,MassBank record-derived,positive,"Carboxylic acids and derivatives; Amino acids, peptides, and analogues; Amino acids and derivatives",medium,1,observed,Tenoxicam; LC-ESI-QFT; MS2; Ramp 20%-70% (nominal); 30000; [M+H]+,peak_mz:70.9950,extended,True,medium,medium,keep
CF:massbank_MSBNK-ACES_SU-AS000573_52_7461,CF,peak_mz,52.7461,MassBank record-derived,positive,Steroids and steroid derivatives; Estrane steroids; Estrane steroids,medium,1,observed,Danazol; LC-ESI-QFT; MS2; Ramp 20%-70% (nominal); 30000; [M+H]+,peak_mz:52.7450,extended,True,medium,medium,keep
CF:massbank_MSBNK-ACES_SU-AS000575_52_8149,CF,peak_mz,52.8149,MassBank record-derived,positive,"Linear 1,3-diarylpropanoids; None; Linear 1,3-diarylpropanoids",medium,1,observed,Propafenone; LC-ESI-QFT; MS2; Ramp 20%-70% (nominal); 30000; [M+H]+,peak_mz:52.8150,extended,True,medium,medium,keep
CF:massbank_MSBNK-ACES_SU-AS000575_61_6999,CF,peak_mz,61.6999,MassBank record-derived,positive,"Linear 1,3-diarylpropanoids; None; Linear 1,3-diarylpropanoids",medium,1,observed,Propafenone; LC-ESI-QFT; MS2; Ramp 20%-70% (nominal); 30000; [M+H]+,peak_mz:61.7000,extended,True,medium,medium,keep
CF:massbank_MSBNK-ACES_SU-AS000576_51_9984,CF,peak_mz,51.9984,MassBank record-derived,positive,Benzene and substituted derivatives; Halobenzenes; Chlorobenzenes,medium,1,observed,Aceclofenac; LC-ESI-QFT; MS2; Ramp 20%-70% (nominal); 30000; [M+H]+,peak_mz:52.0000,extended,True,medium,medium,keep
CF:massbank_MSBNK-ACES_SU-AS000576_57_0279,CF,peak_mz,57.0279,MassBank record-derived,positive,Benzene and substituted derivatives; Halobenzenes; Chlorobenzenes,medium,1,observed,Aceclofenac; LC-ESI-QFT; MS2; Ramp 20%-70% (nominal); 30000; [M+H]+,peak_mz:57.0300,extended,True,medium,medium,keep
CF:massbank_MSBNK-ACES_SU-AS000576_58_5986,CF,peak_mz,58.5986,MassBank record-derived,positive,Benzene and substituted derivatives; Halobenzenes; Chlorobenzenes,medium,1,observed,Aceclofenac; LC-ESI-QFT; MS2; Ramp 20%-70% (nominal); 30000; [M+H]+,peak_mz:58.6000,extended,True,medium,medium,keep
CF:massbank_MSBNK-ACES_SU-AS000577_65_3913,CF,peak_mz,65.3913,MassBank record-derived,positive,Benzene and substituted derivatives; Diphenylethers; Diphenylethers,medium,1,observed,Bumetanide; LC-ESI-QFT; MS2; Ramp 20%-70% (nominal); 30000; [M+H]+,peak_mz:65.3900,extended,True,medium,medium,keep
CF:massbank_MSBNK-ACES_SU-AS000578_51_9557,CF,peak_mz,51.9557,MassBank record-derived,positive,Thienothiazines; None; Thienothiazines,medium,1,observed,Brinzolamide; LC-ESI-QFT; MS2; Ramp 20%-70% (nominal); 30000; [M+H]+,peak_mz:51.9550,extended,True,medium,medium,keep
CF:massbank_MSBNK-ACES_SU-AS000578_68_2685,CF,peak_mz,68.2685,MassBank record-derived,positive,Thienothiazines; None; Thienothiazines,medium,1,observed,Brinzolamide; LC-ESI-QFT; MS2; Ramp 20%-70% (nominal); 30000; [M+H]+,peak_mz:68.2700,extended,True,medium,medium,keep
CF:massbank_MSBNK-ACES_SU-AS000578_71_0492,CF,peak_mz,71.0492,MassBank record-derived,positive,Thienothiazines; None; Thienothiazines,medium,1,observed,Brinzolamide; LC-ESI-QFT; MS2; Ramp 20%-70% (nominal); 30000; [M+H]+,peak_mz:71.0500,extended,True,medium,medium,keep
CF:massbank_MSBNK-ACES_SU-AS000579_52_6458,CF,peak_mz,52.6458,MassBank record-derived,positive,Diazinanes; Piperazines; N-arylpiperazines,medium,1,observed,Terazosin; LC-ESI-QFT; MS2; Ramp 20%-70% (nominal); 30000; [M+H]+,peak_mz:52.6450,extended,True,medium,medium,keep
CF:massbank_MSBNK-ACES_SU-AS000579_59_1733,CF,peak_mz,59.1733,MassBank record-derived,positive,Diazinanes; Piperazines; N-arylpiperazines,medium,1,observed,Terazosin; LC-ESI-QFT; MS2; Ramp 20%-70% (nominal); 30000; [M+H]+,peak_mz:59.1750,extended,True,medium,medium,keep
CF:massbank_MSBNK-ACES_SU-AS000580_62_491,CF,peak_mz,62.491,MassBank record-derived,positive,Azobenzenes; None; Azobenzenes,medium,1,observed,Sulfasalazine; LC-ESI-QFT; MS2; Ramp 20%-70% (nominal); 30000; [M+H]+,peak_mz:62.4900,extended,True,medium,medium,keep
CF:massbank_MSBNK-ACES_SU-AS000580_67_0415,CF,peak_mz,67.0415,MassBank record-derived,positive,Azobenzenes; None; Azobenzenes,medium,1,observed,Sulfasalazine; LC-ESI-QFT; MS2; Ramp 20%-70% (nominal); 30000; [M+H]+,peak_mz:67.0400,extended,True,medium,medium,keep
CF:massbank_MSBNK-ACES_SU-AS000580_69_8042,CF,peak_mz,69.8042,MassBank record-derived,positive,Azobenzenes; None; Azobenzenes,medium,1,observed,Sulfasalazine; LC-ESI-QFT; MS2; Ramp 20%-70% (nominal); 30000; [M+H]+,peak_mz:69.8050,extended,True,medium,medium,keep
CF:massbank_MSBNK-ACES_SU-AS000581_58_0195,CF,peak_mz,58.0195,MassBank record-derived,positive,Benzene and substituted derivatives; Anilides; Aromatic anilides,medium,1,observed,Phthalylsulfathiazole; LC-ESI-QFT; MS2; Ramp 20%-70% (nominal); 30000; [M+H]+,peak_mz:58.0200,extended,True,medium,medium,keep
CF:massbank_MSBNK-ACES_SU-AS000581_78_3949,CF,peak_mz,78.3949,MassBank record-derived,positive,Benzene and substituted derivatives; Anilides; Aromatic anilides,medium,1,observed,Phthalylsulfathiazole; LC-ESI-QFT; MS2; Ramp 20%-70% (nominal); 30000; [M+H]+,peak_mz:78.3950,extended,True,medium,medium,keep
CF:massbank_MSBNK-ACES_SU-AS000582_56_9923,CF,peak_mz,56.9923,MassBank record-derived,positive,Lactones; Delta valerolactones; Delta valerolactones,medium,1,observed,Simvastatin; LC-ESI-QFT; MS2; Ramp 20%-70% (nominal); 30000; [M+H]+,peak_mz:56.9900,extended,True,medium,medium,keep
CF:massbank_MSBNK-ACES_SU-AS000582_59_234,CF,peak_mz,59.234,MassBank record-derived,positive,Lactones; Delta valerolactones; Delta valerolactones,medium,1,observed,Simvastatin; LC-ESI-QFT; MS2; Ramp 20%-70% (nominal); 30000; [M+H]+,peak_mz:59.2350,extended,True,medium,medium,keep
CF:massbank_MSBNK-ACES_SU-AS000583_61_1124,CF,peak_mz,61.1124,MassBank record-derived,positive,Benzimidazoles; None; Benzimidazoles,medium,1,observed,Domperidone; LC-ESI-QFT; MS2; Ramp 20%-70% (nominal); 30000; [M+H]+,peak_mz:61.1100,extended,True,medium,medium,keep
CF:massbank_MSBNK-ACES_SU-AS000583_64_7345,CF,peak_mz,64.7345,MassBank record-derived,positive,Benzimidazoles; None; Benzimidazoles,medium,1,observed,Domperidone; LC-ESI-QFT; MS2; Ramp 20%-70% (nominal); 30000; [M+H]+,peak_mz:64.7350,extended,True,medium,medium,keep
CF:massbank_MSBNK-ACES_SU-AS000583_70_2204,CF,peak_mz,70.2204,MassBank record-derived,positive,Benzimidazoles; None; Benzimidazoles,medium,1,observed,Domperidone; LC-ESI-QFT; MS2; Ramp 20%-70% (nominal); 30000; [M+H]+,peak_mz:70.2200,extended,True,medium,medium,keep
CF:massbank_MSBNK-ACES_SU-AS000586_61_0079,CF,peak_mz,61.0079,MassBank record-derived,positive,Benzene and substituted derivatives; Benzenesulfonamides; Benzenesulfonamides,medium,1,observed,Vardenafil; LC-ESI-QFT; MS2; Ramp 20%-70% (nominal); 30000; [M+H]+,peak_mz:61.0100,extended,True,medium,medium,keep
NL:massbank_MSBNK-ACES_SU-AS000587,NL,mass_diff,1.0053,MassBank record-derived,positive,Diazinanes; Piperazines; Phenylpiperazines,medium,1,observed,Terconazole; LC-ESI-QFT; MS2; Ramp 20%-70% (nominal); 30000; [M+H]+,mass_diff:1.0050,extended,True,medium,medium,keep
CF:massbank_MSBNK-ACES_SU-AS000587_56_3918,CF,peak_mz,56.3918,MassBank record-derived,positive,Diazinanes; Piperazines; Phenylpiperazines,medium,1,observed,Terconazole; LC-ESI-QFT; MS2; Ramp 20%-70% (nominal); 30000; [M+H]+,peak_mz:56.3900,extended,True,medium,medium,keep
CF:massbank_MSBNK-ACES_SU-AS000588_51_2651,CF,peak_mz,51.2651,MassBank record-derived,positive,Benzene and substituted derivatives; Benzoic acids and derivatives; Benzoic acid esters,medium,1,observed,Benzonatate; LC-ESI-QFT; MS2; Ramp 20%-70% (nominal); 30000; [M+H]+,peak_mz:51.2650,extended,True,medium,medium,keep
CF:massbank_MSBNK-ACES_SU-AS000588_56_1556,CF,peak_mz,56.1556,MassBank record-derived,positive,Benzene and substituted derivatives; Benzoic acids and derivatives; Benzoic acid esters,medium,1,observed,Benzonatate; LC-ESI-QFT; MS2; Ramp 20%-70% (nominal); 30000; [M+H]+,peak_mz:56.1550,extended,True,medium,medium,keep
CF:massbank_MSBNK-ACES_SU-AS000588_58_7151,CF,peak_mz,58.7151,MassBank record-derived,positive,Benzene and substituted derivatives; Benzoic acids and derivatives; Benzoic acid esters,medium,1,observed,Benzonatate; LC-ESI-QFT; MS2; Ramp 20%-70% (nominal); 30000; [M+H]+,peak_mz:58.7150,extended,True,medium,medium,keep
CF:massbank_MSBNK-ACES_SU-AS000589_50_1061,CF,peak_mz,50.1061,MassBank record-derived,positive,Coumarins and derivatives; Coumarin glycosides; Coumarin glycosides,medium,1,observed,Novobiocin; LC-ESI-QFT; MS2; Ramp 20%-70% (nominal); 30000; [M+H]+,peak_mz:50.1050,extended,True,medium,medium,keep
CF:massbank_MSBNK-ACES_SU-AS000589_55_3034,CF,peak_mz,55.3034,MassBank record-derived,positive,Coumarins and derivatives; Coumarin glycosides; Coumarin glycosides,medium,1,observed,Novobiocin; LC-ESI-QFT; MS2; Ramp 20%-70% (nominal); 30000; [M+H]+,peak_mz:55.3050,extended,True,medium,medium,keep
NL:massbank_MSBNK-ACES_SU-AS000590,NL,mass_diff,1.0051,MassBank record-derived,positive,Benzene and substituted derivatives; Anilides; Acetanilides,medium,1,observed,Iocetamic acid; LC-ESI-QFT; MS2; Ramp 20%-70% (nominal); 30000; [M+H]+,mass_diff:1.0050,extended,True,medium,medium,keep
CF:massbank_MSBNK-ACES_SU-AS000590_79_0417,CF,peak_mz,79.0417,MassBank record-derived,positive,Benzene and substituted derivatives; Anilides; Acetanilides,medium,1,observed,Iocetamic acid; LC-ESI-QFT; MS2; Ramp 20%-70% (nominal); 30000; [M+H]+,peak_mz:79.0400,extended,True,medium,medium,keep
CF:massbank_MSBNK-ACES_SU-AS000590_102_4431,CF,peak_mz,102.4431,MassBank record-derived,positive,Benzene and substituted derivatives; Anilides; Acetanilides,medium,1,observed,Iocetamic acid; LC-ESI-QFT; MS2; Ramp 20%-70% (nominal); 30000; [M+H]+,peak_mz:102.4450,extended,True,medium,medium,keep
NL:massbank_MSBNK-ACES_SU-AS000591,NL,mass_diff,1.0042,MassBank record-derived,positive,Benzene and substituted derivatives; Benzoic acids and derivatives; Halobenzoic acids and derivatives,medium,1,observed,Iopromide; LC-ESI-QFT; MS2; Ramp 20%-70% (nominal); 30000; [M+H]+,mass_diff:1.0050,extended,True,medium,medium,keep
CF:massbank_MSBNK-ACES_SU-AS000591_52_6199,CF,peak_mz,52.6199,MassBank record-derived,positive,Benzene and substituted derivatives; Benzoic acids and derivatives; Halobenzoic acids and derivatives,medium,1,observed,Iopromide; LC-ESI-QFT; MS2; Ramp 20%-70% (nominal); 30000; [M+H]+,peak_mz:52.6200,extended,True,medium,medium,keep
CF:massbank_MSBNK-ACES_SU-AS000591_57_8095,CF,peak_mz,57.8095,MassBank record-derived,positive,Benzene and substituted derivatives; Benzoic acids and derivatives; Halobenzoic acids and derivatives,medium,1,observed,Iopromide; LC-ESI-QFT; MS2; Ramp 20%-70% (nominal); 30000; [M+H]+,peak_mz:57.8100,extended,True,medium,medium,keep
CF:massbank_MSBNK-ACES_SU-AS000591_65_8504,CF,peak_mz,65.8504,MassBank record-derived,positive,Benzene and substituted derivatives; Benzoic acids and derivatives; Halobenzoic acids and derivatives,medium,1,observed,Iopromide; LC-ESI-QFT; MS2; Ramp 20%-70% (nominal); 30000; [M+H]+,peak_mz:65.8500,extended,True,medium,medium,keep
NL:massbank_MSBNK-ACES_SU-AS000592,NL,mass_diff,1.0036,MassBank record-derived,positive,Benzene and substituted derivatives; Anilides; Acetanilides,medium,1,observed,Iohexol; LC-ESI-QFT; MS2; Ramp 20%-70% (nominal); 30000; [M+H]+,mass_diff:1.0050,extended,True,medium,medium,keep
CF:massbank_MSBNK-ACES_SU-AS000592_59_982,CF,peak_mz,59.982,MassBank record-derived,positive,Benzene and substituted derivatives; Anilides; Acetanilides,medium,1,observed,Iohexol; LC-ESI-QFT; MS2; Ramp 20%-70% (nominal); 30000; [M+H]+,peak_mz:59.9800,extended,True,medium,medium,keep
CF:massbank_MSBNK-ACES_SU-AS000593_50_9561,CF,peak_mz,50.9561,MassBank record-derived,positive,Azoles; Imidazoles; Substituted imidazoles,medium,1,observed,Ronidazole; LC-ESI-QFT; MS2; Ramp 20%-70% (nominal); 30000; [M+H]+,peak_mz:50.9550,extended,True,medium,medium,keep
CF:massbank_MSBNK-ACES_SU-AS000593_54_0338,CF,peak_mz,54.0338,MassBank record-derived,positive,Azoles; Imidazoles; Substituted imidazoles,medium,1,observed,Ronidazole; LC-ESI-QFT; MS2; Ramp 20%-70% (nominal); 30000; [M+H]+,peak_mz:54.0350,extended,True,medium,medium,keep
CF:massbank_MSBNK-ACES_SU-AS000593_55_0415,CF,peak_mz,55.0415,MassBank record-derived,positive,Azoles; Imidazoles; Substituted imidazoles,medium,1,observed,Ronidazole; LC-ESI-QFT; MS2; Ramp 20%-70% (nominal); 30000; [M+H]+,peak_mz:55.0400,extended,True,medium,medium,keep
CF:massbank_MSBNK-ACES_SU-AS000594_54_2293,CF,peak_mz,54.2293,MassBank record-derived,positive,Benzene and substituted derivatives; Benzenesulfonamides; Benzenesulfonamides,medium,1,observed,Sulfaguanidine; LC-ESI-QFT; MS2; Ramp 20%-70% (nominal); 30000; [M+H]+,peak_mz:54.2300,extended,True,medium,medium,keep
CF:massbank_MSBNK-ACES_SU-AS000594_58_9605,CF,peak_mz,58.9605,MassBank record-derived,positive,Benzene and substituted derivatives; Benzenesulfonamides; Benzenesulfonamides,medium,1,observed,Sulfaguanidine; LC-ESI-QFT; MS2; Ramp 20%-70% (nominal); 30000; [M+H]+,peak_mz:58.9600,extended,True,medium,medium,keep
CF:massbank_MSBNK-ACES_SU-AS000596_57_0699,CF,peak_mz,57.0699,MassBank record-derived,positive,Benzene and substituted derivatives; Phenylacetamides; Phenylacetamides,medium,1,observed,Bufexamac; LC-ESI-QFT; MS2; Ramp 20%-70% (nominal); 30000; [M+H]+,peak_mz:57.0700,extended,True,medium,medium,keep
CF:massbank_MSBNK-ACES_SU-AS000596_64_9687,CF,peak_mz,64.9687,MassBank record-derived,positive,Benzene and substituted derivatives; Phenylacetamides; Phenylacetamides,medium,1,observed,Bufexamac; LC-ESI-QFT; MS2; Ramp 20%-70% (nominal); 30000; [M+H]+,peak_mz:64.9700,extended,True,medium,medium,keep
CF:massbank_MSBNK-ACES_SU-AS000597_58_635,CF,peak_mz,58.635,MassBank record-derived,positive,Naphthalenes; None; Naphthalenes,medium,1,observed,(S)-Naproxen; LC-ESI-QFT; MS2; Ramp 20%-70% (nominal); 30000; [M+H]+,peak_mz:58.6350,extended,True,medium,medium,keep
CF:massbank_MSBNK-ACES_SU-AS000597_98_9699,CF,peak_mz,98.9699,MassBank record-derived,positive,Naphthalenes; None; Naphthalenes,medium,1,observed,(S)-Naproxen; LC-ESI-QFT; MS2; Ramp 20%-70% (nominal); 30000; [M+H]+,peak_mz:98.9700,extended,True,medium,medium,keep
CF:massbank_MSBNK-ACES_SU-AS000598_55_6098,CF,peak_mz,55.6098,MassBank record-derived,positive,Azepanes; None; Azepanes,medium,1,observed,Meptazinol; LC-ESI-QFT; MS2; Ramp 20%-70% (nominal); 30000; [M+H]+,peak_mz:55.6100,extended,True,medium,medium,keep
CF:massbank_MSBNK-ACES_SU-AS000598_55_9471,CF,peak_mz,55.9471,MassBank record-derived,positive,Azepanes; None; Azepanes,medium,1,observed,Meptazinol; LC-ESI-QFT; MS2; Ramp 20%-70% (nominal); 30000; [M+H]+,peak_mz:55.9450,extended,True,medium,medium,keep
CF:massbank_MSBNK-ACES_SU-AS000599_56_0492,CF,peak_mz,56.0492,MassBank record-derived,positive,Organooxygen compounds; Ethers; Alkyl aryl ethers,medium,1,observed,Epirizole; LC-ESI-QFT; MS2; Ramp 20%-70% (nominal); 30000; [M+H]+,peak_mz:56.0500,extended,True,medium,medium,keep
CF:massbank_MSBNK-ACES_SU-AS000599_82_0285,CF,peak_mz,82.0285,MassBank record-derived,positive,Organooxygen compounds; Ethers; Alkyl aryl ethers,medium,1,observed,Epirizole; LC-ESI-QFT; MS2; Ramp 20%-70% (nominal); 30000; [M+H]+,peak_mz:82.0300,extended,True,medium,medium,keep
CF:massbank_MSBNK-ACES_SU-AS000599_83_0238,CF,peak_mz,83.0238,MassBank record-derived,positive,Organooxygen compounds; Ethers; Alkyl aryl ethers,medium,1,observed,Epirizole; LC-ESI-QFT; MS2; Ramp 20%-70% (nominal); 30000; [M+H]+,peak_mz:83.0250,extended,True,medium,medium,keep
CF:massbank_MSBNK-ACES_SU-AS000600_51_3139,CF,peak_mz,51.3139,MassBank record-derived,positive,Quinolines and derivatives; Imidazoquinolines; Imidazoquinolines,medium,1,observed,Imiquimod; LC-ESI-QFT; MS2; Ramp 20%-70% (nominal); 30000; [M+H]+,peak_mz:51.3150,extended,True,medium,medium,keep
CF:massbank_MSBNK-ACES_SU-AS000600_64_5054,CF,peak_mz,64.5054,MassBank record-derived,positive,Quinolines and derivatives; Imidazoquinolines; Imidazoquinolines,medium,1,observed,Imiquimod; LC-ESI-QFT; MS2; Ramp 20%-70% (nominal); 30000; [M+H]+,peak_mz:64.5050,extended,True,medium,medium,keep
CF:massbank_MSBNK-ACES_SU-AS000601_53_5042,CF,peak_mz,53.5042,MassBank record-derived,positive,Benzene and substituted derivatives; Benzenesulfonamides; Aminobenzenesulfonamides,medium,1,observed,Sulfadiazine; LC-ESI-QFT; MS2; Ramp 20%-70% (nominal); 30000; [M+H]+,peak_mz:53.5050,extended,True,medium,medium,keep
CF:massbank_MSBNK-ACES_SU-AS000601_58_9632,CF,peak_mz,58.9632,MassBank record-derived,positive,Benzene and substituted derivatives; Benzenesulfonamides; Aminobenzenesulfonamides,medium,1,observed,Sulfadiazine; LC-ESI-QFT; MS2; Ramp 20%-70% (nominal); 30000; [M+H]+,peak_mz:58.9650,extended,True,medium,medium,keep
CF:massbank_MSBNK-ACES_SU-AS000602_51_4558,CF,peak_mz,51.4558,MassBank record-derived,positive,Benzene and substituted derivatives; Benzenesulfonamides; Aminobenzenesulfonamides,medium,1,observed,Sulfathiazole; LC-ESI-QFT; MS2; Ramp 20%-70% (nominal); 30000; [M+H]+,peak_mz:51.4550,extended,True,medium,medium,keep
CF:massbank_MSBNK-ACES_SU-AS000602_55_0184,CF,peak_mz,55.0184,MassBank record-derived,positive,Benzene and substituted derivatives; Benzenesulfonamides; Aminobenzenesulfonamides,medium,1,observed,Sulfathiazole; LC-ESI-QFT; MS2; Ramp 20%-70% (nominal); 30000; [M+H]+,peak_mz:55.0200,extended,True,medium,medium,keep
CF:massbank_MSBNK-ACES_SU-AS000602_60_0981,CF,peak_mz,60.0981,MassBank record-derived,positive,Benzene and substituted derivatives; Benzenesulfonamides; Aminobenzenesulfonamides,medium,1,observed,Sulfathiazole; LC-ESI-QFT; MS2; Ramp 20%-70% (nominal); 30000; [M+H]+,peak_mz:60.1000,extended,True,medium,medium,keep
CF:massbank_MSBNK-ACES_SU-AS000603_52_4733,CF,peak_mz,52.4733,MassBank record-derived,positive,Isoindoles and derivatives; Isoindolines; Isoindolones,medium,1,observed,Thalidomide; LC-ESI-QFT; MS2; Ramp 20%-70% (nominal); 30000; [M+H]+,peak_mz:52.4750,extended,True,medium,medium,keep
CF:massbank_MSBNK-ACES_SU-AS000603_58_4543,CF,peak_mz,58.4543,MassBank record-derived,positive,Isoindoles and derivatives; Isoindolines; Isoindolones,medium,1,observed,Thalidomide; LC-ESI-QFT; MS2; Ramp 20%-70% (nominal); 30000; [M+H]+,peak_mz:58.4550,extended,True,medium,medium,keep
CF:massbank_MSBNK-ACES_SU-AS000604_50_4908,CF,peak_mz,50.4908,MassBank record-derived,positive,Benzene and substituted derivatives; Benzenesulfonamides; Aminobenzenesulfonamides,medium,1,observed,Sulfamerazine; LC-ESI-QFT; MS2; Ramp 20%-70% (nominal); 30000; [M+H]+,peak_mz:50.4900,extended,True,medium,medium,keep
CF:massbank_MSBNK-ACES_SU-AS000604_52_1974,CF,peak_mz,52.1974,MassBank record-derived,positive,Benzene and substituted derivatives; Benzenesulfonamides; Aminobenzenesulfonamides,medium,1,observed,Sulfamerazine; LC-ESI-QFT; MS2; Ramp 20%-70% (nominal); 30000; [M+H]+,peak_mz:52.1950,extended,True,medium,medium,keep
CF:massbank_MSBNK-ACES_SU-AS000605_50_8343,CF,peak_mz,50.8343,MassBank record-derived,positive,Benzene and substituted derivatives; Anilides; Acetanilides,medium,1,observed,Practolol; LC-ESI-QFT; MS2; Ramp 20%-70% (nominal); 30000; [M+H]+,peak_mz:50.8350,extended,True,medium,medium,keep
CF:massbank_MSBNK-ACES_SU-AS000606_52_6822,CF,peak_mz,52.6822,MassBank record-derived,positive,Phenols; Tyrosols and derivatives; Tyrosols and derivatives,medium,1,observed,Metoprolol; LC-ESI-QFT; MS2; Ramp 20%-70% (nominal); 30000; [M+H]+,peak_mz:52.6800,extended,True,medium,medium,keep
CF:massbank_MSBNK-ACES_SU-AS000607_56_0255,CF,peak_mz,56.0255,MassBank record-derived,positive,Benzene and substituted derivatives; Phenylpropylamines; Phenylpropylamines,medium,1,observed,Alverine; LC-ESI-QFT; MS2; Ramp 20%-70% (nominal); 30000; [M+H]+,peak_mz:56.0250,extended,True,medium,medium,keep
CF:massbank_MSBNK-ACES_SU-AS000607_59_2775,CF,peak_mz,59.2775,MassBank record-derived,positive,Benzene and substituted derivatives; Phenylpropylamines; Phenylpropylamines,medium,1,observed,Alverine; LC-ESI-QFT; MS2; Ramp 20%-70% (nominal); 30000; [M+H]+,peak_mz:59.2800,extended,True,medium,medium,keep
CF:massbank_MSBNK-ACES_SU-AS000608_52_1983,CF,peak_mz,52.1983,MassBank record-derived,positive,Benzothiazines; Phenothiazines; Phenothiazines,medium,1,observed,Promethazine; LC-ESI-QFT; MS2; Ramp 20%-70% (nominal); 30000; [M+H]+,peak_mz:52.2000,extended,True,medium,medium,keep
CF:massbank_MSBNK-ACES_SU-AS000609_53_2894,CF,peak_mz,53.2894,MassBank record-derived,positive,Indoles and derivatives; Indolecarboxylic acids and derivatives; Indolecarboxylic acids and derivatives,medium,1,observed,Tropisetron; LC-ESI-QFT; MS2; Ramp 20%-70% (nominal); 30000; [M+H]+,peak_mz:53.2900,extended,True,medium,medium,keep
CF:massbank_MSBNK-ACES_SU-AS000609_64_9599,CF,peak_mz,64.9599,MassBank record-derived,positive,Indoles and derivatives; Indolecarboxylic acids and derivatives; Indolecarboxylic acids and derivatives,medium,1,observed,Tropisetron; LC-ESI-QFT; MS2; Ramp 20%-70% (nominal); 30000; [M+H]+,peak_mz:64.9600,extended,True,medium,medium,keep
CF:massbank_MSBNK-ACES_SU-AS000610_51_9287,CF,peak_mz,51.9287,MassBank record-derived,positive,Benzene and substituted derivatives; Benzylamines; 2-benzylaminopyridines,medium,1,observed,Pyrilamine; LC-ESI-QFT; MS2; Ramp 20%-70% (nominal); 30000; [M+H]+,peak_mz:51.9300,extended,True,medium,medium,keep
CF:massbank_MSBNK-ACES_SU-AS000610_63_9515,CF,peak_mz,63.9515,MassBank record-derived,positive,Benzene and substituted derivatives; Benzylamines; 2-benzylaminopyridines,medium,1,observed,Pyrilamine; LC-ESI-QFT; MS2; Ramp 20%-70% (nominal); 30000; [M+H]+,peak_mz:63.9500,extended,True,medium,medium,keep
CF:massbank_MSBNK-ACES_SU-AS000611_68_6598,CF,peak_mz,68.6598,MassBank record-derived,positive,"Carboxylic acids and derivatives; Amino acids, peptides, and analogues; Amino acids and derivatives",medium,1,observed,Bupivacaine; LC-ESI-QFT; MS2; Ramp 20%-70% (nominal); 30000; [M+H]+,peak_mz:68.6600,extended,True,medium,medium,keep
CF:massbank_MSBNK-ACES_SU-AS000612_52_8363,CF,peak_mz,52.8363,MassBank record-derived,positive,Pyridines and derivatives; Pyridinecarboxylic acids and derivatives; Pyridinecarboxylic acids and derivatives,medium,1,observed,Nialamide; LC-ESI-QFT; MS2; Ramp 20%-70% (nominal); 30000; [M+H]+,peak_mz:52.8350,extended,True,medium,medium,keep
CF:massbank_MSBNK-ACES_SU-AS000612_66_3315,CF,peak_mz,66.3315,MassBank record-derived,positive,Pyridines and derivatives; Pyridinecarboxylic acids and derivatives; Pyridinecarboxylic acids and derivatives,medium,1,observed,Nialamide; LC-ESI-QFT; MS2; Ramp 20%-70% (nominal); 30000; [M+H]+,peak_mz:66.3300,extended,True,medium,medium,keep
CF:massbank_MSBNK-ACES_SU-AS000614_54_3974,CF,peak_mz,54.3974,MassBank record-derived,positive,"Carboxylic acids and derivatives; Amino acids, peptides, and analogues; Amino acids and derivatives",medium,1,observed,Denatonium; LC-ESI-QFT; MS2; Ramp 20%-70% (nominal); 30000; [M]+,peak_mz:54.3950,extended,True,medium,medium,keep
CF:massbank_MSBNK-ACES_SU-AS000615_60_0238,CF,peak_mz,60.0238,MassBank record-derived,positive,Piperidines; Benzylpiperidines; 4-benzylpiperidines,medium,1,observed,Ifenprodil; LC-ESI-QFT; MS2; Ramp 20%-70% (nominal); 30000; [M+H]+,peak_mz:60.0250,extended,True,medium,medium,keep
CF:massbank_MSBNK-ACES_SU-AS000616_79_054,CF,peak_mz,79.054,MassBank record-derived,positive,Steroids and steroid derivatives; Hydroxysteroids; 21-hydroxysteroids,medium,1,observed,Deoxycorticosterone; LC-ESI-QFT; MS2; Ramp 20%-70% (nominal); 30000; [M+H]+,peak_mz:79.0550,extended,True,medium,medium,keep
CF:massbank_MSBNK-ACES_SU-AS000617_50_2178,CF,peak_mz,50.2178,MassBank record-derived,positive,Dioxolopyrans; None; Dioxolopyrans,medium,1,observed,Topiramate; LC-ESI-QFT; MS2; Ramp 20%-70% (nominal); 30000; [M+H]+,peak_mz:50.2200,extended,True,medium,medium,keep
CF:massbank_MSBNK-ACES_SU-AS000618_51_8081,CF,peak_mz,51.8081,MassBank record-derived,positive,Benzene and substituted derivatives; Benzenesulfonamides; Benzenesulfonamides,medium,1,observed,Sulpiride; LC-ESI-QFT; MS2; Ramp 20%-70% (nominal); 30000; [M+H]+,peak_mz:51.8100,extended,True,medium,medium,keep
CF:massbank_MSBNK-ACES_SU-AS000619_69_0493,CF,peak_mz,69.0493,MassBank record-derived,positive,Indenes and isoindenes; None; Indenes and isoindenes,medium,1,observed,Sulindac; LC-ESI-QFT; MS2; Ramp 20%-70% (nominal); 30000; [M+H]+,peak_mz:69.0500,extended,True,medium,medium,keep
CF:massbank_MSBNK-ACES_SU-AS000619_132_3029,CF,peak_mz,132.3029,MassBank record-derived,positive,Indenes and isoindenes; None; Indenes and isoindenes,medium,1,observed,Sulindac; LC-ESI-QFT; MS2; Ramp 20%-70% (nominal); 30000; [M+H]+,peak_mz:132.3050,extended,True,medium,medium,keep
CF:massbank_MSBNK-ACES_SU-AS000619_135_0259,CF,peak_mz,135.0259,MassBank record-derived,positive,Indenes and isoindenes; None; Indenes and isoindenes,medium,1,observed,Sulindac; LC-ESI-QFT; MS2; Ramp 20%-70% (nominal); 30000; [M+H]+,peak_mz:135.0250,extended,True,medium,medium,keep
NL:massbank_MSBNK-ACES_SU-AS000620,NL,mass_diff,18.0331,MassBank record-derived,positive,Dioxolopyrans; None; Dioxolopyrans,medium,1,observed,Topiramate; LC-ESI-QFT; MS2; Ramp 20%-70% (nominal); 30000; [M+NH4]+,mass_diff:18.0350,extended,True,medium,medium,keep
CF:massbank_MSBNK-ACES_SU-AS000620_52_3206,CF,peak_mz,52.3206,MassBank record-derived,positive,Dioxolopyrans; None; Dioxolopyrans,medium,1,observed,Topiramate; LC-ESI-QFT; MS2; Ramp 20%-70% (nominal); 30000; [M+NH4]+,peak_mz:52.3200,extended,True,medium,medium,keep
CF:massbank_MSBNK-ACES_SU-AS000620_55_018,CF,peak_mz,55.018,MassBank record-derived,positive,Dioxolopyrans; None; Dioxolopyrans,medium,1,observed,Topiramate; LC-ESI-QFT; MS2; Ramp 20%-70% (nominal); 30000; [M+NH4]+,peak_mz:55.0200,extended,True,medium,medium,keep
CF:massbank_MSBNK-ACES_SU-AS000621_60_2912,CF,peak_mz,60.2912,MassBank record-derived,positive,Pyridines and derivatives; Bipyridines and oligopyridines; Bipyridines and oligopyridines,medium,1,observed,Etoricoxib; LC-ESI-QFT; MS2; Ramp 20%-70% (nominal); 30000; [M+H]+,peak_mz:60.2900,extended,True,medium,medium,keep
CF:massbank_MSBNK-ACES_SU-AS000621_63_2362,CF,peak_mz,63.2362,MassBank record-derived,positive,Pyridines and derivatives; Bipyridines and oligopyridines; Bipyridines and oligopyridines,medium,1,observed,Etoricoxib; LC-ESI-QFT; MS2; Ramp 20%-70% (nominal); 30000; [M+H]+,peak_mz:63.2350,extended,True,medium,medium,keep
CF:massbank_MSBNK-ACES_SU-AS000621_66_387,CF,peak_mz,66.387,MassBank record-derived,positive,Pyridines and derivatives; Bipyridines and oligopyridines; Bipyridines and oligopyridines,medium,1,observed,Etoricoxib; LC-ESI-QFT; MS2; Ramp 20%-70% (nominal); 30000; [M+H]+,peak_mz:66.3850,extended,True,medium,medium,keep
CF:massbank_MSBNK-ACES_SU-AS000622_50_2569,CF,peak_mz,50.2569,MassBank record-derived,positive,Benzene and substituted derivatives; Benzoic acids and derivatives; Benzamides,medium,1,observed,Itopride; LC-ESI-QFT; MS2; Ramp 20%-70% (nominal); 30000; [M+H]+,peak_mz:50.2550,extended,True,medium,medium,keep
CF:massbank_MSBNK-ACES_SU-AS000622_51_878,CF,peak_mz,51.878,MassBank record-derived,positive,Benzene and substituted derivatives; Benzoic acids and derivatives; Benzamides,medium,1,observed,Itopride; LC-ESI-QFT; MS2; Ramp 20%-70% (nominal); 30000; [M+H]+,peak_mz:51.8800,extended,True,medium,medium,keep
CF:massbank_MSBNK-ACES_SU-AS000622_54_499,CF,peak_mz,54.499,MassBank record-derived,positive,Benzene and substituted derivatives; Benzoic acids and derivatives; Benzamides,medium,1,observed,Itopride; LC-ESI-QFT; MS2; Ramp 20%-70% (nominal); 30000; [M+H]+,peak_mz:54.5000,extended,True,medium,medium,keep
CF:massbank_MSBNK-ACES_SU-AS000624_63_5628,CF,peak_mz,63.5628,MassBank record-derived,positive,Azoles; Pyrazoles; Phenylpyrazoles,medium,1,observed,Celecoxib; LC-ESI-QFT; MS2; Ramp 20%-70% (nominal); 30000; [M+H]+,peak_mz:63.5650,extended,True,medium,medium,keep
CF:massbank_MSBNK-ACES_SU-AS000624_73_3573,CF,peak_mz,73.3573,MassBank record-derived,positive,Azoles; Pyrazoles; Phenylpyrazoles,medium,1,observed,Celecoxib; LC-ESI-QFT; MS2; Ramp 20%-70% (nominal); 30000; [M+H]+,peak_mz:73.3550,extended,True,medium,medium,keep
CF:massbank_MSBNK-ACES_SU-AS000624_75_0229,CF,peak_mz,75.0229,MassBank record-derived,positive,Azoles; Pyrazoles; Phenylpyrazoles,medium,1,observed,Celecoxib; LC-ESI-QFT; MS2; Ramp 20%-70% (nominal); 30000; [M+H]+,peak_mz:75.0250,extended,True,medium,medium,keep
CF:massbank_MSBNK-ACES_SU-AS000625_56_4885,CF,peak_mz,56.4885,MassBank record-derived,positive,"Steroids and steroid derivatives; Pregnane steroids; Gluco/mineralocorticoids, progestogins and derivatives",medium,1,observed,Alfadolone acetate; LC-ESI-QFT; MS2; Ramp 20%-70% (nominal); 30000; [M+H]+,peak_mz:56.4900,extended,True,medium,medium,keep
CF:massbank_MSBNK-ACES_SU-AS000626_53_3558,CF,peak_mz,53.3558,MassBank record-derived,positive,"Steroids and steroid derivatives; Bile acids, alcohols and derivatives; Bile acids, alcohols and derivatives",medium,1,observed,Dehydrocholic acid; LC-ESI-QFT; MS2; Ramp 20%-70% (nominal); 30000; [M+H]+,peak_mz:53.3550,extended,True,medium,medium,keep
CF:massbank_MSBNK-ACES_SU-AS000626_57_4926,CF,peak_mz,57.4926,MassBank record-derived,positive,"Steroids and steroid derivatives; Bile acids, alcohols and derivatives; Bile acids, alcohols and derivatives",medium,1,observed,Dehydrocholic acid; LC-ESI-QFT; MS2; Ramp 20%-70% (nominal); 30000; [M+H]+,peak_mz:57.4950,extended,True,medium,medium,keep
CF:massbank_MSBNK-ACES_SU-AS000627_61_9124,CF,peak_mz,61.9124,MassBank record-derived,positive,Steroids and steroid derivatives; Hydroxysteroids; 21-hydroxysteroids,medium,1,observed,Flumethasone; LC-ESI-QFT; MS2; Ramp 20%-70% (nominal); 30000; [M+H]+,peak_mz:61.9100,extended,True,medium,medium,keep
CF:massbank_MSBNK-ACES_SU-AS000627_63_4689,CF,peak_mz,63.4689,MassBank record-derived,positive,Steroids and steroid derivatives; Hydroxysteroids; 21-hydroxysteroids,medium,1,observed,Flumethasone; LC-ESI-QFT; MS2; Ramp 20%-70% (nominal); 30000; [M+H]+,peak_mz:63.4700,extended,True,medium,medium,keep
CF:massbank_MSBNK-ACES_SU-AS000628_52_7396,CF,peak_mz,52.7396,MassBank record-derived,positive,Benzothiazepines; None; Benzothiazepines,medium,1,observed,Diltiazem; LC-ESI-QFT; MS2; Ramp 20%-70% (nominal); 30000; [M+H]+,peak_mz:52.7400,extended,True,medium,medium,keep
CF:massbank_MSBNK-ACES_SU-AS000628_68_0833,CF,peak_mz,68.0833,MassBank record-derived,positive,Benzothiazepines; None; Benzothiazepines,medium,1,observed,Diltiazem; LC-ESI-QFT; MS2; Ramp 20%-70% (nominal); 30000; [M+H]+,peak_mz:68.0850,extended,True,medium,medium,keep
CF:massbank_MSBNK-ACES_SU-AS000629_62_8035,CF,peak_mz,62.8035,MassBank record-derived,positive,"Carboxylic acids and derivatives; Amino acids, peptides, and analogues; Amino acids and derivatives",medium,1,observed,Clindamycin; LC-ESI-QFT; MS2; Ramp 20%-70% (nominal); 30000; [M+H]+,peak_mz:62.8050,extended,True,medium,medium,keep
CF:massbank_MSBNK-ACES_SU-AS000630_50_5926,CF,peak_mz,50.5926,MassBank record-derived,positive,Lactams; Beta lactams; Monobactams,medium,1,observed,Aztreonam; LC-ESI-QFT; MS2; Ramp 20%-70% (nominal); 30000; [M+H]+,peak_mz:50.5950,extended,True,medium,medium,keep
CF:massbank_MSBNK-ACES_SU-AS000630_55_4466,CF,peak_mz,55.4466,MassBank record-derived,positive,Lactams; Beta lactams; Monobactams,medium,1,observed,Aztreonam; LC-ESI-QFT; MS2; Ramp 20%-70% (nominal); 30000; [M+H]+,peak_mz:55.4450,extended,True,medium,medium,keep
CF:massbank_MSBNK-ACES_SU-AS000630_55_7504,CF,peak_mz,55.7504,MassBank record-derived,positive,Lactams; Beta lactams; Monobactams,medium,1,observed,Aztreonam; LC-ESI-QFT; MS2; Ramp 20%-70% (nominal); 30000; [M+H]+,peak_mz:55.7500,extended,True,medium,medium,keep
CF:massbank_MSBNK-ACES_SU-AS000631_53_6812,CF,peak_mz,53.6812,MassBank record-derived,positive,Benzene and substituted derivatives; Phenethylamines; Amphetamines and derivatives,medium,1,observed,Oxethazaine; LC-ESI-QFT; MS2; Ramp 20%-70% (nominal); 30000; [M+H]+,peak_mz:53.6800,extended,True,medium,medium,keep
CF:massbank_MSBNK-ACES_SU-AS000634_50_2155,CF,peak_mz,50.2155,MassBank record-derived,positive,"Carboxylic acids and derivatives; Amino acids, peptides, and analogues; Amino acids and derivatives",medium,1,observed,N-Acetyl-L-leucine; LC-ESI-QFT; MS2; Ramp 20%-70% (nominal); 30000; [M+H]+,peak_mz:50.2150,extended,True,medium,medium,keep
CF:massbank_MSBNK-ACES_SU-AS000634_57_0335,CF,peak_mz,57.0335,MassBank record-derived,positive,"Carboxylic acids and derivatives; Amino acids, peptides, and analogues; Amino acids and derivatives",medium,1,observed,N-Acetyl-L-leucine; LC-ESI-QFT; MS2; Ramp 20%-70% (nominal); 30000; [M+H]+,peak_mz:57.0350,extended,True,medium,medium,keep
CF:massbank_MSBNK-ACES_SU-AS000634_57_8245,CF,peak_mz,57.8245,MassBank record-derived,positive,"Carboxylic acids and derivatives; Amino acids, peptides, and analogues; Amino acids and derivatives",medium,1,observed,N-Acetyl-L-leucine; LC-ESI-QFT; MS2; Ramp 20%-70% (nominal); 30000; [M+H]+,peak_mz:57.8250,extended,True,medium,medium,keep
CF:massbank_MSBNK-ACES_SU-AS000635_60_8105,CF,peak_mz,60.8105,MassBank record-derived,positive,Pyridines and derivatives; Bipyridines and oligopyridines; Bipyridines and oligopyridines,medium,1,observed,Amrinone; LC-ESI-QFT; MS2; Ramp 20%-70% (nominal); 30000; [M+H]+,peak_mz:60.8100,extended,True,medium,medium,keep
CF:massbank_MSBNK-ACES_SU-AS000635_82_061,CF,peak_mz,82.061,MassBank record-derived,positive,Pyridines and derivatives; Bipyridines and oligopyridines; Bipyridines and oligopyridines,medium,1,observed,Amrinone; LC-ESI-QFT; MS2; Ramp 20%-70% (nominal); 30000; [M+H]+,peak_mz:82.0600,extended,True,medium,medium,keep
CF:massbank_MSBNK-ACES_SU-AS000636_54_029,CF,peak_mz,54.029,MassBank record-derived,positive,Benzene and substituted derivatives; Benzoic acids and derivatives; Benzoic acid esters,medium,1,observed,Butylparaben; LC-ESI-QFT; MS2; Ramp 20%-70% (nominal); 30000; [M+H]+,peak_mz:54.0300,extended,True,medium,medium,keep
CF:massbank_MSBNK-ACES_SU-AS000636_54_2187,CF,peak_mz,54.2187,MassBank record-derived,positive,Benzene and substituted derivatives; Benzoic acids and derivatives; Benzoic acid esters,medium,1,observed,Butylparaben; LC-ESI-QFT; MS2; Ramp 20%-70% (nominal); 30000; [M+H]+,peak_mz:54.2200,extended,True,medium,medium,keep
CF:massbank_MSBNK-ACES_SU-AS000636_59_248,CF,peak_mz,59.248,MassBank record-derived,positive,Benzene and substituted derivatives; Benzoic acids and derivatives; Benzoic acid esters,medium,1,observed,Butylparaben; LC-ESI-QFT; MS2; Ramp 20%-70% (nominal); 30000; [M+H]+,peak_mz:59.2500,extended,True,medium,medium,keep
CF:massbank_MSBNK-ACES_SU-AS000637_53_3097,CF,peak_mz,53.3097,MassBank record-derived,positive,None; None; Alkaloids and derivatives,medium,1,observed,Pilocarpine; LC-ESI-QFT; MS2; Ramp 20%-70% (nominal); 30000; [M+H]+,peak_mz:53.3100,extended,True,medium,medium,keep
CF:massbank_MSBNK-ACES_SU-AS000637_57_4153,CF,peak_mz,57.4153,MassBank record-derived,positive,None; None; Alkaloids and derivatives,medium,1,observed,Pilocarpine; LC-ESI-QFT; MS2; Ramp 20%-70% (nominal); 30000; [M+H]+,peak_mz:57.4150,extended,True,medium,medium,keep
CF:massbank_MSBNK-ACES_SU-AS000638_50_4173,CF,peak_mz,50.4173,MassBank record-derived,positive,"Carboxylic acids and derivatives; Amino acids, peptides, and analogues; Amino acids and derivatives",medium,1,observed,Baclofen; LC-ESI-QFT; MS2; Ramp 20%-70% (nominal); 30000; [M+H]+,peak_mz:50.4150,extended,True,medium,medium,keep
NL:massbank_MSBNK-ACES_SU-AS000639,NL,mass_diff,216.1006,MassBank record-derived,positive,Steroids and steroid derivatives; Hydroxysteroids; 21-hydroxysteroids,medium,1,observed,Flunisolide; LC-ESI-QFT; MS2; Ramp 20%-70% (nominal); 30000; [M+H]+,mass_diff:216.1000,extended,True,medium,medium,keep
CF:massbank_MSBNK-ACES_SU-AS000640_81_0698,CF,peak_mz,81.0698,MassBank record-derived,positive,Quinolines and derivatives; Quinolones and derivatives; Hydroquinolones,medium,1,observed,Ethoxyquin; LC-ESI-QFT; MS2; Ramp 20%-70% (nominal); 30000; [M+H]+,peak_mz:81.0700,extended,True,medium,medium,keep
CF:massbank_MSBNK-ACES_SU-AS000642_51_8625,CF,peak_mz,51.8625,MassBank record-derived,positive,Piperidines; Piperidinecarboxylic acids and derivatives; Piperidinecarboxamides,medium,1,observed,Mepivacaine; LC-ESI-QFT; MS2; Ramp 20%-70% (nominal); 30000; [M+H]+,peak_mz:51.8600,extended,True,medium,medium,keep
CF:massbank_MSBNK-ACES_SU-AS000642_73_8275,CF,peak_mz,73.8275,MassBank record-derived,positive,Piperidines; Piperidinecarboxylic acids and derivatives; Piperidinecarboxamides,medium,1,observed,Mepivacaine; LC-ESI-QFT; MS2; Ramp 20%-70% (nominal); 30000; [M+H]+,peak_mz:73.8300,extended,True,medium,medium,keep
CF:massbank_MSBNK-ACES_SU-AS000643_53_8791,CF,peak_mz,53.8791,MassBank record-derived,positive,Benzene and substituted derivatives; Benzenesulfonyl compounds; Benzenesulfonyl compounds,medium,1,observed,Dapsone; LC-ESI-QFT; MS2; Ramp 20%-70% (nominal); 30000; [M+H]+,peak_mz:53.8800,extended,True,medium,medium,keep
CF:massbank_MSBNK-ACES_SU-AS000645_51_2559,CF,peak_mz,51.2559,MassBank record-derived,positive,Morphinans; None; Morphinans,medium,1,observed,Dextromethorphan; LC-ESI-QFT; MS2; Ramp 20%-70% (nominal); 30000; [M+H]+,peak_mz:51.2550,extended,True,medium,medium,keep
CF:massbank_MSBNK-ACES_SU-AS000645_56_7811,CF,peak_mz,56.7811,MassBank record-derived,positive,Morphinans; None; Morphinans,medium,1,observed,Dextromethorphan; LC-ESI-QFT; MS2; Ramp 20%-70% (nominal); 30000; [M+H]+,peak_mz:56.7800,extended,True,medium,medium,keep
CF:massbank_MSBNK-ACES_SU-AS000645_61_4464,CF,peak_mz,61.4464,MassBank record-derived,positive,Morphinans; None; Morphinans,medium,1,observed,Dextromethorphan; LC-ESI-QFT; MS2; Ramp 20%-70% (nominal); 30000; [M+H]+,peak_mz:61.4450,extended,True,medium,medium,keep
CF:massbank_MSBNK-ACES_SU-AS000646_62_0718,CF,peak_mz,62.0718,MassBank record-derived,positive,Indoles and derivatives; Pyrroloindoles; Pyrroloindoles,medium,1,observed,Eserine; LC-ESI-QFT; MS2; Ramp 20%-70% (nominal); 30000; [M+H]+,peak_mz:62.0700,extended,True,medium,medium,keep
CF:massbank_MSBNK-ACES_SU-AS000646_90_7194,CF,peak_mz,90.7194,MassBank record-derived,positive,Indoles and derivatives; Pyrroloindoles; Pyrroloindoles,medium,1,observed,Eserine; LC-ESI-QFT; MS2; Ramp 20%-70% (nominal); 30000; [M+H]+,peak_mz:90.7200,extended,True,medium,medium,keep
CF:massbank_MSBNK-ACES_SU-AS000647_55_0439,CF,peak_mz,55.0439,MassBank record-derived,positive,Benzene and substituted derivatives; Benzenesulfonamides; Benzenesulfonamides,medium,1,observed,Probenecid; LC-ESI-QFT; MS2; Ramp 20%-70% (nominal); 30000; [M+H]+,peak_mz:55.0450,extended,True,medium,medium,keep
CF:massbank_MSBNK-ACES_SU-AS000649_59_8531,CF,peak_mz,59.8531,MassBank record-derived,positive,Steroids and steroid derivatives; Androstane steroids; Androgens and derivatives,medium,1,observed,Adrenosterone; LC-ESI-QFT; MS2; Ramp 20%-70% (nominal); 30000; [M+H]+,peak_mz:59.8550,extended,True,medium,medium,keep
CF:massbank_MSBNK-ACES_SU-AS000651_54_5502,CF,peak_mz,54.5502,MassBank record-derived,positive,Steroids and steroid derivatives; Steroid lactones; Steroid lactones,medium,1,observed,Oxandrolone; LC-ESI-QFT; MS2; Ramp 20%-70% (nominal); 30000; [M+H]+,peak_mz:54.5500,extended,True,medium,medium,keep
CF:massbank_MSBNK-ACES_SU-AS000654_53_7568,CF,peak_mz,53.7568,MassBank record-derived,positive,Organooxygen compounds; Carbonyl compounds; Ketones,medium,1,observed,Azaperone; LC-ESI-QFT; MS2; Ramp 20%-70% (nominal); 30000; [M+H]+,peak_mz:53.7550,extended,True,medium,medium,keep
CF:massbank_MSBNK-ACES_SU-AS000654_57_5379,CF,peak_mz,57.5379,MassBank record-derived,positive,Organooxygen compounds; Carbonyl compounds; Ketones,medium,1,observed,Azaperone; LC-ESI-QFT; MS2; Ramp 20%-70% (nominal); 30000; [M+H]+,peak_mz:57.5400,extended,True,medium,medium,keep
CF:massbank_MSBNK-ACES_SU-AS000655_65_9538,CF,peak_mz,65.9538,MassBank record-derived,positive,Benzothiazines; None; Benzothiazines,medium,1,observed,Piroxicam; LC-ESI-QFT; MS2; Ramp 20%-70% (nominal); 30000; [M+H]+,peak_mz:65.9550,extended,True,medium,medium,keep
CF:massbank_MSBNK-ACES_SU-AS000655_69_1804,CF,peak_mz,69.1804,MassBank record-derived,positive,Benzothiazines; None; Benzothiazines,medium,1,observed,Piroxicam; LC-ESI-QFT; MS2; Ramp 20%-70% (nominal); 30000; [M+H]+,peak_mz:69.1800,extended,True,medium,medium,keep
CF:massbank_MSBNK-ACES_SU-AS000655_70_8365,CF,peak_mz,70.8365,MassBank record-derived,positive,Benzothiazines; None; Benzothiazines,medium,1,observed,Piroxicam; LC-ESI-QFT; MS2; Ramp 20%-70% (nominal); 30000; [M+H]+,peak_mz:70.8350,extended,True,medium,medium,keep
CF:massbank_MSBNK-ACES_SU-AS000656_52_061,CF,peak_mz,52.061,MassBank record-derived,positive,Benzothiazines; None; Benzothiazines,medium,1,observed,Isoxicam; LC-ESI-QFT; MS2; Ramp 20%-70% (nominal); 30000; [M+H]+,peak_mz:52.0600,extended,True,medium,medium,keep
CF:massbank_MSBNK-ACES_SU-AS000657_55_4454,CF,peak_mz,55.4454,MassBank record-derived,positive,"Azoles; Thiazoles; 2,4-disubstituted thiazoles",medium,1,observed,Famotidine; LC-ESI-QFT; MS2; Ramp 20%-70% (nominal); 30000; [M+H]+,peak_mz:55.4450,extended,True,medium,medium,keep
CF:massbank_MSBNK-ACES_SU-AS000657_59_601,CF,peak_mz,59.601,MassBank record-derived,positive,"Azoles; Thiazoles; 2,4-disubstituted thiazoles",medium,1,observed,Famotidine; LC-ESI-QFT; MS2; Ramp 20%-70% (nominal); 30000; [M+H]+,peak_mz:59.6000,extended,True,medium,medium,keep
CF:massbank_MSBNK-ACES_SU-AS000658_61_1078,CF,peak_mz,61.1078,MassBank record-derived,positive,Phenol ethers; Aminophenyl ethers; Aminophenyl ethers,medium,1,observed,Bromopride; LC-ESI-QFT; MS2; Ramp 20%-70% (nominal); 30000; [M+H]+,peak_mz:61.1100,extended,True,medium,medium,keep
CF:massbank_MSBNK-ACES_SU-AS000658_75_5041,CF,peak_mz,75.5041,MassBank record-derived,positive,Phenol ethers; Aminophenyl ethers; Aminophenyl ethers,medium,1,observed,Bromopride; LC-ESI-QFT; MS2; Ramp 20%-70% (nominal); 30000; [M+H]+,peak_mz:75.5050,extended,True,medium,medium,keep
CF:massbank_MSBNK-ACES_SU-AS000658_100_112,CF,peak_mz,100.112,MassBank record-derived,positive,Phenol ethers; Aminophenyl ethers; Aminophenyl ethers,medium,1,observed,Bromopride; LC-ESI-QFT; MS2; Ramp 20%-70% (nominal); 30000; [M+H]+,peak_mz:100.1100,extended,True,medium,medium,keep
CF:massbank_MSBNK-ACES_SU-AS000659_58_0102,CF,peak_mz,58.0102,MassBank record-derived,positive,Yohimbine alkaloids; None; Yohimbine alkaloids,medium,1,observed,Yohimbine; LC-ESI-QFT; MS2; Ramp 20%-70% (nominal); 30000; [M+H]+,peak_mz:58.0100,extended,True,medium,medium,keep
CF:massbank_MSBNK-ACES_SU-AS000659_61_3485,CF,peak_mz,61.3485,MassBank record-derived,positive,Yohimbine alkaloids; None; Yohimbine alkaloids,medium,1,observed,Yohimbine; LC-ESI-QFT; MS2; Ramp 20%-70% (nominal); 30000; [M+H]+,peak_mz:61.3500,extended,True,medium,medium,keep
CF:massbank_MSBNK-ACES_SU-AS000660_82_9448,CF,peak_mz,82.9448,MassBank record-derived,positive,Benzene and substituted derivatives; Benzenesulfonyl compounds; Benzenesulfonyl compounds,medium,1,observed,Florfenicol; LC-ESI-QFT; MS2; Ramp 20%-70% (nominal); 30000; [M+H]+,peak_mz:82.9450,extended,True,medium,medium,keep
CF:massbank_MSBNK-ACES_SU-AS000660_100_1118,CF,peak_mz,100.1118,MassBank record-derived,positive,Benzene and substituted derivatives; Benzenesulfonyl compounds; Benzenesulfonyl compounds,medium,1,observed,Florfenicol; LC-ESI-QFT; MS2; Ramp 20%-70% (nominal); 30000; [M+H]+,peak_mz:100.1100,extended,True,medium,medium,keep
CF:massbank_MSBNK-ACES_SU-AS000661_57_2542,CF,peak_mz,57.2542,MassBank record-derived,positive,Benzene and substituted derivatives; Diphenylethers; Diphenylethers,medium,1,observed,Piretanide; LC-ESI-QFT; MS2; Ramp 20%-70% (nominal); 30000; [M+H]+,peak_mz:57.2550,extended,True,medium,medium,keep
CF:massbank_MSBNK-ACES_SU-AS000661_66_0258,CF,peak_mz,66.0258,MassBank record-derived,positive,Benzene and substituted derivatives; Diphenylethers; Diphenylethers,medium,1,observed,Piretanide; LC-ESI-QFT; MS2; Ramp 20%-70% (nominal); 30000; [M+H]+,peak_mz:66.0250,extended,True,medium,medium,keep
CF:massbank_MSBNK-ACES_SU-AS000662_53_9478,CF,peak_mz,53.9478,MassBank record-derived,positive,"Carboxylic acids and derivatives; Amino acids, peptides, and analogues; Peptides",medium,1,observed,Perindopril; LC-ESI-QFT; MS2; Ramp 20%-70% (nominal); 30000; [M+H]+,peak_mz:53.9500,extended,True,medium,medium,keep
CF:massbank_MSBNK-ACES_SU-AS000663_50_7958,CF,peak_mz,50.7958,MassBank record-derived,positive,Benzene and substituted derivatives; Benzoic acids and derivatives; Aminobenzoic acids and derivatives,medium,1,observed,Amisulpride; LC-ESI-QFT; MS2; Ramp 20%-70% (nominal); 30000; [M+H]+,peak_mz:50.7950,extended,True,medium,medium,keep
CF:massbank_MSBNK-ACES_SU-AS000663_54_0915,CF,peak_mz,54.0915,MassBank record-derived,positive,Benzene and substituted derivatives; Benzoic acids and derivatives; Aminobenzoic acids and derivatives,medium,1,observed,Amisulpride; LC-ESI-QFT; MS2; Ramp 20%-70% (nominal); 30000; [M+H]+,peak_mz:54.0900,extended,True,medium,medium,keep
CF:massbank_MSBNK-ACES_SU-AS000664_58_8295,CF,peak_mz,58.8295,MassBank record-derived,positive,Organooxygen compounds; Carbonyl compounds; Ketones,medium,1,observed,Benperidol; LC-ESI-QFT; MS2; Ramp 20%-70% (nominal); 30000; [M+H]+,peak_mz:58.8300,extended,True,medium,medium,keep
CF:massbank_MSBNK-ACES_SU-AS000664_70_7868,CF,peak_mz,70.7868,MassBank record-derived,positive,Organooxygen compounds; Carbonyl compounds; Ketones,medium,1,observed,Benperidol; LC-ESI-QFT; MS2; Ramp 20%-70% (nominal); 30000; [M+H]+,peak_mz:70.7850,extended,True,medium,medium,keep
CF:massbank_MSBNK-ACES_SU-AS000664_83_4495,CF,peak_mz,83.4495,MassBank record-derived,positive,Organooxygen compounds; Carbonyl compounds; Ketones,medium,1,observed,Benperidol; LC-ESI-QFT; MS2; Ramp 20%-70% (nominal); 30000; [M+H]+,peak_mz:83.4500,extended,True,medium,medium,keep
CF:massbank_MSBNK-ACES_SU-AS000665_56_3821,CF,peak_mz,56.3821,MassBank record-derived,positive,Benzene and substituted derivatives; Benzyl alcohols; Benzyl alcohols,medium,1,observed,Salmeterol; LC-ESI-QFT; MS2; Ramp 20%-70% (nominal); 30000; [M+H]+,peak_mz:56.3800,extended,True,medium,medium,keep
CF:massbank_MSBNK-ACES_SU-AS000665_60_6347,CF,peak_mz,60.6347,MassBank record-derived,positive,Benzene and substituted derivatives; Benzyl alcohols; Benzyl alcohols,medium,1,observed,Salmeterol; LC-ESI-QFT; MS2; Ramp 20%-70% (nominal); 30000; [M+H]+,peak_mz:60.6350,extended,True,medium,medium,keep
CF:massbank_MSBNK-ACES_SU-AS000666_56_0736,CF,peak_mz,56.0736,MassBank record-derived,positive,Benzene and substituted derivatives; Biphenyls and derivatives; Biphenyls and derivatives,medium,1,observed,Losartan; LC-ESI-QFT; MS2; Ramp 20%-70% (nominal); 30000; [M+H]+,peak_mz:56.0750,extended,True,medium,medium,keep
CF:massbank_MSBNK-ACES_SU-AS000666_63_6837,CF,peak_mz,63.6837,MassBank record-derived,positive,Benzene and substituted derivatives; Biphenyls and derivatives; Biphenyls and derivatives,medium,1,observed,Losartan; LC-ESI-QFT; MS2; Ramp 20%-70% (nominal); 30000; [M+H]+,peak_mz:63.6850,extended,True,medium,medium,keep
CF:massbank_MSBNK-ACES_SU-AS000667_61_8806,CF,peak_mz,61.8806,MassBank record-derived,positive,"Carboxylic acids and derivatives; Amino acids, peptides, and analogues; Peptides",medium,1,observed,Benazepril; LC-ESI-QFT; MS2; Ramp 20%-70% (nominal); 30000; [M+H]+,peak_mz:61.8800,extended,True,medium,medium,keep
CF:massbank_MSBNK-ACES_SU-AS000667_91_485,CF,peak_mz,91.485,MassBank record-derived,positive,"Carboxylic acids and derivatives; Amino acids, peptides, and analogues; Peptides",medium,1,observed,Benazepril; LC-ESI-QFT; MS2; Ramp 20%-70% (nominal); 30000; [M+H]+,peak_mz:91.4850,extended,True,medium,medium,keep
CF:massbank_MSBNK-ACES_SU-AS000668_56_1779,CF,peak_mz,56.1779,MassBank record-derived,positive,Benzene and substituted derivatives; Diphenylethers; Diphenylethers,medium,1,observed,Toltrazuril; LC-ESI-QFT; MS2; Ramp 20%-70% (nominal); 30000; [M+H]+,peak_mz:56.1800,extended,True,medium,medium,keep
CF:massbank_MSBNK-ACES_SU-AS000668_58_0286,CF,peak_mz,58.0286,MassBank record-derived,positive,Benzene and substituted derivatives; Diphenylethers; Diphenylethers,medium,1,observed,Toltrazuril; LC-ESI-QFT; MS2; Ramp 20%-70% (nominal); 30000; [M+H]+,peak_mz:58.0300,extended,True,medium,medium,keep
CF:massbank_MSBNK-ACES_SU-AS000670_58_065,CF,peak_mz,58.065,MassBank record-derived,positive,Tetracyclines; None; Tetracyclines,medium,1,observed,Tetracycline; LC-ESI-QFT; MS2; Ramp 20%-70% (nominal); 30000; [M+H-H2O]+,peak_mz:58.0650,extended,True,medium,medium,keep
CF:massbank_MSBNK-ACES_SU-AS000670_72_0447,CF,peak_mz,72.0447,MassBank record-derived,positive,Tetracyclines; None; Tetracyclines,medium,1,observed,Tetracycline; LC-ESI-QFT; MS2; Ramp 20%-70% (nominal); 30000; [M+H-H2O]+,peak_mz:72.0450,extended,True,medium,medium,keep
CF:massbank_MSBNK-ACES_SU-AS000671_54_1885,CF,peak_mz,54.1885,MassBank record-derived,positive,"Steroids and steroid derivatives; Pregnane steroids; Gluco/mineralocorticoids, progestogins and derivatives",medium,1,observed,Clobetasol propionate; LC-ESI-QFT; MS2; Ramp 20%-70% (nominal); 30000; [M+H]+,peak_mz:54.1900,extended,True,medium,medium,keep
CF:massbank_MSBNK-ACES_SU-AS000671_55_2474,CF,peak_mz,55.2474,MassBank record-derived,positive,"Steroids and steroid derivatives; Pregnane steroids; Gluco/mineralocorticoids, progestogins and derivatives",medium,1,observed,Clobetasol propionate; LC-ESI-QFT; MS2; Ramp 20%-70% (nominal); 30000; [M+H]+,peak_mz:55.2450,extended,True,medium,medium,keep
CF:massbank_MSBNK-ACES_SU-AS000672_58_673,CF,peak_mz,58.673,MassBank record-derived,positive,Diazines; Pyrimidines and pyrimidine derivatives; Bipyrimidines and oligopyrimidines,medium,1,observed,Bosentan; LC-ESI-QFT; MS2; Ramp 20%-70% (nominal); 30000; [M+H]+,peak_mz:58.6750,extended,True,medium,medium,keep
CF:massbank_MSBNK-ACES_SU-AS000672_70_0523,CF,peak_mz,70.0523,MassBank record-derived,positive,Diazines; Pyrimidines and pyrimidine derivatives; Bipyrimidines and oligopyrimidines,medium,1,observed,Bosentan; LC-ESI-QFT; MS2; Ramp 20%-70% (nominal); 30000; [M+H]+,peak_mz:70.0500,extended,True,medium,medium,keep
CF:massbank_MSBNK-ACES_SU-AS000672_75_1228,CF,peak_mz,75.1228,MassBank record-derived,positive,Diazines; Pyrimidines and pyrimidine derivatives; Bipyrimidines and oligopyrimidines,medium,1,observed,Bosentan; LC-ESI-QFT; MS2; Ramp 20%-70% (nominal); 30000; [M+H]+,peak_mz:75.1250,extended,True,medium,medium,keep
CF:massbank_MSBNK-ACES_SU-AS000673_54_6126,CF,peak_mz,54.6126,MassBank record-derived,positive,Flavonoids; Flavonoid glycosides; Flavonoid O-glycosides,medium,1,observed,Hesperidin; LC-ESI-QFT; MS2; Ramp 20%-70% (nominal); 30000; [M+H]+,peak_mz:54.6150,extended,True,medium,medium,keep
CF:massbank_MSBNK-ACES_SU-AS000673_59_6275,CF,peak_mz,59.6275,MassBank record-derived,positive,Flavonoids; Flavonoid glycosides; Flavonoid O-glycosides,medium,1,observed,Hesperidin; LC-ESI-QFT; MS2; Ramp 20%-70% (nominal); 30000; [M+H]+,peak_mz:59.6300,extended,True,medium,medium,keep
CF:massbank_MSBNK-ACES_SU-AS000674_50_7969,CF,peak_mz,50.7969,MassBank record-derived,positive,Organonitrogen compounds; Amines; Primary amines,medium,1,observed,Rimantadine; LC-ESI-QFT; MS2; Ramp 20%-70% (nominal); 30000; [M+H]+,peak_mz:50.7950,extended,True,medium,medium,keep
CF:massbank_MSBNK-ACES_SU-AS000674_58_5792,CF,peak_mz,58.5792,MassBank record-derived,positive,Organonitrogen compounds; Amines; Primary amines,medium,1,observed,Rimantadine; LC-ESI-QFT; MS2; Ramp 20%-70% (nominal); 30000; [M+H]+,peak_mz:58.5800,extended,True,medium,medium,keep
CF:massbank_MSBNK-ACES_SU-AS000674_60_061,CF,peak_mz,60.061,MassBank record-derived,positive,Organonitrogen compounds; Amines; Primary amines,medium,1,observed,Rimantadine; LC-ESI-QFT; MS2; Ramp 20%-70% (nominal); 30000; [M+H]+,peak_mz:60.0600,extended,True,medium,medium,keep
CF:massbank_MSBNK-ACES_SU-AS000675_53_0416,CF,peak_mz,53.0416,MassBank record-derived,positive,Phenols; 1-hydroxy-4-unsubstituted benzenoids; 1-hydroxy-4-unsubstituted benzenoids,medium,1,observed,Etilefrine; LC-ESI-QFT; MS2; Ramp 20%-70% (nominal); 30000; [M+H]+,peak_mz:53.0400,extended,True,medium,medium,keep
CF:massbank_MSBNK-ACES_SU-AS000675_54_9086,CF,peak_mz,54.9086,MassBank record-derived,positive,Phenols; 1-hydroxy-4-unsubstituted benzenoids; 1-hydroxy-4-unsubstituted benzenoids,medium,1,observed,Etilefrine; LC-ESI-QFT; MS2; Ramp 20%-70% (nominal); 30000; [M+H]+,peak_mz:54.9100,extended,True,medium,medium,keep
CF:massbank_MSBNK-ACES_SU-AS000676_50_3398,CF,peak_mz,50.3398,MassBank record-derived,positive,Benzene and substituted derivatives; Phenethylamines; Amphetamines and derivatives,medium,1,observed,Selegiline; LC-ESI-QFT; MS2; Ramp 20%-70% (nominal); 30000; [M+H]+,peak_mz:50.3400,extended,True,medium,medium,keep
CF:massbank_MSBNK-ACES_SU-AS000676_60_2138,CF,peak_mz,60.2138,MassBank record-derived,positive,Benzene and substituted derivatives; Phenethylamines; Amphetamines and derivatives,medium,1,observed,Selegiline; LC-ESI-QFT; MS2; Ramp 20%-70% (nominal); 30000; [M+H]+,peak_mz:60.2150,extended,True,medium,medium,keep
CF:massbank_MSBNK-ACES_SU-AS000676_60_7615,CF,peak_mz,60.7615,MassBank record-derived,positive,Benzene and substituted derivatives; Phenethylamines; Amphetamines and derivatives,medium,1,observed,Selegiline; LC-ESI-QFT; MS2; Ramp 20%-70% (nominal); 30000; [M+H]+,peak_mz:60.7600,extended,True,medium,medium,keep
CF:massbank_MSBNK-ACES_SU-AS000677_51_4939,CF,peak_mz,51.4939,MassBank record-derived,positive,Benzene and substituted derivatives; Xylenes; m-Xylenes,medium,1,observed,Tocainide; LC-ESI-QFT; MS2; Ramp 20%-70% (nominal); 30000; [M+H]+,peak_mz:51.4950,extended,True,medium,medium,keep
CF:massbank_MSBNK-ACES_SU-AS000677_68_417,CF,peak_mz,68.417,MassBank record-derived,positive,Benzene and substituted derivatives; Xylenes; m-Xylenes,medium,1,observed,Tocainide; LC-ESI-QFT; MS2; Ramp 20%-70% (nominal); 30000; [M+H]+,peak_mz:68.4150,extended,True,medium,medium,keep
CF:massbank_MSBNK-ACES_SU-AS000677_70_4655,CF,peak_mz,70.4655,MassBank record-derived,positive,Benzene and substituted derivatives; Xylenes; m-Xylenes,medium,1,observed,Tocainide; LC-ESI-QFT; MS2; Ramp 20%-70% (nominal); 30000; [M+H]+,peak_mz:70.4650,extended,True,medium,medium,keep
CF:massbank_MSBNK-ACES_SU-AS000678_54_32,CF,peak_mz,54.32,MassBank record-derived,positive,Quinolines and derivatives; Benzoquinolines; Acridines,medium,1,observed,Tacrine; LC-ESI-QFT; MS2; Ramp 20%-70% (nominal); 30000; [M+H]+,peak_mz:54.3200,extended,True,medium,medium,keep
CF:massbank_MSBNK-ACES_SU-AS000678_54_5485,CF,peak_mz,54.5485,MassBank record-derived,positive,Quinolines and derivatives; Benzoquinolines; Acridines,medium,1,observed,Tacrine; LC-ESI-QFT; MS2; Ramp 20%-70% (nominal); 30000; [M+H]+,peak_mz:54.5500,extended,True,medium,medium,keep
CF:massbank_MSBNK-ACES_SU-AS000678_59_85,CF,peak_mz,59.85,MassBank record-derived,positive,Quinolines and derivatives; Benzoquinolines; Acridines,medium,1,observed,Tacrine; LC-ESI-QFT; MS2; Ramp 20%-70% (nominal); 30000; [M+H]+,peak_mz:59.8500,extended,True,medium,medium,keep
CF:massbank_MSBNK-ACES_SU-AS000679_56_013,CF,peak_mz,56.013,MassBank record-derived,positive,Fatty Acyls; Fatty amides; N-acyl amines,medium,1,observed,Panthenol; LC-ESI-QFT; MS2; Ramp 20%-70% (nominal); 30000; [M+H]+,peak_mz:56.0150,extended,True,medium,medium,keep
CF:massbank_MSBNK-ACES_SU-AS000680_58_9603,CF,peak_mz,58.9603,MassBank record-derived,positive,Benzene and substituted derivatives; Benzenesulfonamides; Aminobenzenesulfonamides,medium,1,observed,Sulfacetamide; LC-ESI-QFT; MS2; Ramp 20%-70% (nominal); 30000; [M+H]+,peak_mz:58.9600,extended,True,medium,medium,keep
CF:massbank_MSBNK-ACES_SU-AS000681_53_7396,CF,peak_mz,53.7396,MassBank record-derived,positive,"Carboxylic acids and derivatives; Amino acids, peptides, and analogues; Amino acids and derivatives",medium,1,observed,Prilocaine; LC-ESI-QFT; MS2; Ramp 20%-70% (nominal); 30000; [M+H]+,peak_mz:53.7400,extended,True,medium,medium,keep
CF:massbank_MSBNK-ACES_SU-AS000681_62_9495,CF,peak_mz,62.9495,MassBank record-derived,positive,"Carboxylic acids and derivatives; Amino acids, peptides, and analogues; Amino acids and derivatives",medium,1,observed,Prilocaine; LC-ESI-QFT; MS2; Ramp 20%-70% (nominal); 30000; [M+H]+,peak_mz:62.9500,extended,True,medium,medium,keep
CF:massbank_MSBNK-ACES_SU-AS000681_64_4843,CF,peak_mz,64.4843,MassBank record-derived,positive,"Carboxylic acids and derivatives; Amino acids, peptides, and analogues; Amino acids and derivatives",medium,1,observed,Prilocaine; LC-ESI-QFT; MS2; Ramp 20%-70% (nominal); 30000; [M+H]+,peak_mz:64.4850,extended,True,medium,medium,keep
CF:massbank_MSBNK-ACES_SU-AS000682_53_5592,CF,peak_mz,53.5592,MassBank record-derived,positive,Imidazopyrimidines; Purines and purine derivatives; Xanthines,medium,1,observed,Etofylline; LC-ESI-QFT; MS2; Ramp 20%-70% (nominal); 30000; [M+H]+,peak_mz:53.5600,extended,True,medium,medium,keep
CF:massbank_MSBNK-ACES_SU-AS000683_71_9282,CF,peak_mz,71.9282,MassBank record-derived,positive,Benzene and substituted derivatives; Benzophenones; Benzophenones,medium,1,observed,Oxybenzone; LC-ESI-QFT; MS2; Ramp 20%-70% (nominal); 30000; [M+H]+,peak_mz:71.9300,extended,True,medium,medium,keep
CF:massbank_MSBNK-ACES_SU-AS000684_50_4898,CF,peak_mz,50.4898,MassBank record-derived,positive,Benzene and substituted derivatives; Benzyl alcohols; Benzyl alcohols,medium,1,observed,Salbutamol; LC-ESI-QFT; MS2; Ramp 20%-70% (nominal); 30000; [M+H]+,peak_mz:50.4900,extended,True,medium,medium,keep
CF:massbank_MSBNK-ACES_SU-AS000684_51_7799,CF,peak_mz,51.7799,MassBank record-derived,positive,Benzene and substituted derivatives; Benzyl alcohols; Benzyl alcohols,medium,1,observed,Salbutamol; LC-ESI-QFT; MS2; Ramp 20%-70% (nominal); 30000; [M+H]+,peak_mz:51.7800,extended,True,medium,medium,keep
CF:massbank_MSBNK-ACES_SU-AS000684_52_0554,CF,peak_mz,52.0554,MassBank record-derived,positive,Benzene and substituted derivatives; Benzyl alcohols; Benzyl alcohols,medium,1,observed,Salbutamol; LC-ESI-QFT; MS2; Ramp 20%-70% (nominal); 30000; [M+H]+,peak_mz:52.0550,extended,True,medium,medium,keep
CF:massbank_MSBNK-ACES_SU-AS000685_52_4872,CF,peak_mz,52.4872,MassBank record-derived,positive,Triazole ribonucleosides and ribonucleotides; None; Triazole ribonucleosides and ribonucleotides,medium,1,observed,Ribavirin; LC-ESI-QFT; MS2; Ramp 20%-70% (nominal); 30000; [M+H]+,peak_mz:52.4850,extended,True,medium,medium,keep
CF:massbank_MSBNK-ACES_SU-AS000685_56_3201,CF,peak_mz,56.3201,MassBank record-derived,positive,Triazole ribonucleosides and ribonucleotides; None; Triazole ribonucleosides and ribonucleotides,medium,1,observed,Ribavirin; LC-ESI-QFT; MS2; Ramp 20%-70% (nominal); 30000; [M+H]+,peak_mz:56.3200,extended,True,medium,medium,keep
CF:massbank_MSBNK-ACES_SU-AS000685_62_0184,CF,peak_mz,62.0184,MassBank record-derived,positive,Triazole ribonucleosides and ribonucleotides; None; Triazole ribonucleosides and ribonucleotides,medium,1,observed,Ribavirin; LC-ESI-QFT; MS2; Ramp 20%-70% (nominal); 30000; [M+H]+,peak_mz:62.0200,extended,True,medium,medium,keep
CF:massbank_MSBNK-ACES_SU-AS000686_65_3814,CF,peak_mz,65.3814,MassBank record-derived,positive,Benzene and substituted derivatives; Benzoic acids and derivatives; Aminobenzoic acids and derivatives,medium,1,observed,Tolfenamic acid; LC-ESI-QFT; MS2; Ramp 20%-70% (nominal); 30000; [M+H]+,peak_mz:65.3800,extended,True,medium,medium,keep
CF:massbank_MSBNK-ACES_SU-AS000686_75_228,CF,peak_mz,75.228,MassBank record-derived,positive,Benzene and substituted derivatives; Benzoic acids and derivatives; Aminobenzoic acids and derivatives,medium,1,observed,Tolfenamic acid; LC-ESI-QFT; MS2; Ramp 20%-70% (nominal); 30000; [M+H]+,peak_mz:75.2300,extended,True,medium,medium,keep
CF:massbank_MSBNK-ACES_SU-AS000686_115_3168,CF,peak_mz,115.3168,MassBank record-derived,positive,Benzene and substituted derivatives; Benzoic acids and derivatives; Aminobenzoic acids and derivatives,medium,1,observed,Tolfenamic acid; LC-ESI-QFT; MS2; Ramp 20%-70% (nominal); 30000; [M+H]+,peak_mz:115.3150,extended,True,medium,medium,keep
CF:massbank_MSBNK-ACES_SU-AS000688_99_0917,CF,peak_mz,99.0917,MassBank record-derived,positive,Benzene and substituted derivatives; Diphenylmethanes; Diphenylmethanes,medium,1,observed,Cyclizine; LC-ESI-QFT; MS2; Ramp 20%-70% (nominal); 30000; [M+H]+,peak_mz:99.0900,extended,True,medium,medium,keep
CF:massbank_MSBNK-ACES_SU-AS000688_152_0622,CF,peak_mz,152.0622,MassBank record-derived,positive,Benzene and substituted derivatives; Diphenylmethanes; Diphenylmethanes,medium,1,observed,Cyclizine; LC-ESI-QFT; MS2; Ramp 20%-70% (nominal); 30000; [M+H]+,peak_mz:152.0600,extended,True,medium,medium,keep
CF:massbank_MSBNK-ACES_SU-AS000688_153_0653,CF,peak_mz,153.0653,MassBank record-derived,positive,Benzene and substituted derivatives; Diphenylmethanes; Diphenylmethanes,medium,1,observed,Cyclizine; LC-ESI-QFT; MS2; Ramp 20%-70% (nominal); 30000; [M+H]+,peak_mz:153.0650,extended,True,medium,medium,keep
CF:massbank_MSBNK-ACES_SU-AS000689_56_4823,CF,peak_mz,56.4823,MassBank record-derived,positive,Aporphines; None; Aporphines,medium,1,observed,Apomorphine; LC-ESI-QFT; MS2; Ramp 20%-70% (nominal); 30000; [M+H]+,peak_mz:56.4800,extended,True,medium,medium,keep
CF:massbank_MSBNK-ACES_SU-AS000689_99_9618,CF,peak_mz,99.9618,MassBank record-derived,positive,Aporphines; None; Aporphines,medium,1,observed,Apomorphine; LC-ESI-QFT; MS2; Ramp 20%-70% (nominal); 30000; [M+H]+,peak_mz:99.9600,extended,True,medium,medium,keep
CF:massbank_MSBNK-ACES_SU-AS000691_50_4545,CF,peak_mz,50.4545,MassBank record-derived,positive,Benzene and substituted derivatives; Benzylethers; Benzylethers,medium,1,observed,Doxylamine; LC-ESI-QFT; MS2; Ramp 20%-70% (nominal); 30000; [M+H]+,peak_mz:50.4550,extended,True,medium,medium,keep
CF:massbank_MSBNK-ACES_SU-AS000691_50_5417,CF,peak_mz,50.5417,MassBank record-derived,positive,Benzene and substituted derivatives; Benzylethers; Benzylethers,medium,1,observed,Doxylamine; LC-ESI-QFT; MS2; Ramp 20%-70% (nominal); 30000; [M+H]+,peak_mz:50.5400,extended,True,medium,medium,keep
CF:massbank_MSBNK-ACES_SU-AS000691_51_2685,CF,peak_mz,51.2685,MassBank record-derived,positive,Benzene and substituted derivatives; Benzylethers; Benzylethers,medium,1,observed,Doxylamine; LC-ESI-QFT; MS2; Ramp 20%-70% (nominal); 30000; [M+H]+,peak_mz:51.2700,extended,True,medium,medium,keep
CF:massbank_MSBNK-ACES_SU-AS000692_61_1816,CF,peak_mz,61.1816,MassBank record-derived,positive,Triazolopyrimidines; None; Triazolopyrimidines,medium,1,observed,Zaprinast; LC-ESI-QFT; MS2; Ramp 20%-70% (nominal); 30000; [M+H]+,peak_mz:61.1800,extended,True,medium,medium,keep
CF:massbank_MSBNK-ACES_SU-AS000692_66_5617,CF,peak_mz,66.5617,MassBank record-derived,positive,Triazolopyrimidines; None; Triazolopyrimidines,medium,1,observed,Zaprinast; LC-ESI-QFT; MS2; Ramp 20%-70% (nominal); 30000; [M+H]+,peak_mz:66.5600,extended,True,medium,medium,keep
CF:massbank_MSBNK-ACES_SU-AS000693_51_9505,CF,peak_mz,51.9505,MassBank record-derived,positive,Indoles and derivatives; Carbazoles; Carbazoles,medium,1,observed,Carprofen; LC-ESI-QFT; MS2; Ramp 20%-70% (nominal); 30000; [M+H]+,peak_mz:51.9500,extended,True,medium,medium,keep
CF:massbank_MSBNK-ACES_SU-AS000694_51_5512,CF,peak_mz,51.5512,MassBank record-derived,positive,Benzene and substituted derivatives; Benzenesulfonamides; Aminobenzenesulfonamides,medium,1,observed,Sulfameter; LC-ESI-QFT; MS2; Ramp 20%-70% (nominal); 30000; [M+H]+,peak_mz:51.5500,extended,True,medium,medium,keep
CF:massbank_MSBNK-ACES_SU-AS000694_60_1227,CF,peak_mz,60.1227,MassBank record-derived,positive,Benzene and substituted derivatives; Benzenesulfonamides; Aminobenzenesulfonamides,medium,1,observed,Sulfameter; LC-ESI-QFT; MS2; Ramp 20%-70% (nominal); 30000; [M+H]+,peak_mz:60.1250,extended,True,medium,medium,keep
CF:massbank_MSBNK-ACES_SU-AS000695_72_7826,CF,peak_mz,72.7826,MassBank record-derived,positive,Benzazepines; Dibenzazepines; Dibenzazepines,medium,1,observed,Imipramine; LC-ESI-QFT; MS2; Ramp 20%-70% (nominal); 30000; [M+H]+,peak_mz:72.7850,extended,True,medium,medium,keep
CF:massbank_MSBNK-ACES_SU-AS000697_54_0102,CF,peak_mz,54.0102,MassBank record-derived,positive,Furans; Nitrofurans; Nitrofurans,medium,1,observed,Nifurtimox; LC-ESI-QFT; MS2; Ramp 20%-70% (nominal); 30000; [M+H]+,peak_mz:54.0100,extended,True,medium,medium,keep
CF:massbank_MSBNK-ACES_SU-AS000698_62_8271,CF,peak_mz,62.8271,MassBank record-derived,positive,"Azoles; Oxazoles; Phenyl-1,3-oxazoles",medium,1,observed,Oxaprozin; LC-ESI-QFT; MS2; Ramp 20%-70% (nominal); 30000; [M+H]+,peak_mz:62.8250,extended,True,medium,medium,keep
CF:massbank_MSBNK-ACES_SU-AS000698_65_1312,CF,peak_mz,65.1312,MassBank record-derived,positive,"Azoles; Oxazoles; Phenyl-1,3-oxazoles",medium,1,observed,Oxaprozin; LC-ESI-QFT; MS2; Ramp 20%-70% (nominal); 30000; [M+H]+,peak_mz:65.1300,extended,True,medium,medium,keep
CF:massbank_MSBNK-ACES_SU-AS000699_51_687,CF,peak_mz,51.687,MassBank record-derived,positive,Benzene and substituted derivatives; Diphenylmethanes; Diphenylmethanes,medium,1,observed,Chlorcyclizine; LC-ESI-QFT; MS2; Ramp 20%-70% (nominal); 30000; [M+H]+,peak_mz:51.6850,extended,True,medium,medium,keep
CF:massbank_MSBNK-ACES_SU-AS000699_52_2922,CF,peak_mz,52.2922,MassBank record-derived,positive,Benzene and substituted derivatives; Diphenylmethanes; Diphenylmethanes,medium,1,observed,Chlorcyclizine; LC-ESI-QFT; MS2; Ramp 20%-70% (nominal); 30000; [M+H]+,peak_mz:52.2900,extended,True,medium,medium,keep
CF:massbank_MSBNK-ACES_SU-AS000699_53_7004,CF,peak_mz,53.7004,MassBank record-derived,positive,Benzene and substituted derivatives; Diphenylmethanes; Diphenylmethanes,medium,1,observed,Chlorcyclizine; LC-ESI-QFT; MS2; Ramp 20%-70% (nominal); 30000; [M+H]+,peak_mz:53.7000,extended,True,medium,medium,keep
CF:massbank_MSBNK-ACES_SU-AS000700_104_12,CF,peak_mz,104.12,MassBank record-derived,positive,Benzene and substituted derivatives; Phenoxyacetic acid derivatives; Chlorophenoxyacetates,medium,1,observed,Ethacrynic acid; LC-ESI-QFT; MS2; Ramp 20%-70% (nominal); 30000; [M+H]+,peak_mz:104.1200,extended,True,medium,medium,keep
CF:massbank_MSBNK-ACES_SU-AS000700_116_0622,CF,peak_mz,116.0622,MassBank record-derived,positive,Benzene and substituted derivatives; Phenoxyacetic acid derivatives; Chlorophenoxyacetates,medium,1,observed,Ethacrynic acid; LC-ESI-QFT; MS2; Ramp 20%-70% (nominal); 30000; [M+H]+,peak_mz:116.0600,extended,True,medium,medium,keep
CF:massbank_MSBNK-ACES_SU-AS000701_51_7287,CF,peak_mz,51.7287,MassBank record-derived,positive,Pyrazolopyridines; None; Pyrazolopyridines,medium,1,observed,Tracazolate; LC-ESI-QFT; MS2; Ramp 20%-70% (nominal); 30000; [M+H]+,peak_mz:51.7300,extended,True,medium,medium,keep
CF:massbank_MSBNK-ACES_SU-AS000701_54_778,CF,peak_mz,54.778,MassBank record-derived,positive,Pyrazolopyridines; None; Pyrazolopyridines,medium,1,observed,Tracazolate; LC-ESI-QFT; MS2; Ramp 20%-70% (nominal); 30000; [M+H]+,peak_mz:54.7800,extended,True,medium,medium,keep
CF:massbank_MSBNK-ACES_SU-AS000701_66_223,CF,peak_mz,66.223,MassBank record-derived,positive,Pyrazolopyridines; None; Pyrazolopyridines,medium,1,observed,Tracazolate; LC-ESI-QFT; MS2; Ramp 20%-70% (nominal); 30000; [M+H]+,peak_mz:66.2250,extended,True,medium,medium,keep
CF:massbank_MSBNK-ACES_SU-AS000703_61_8555,CF,peak_mz,61.8555,MassBank record-derived,positive,"Steroids and steroid derivatives; Pregnane steroids; Gluco/mineralocorticoids, progestogins and derivatives",medium,1,observed,Medrysone; LC-ESI-QFT; MS2; Ramp 20%-70% (nominal); 30000; [M+H]+,peak_mz:61.8550,extended,True,medium,medium,keep
CF:massbank_MSBNK-ACES_SU-AS000706_53_6338,CF,peak_mz,53.6338,MassBank record-derived,positive,Benzene and substituted derivatives; Benzenesulfonamides; Benzenesulfonamides,medium,1,observed,Indapamide; LC-ESI-QFT; MS2; Ramp 20%-70% (nominal); 30000; [M+H]+,peak_mz:53.6350,extended,True,medium,medium,keep
CF:massbank_MSBNK-ACES_SU-AS000706_55_5732,CF,peak_mz,55.5732,MassBank record-derived,positive,Benzene and substituted derivatives; Benzenesulfonamides; Benzenesulfonamides,medium,1,observed,Indapamide; LC-ESI-QFT; MS2; Ramp 20%-70% (nominal); 30000; [M+H]+,peak_mz:55.5750,extended,True,medium,medium,keep
CF:massbank_MSBNK-ACES_SU-AS000707_64_1209,CF,peak_mz,64.1209,MassBank record-derived,positive,Anthracenes; Anthracenecarboxylic acids and derivatives; Anthracenecarboxylic acids,medium,1,observed,Diacerein; LC-ESI-QFT; MS2; Ramp 20%-70% (nominal); 30000; [M+H]+,peak_mz:64.1200,extended,True,medium,medium,keep
CF:massbank_MSBNK-ACES_SU-AS000707_65_4459,CF,peak_mz,65.4459,MassBank record-derived,positive,Anthracenes; Anthracenecarboxylic acids and derivatives; Anthracenecarboxylic acids,medium,1,observed,Diacerein; LC-ESI-QFT; MS2; Ramp 20%-70% (nominal); 30000; [M+H]+,peak_mz:65.4450,extended,True,medium,medium,keep
CF:massbank_MSBNK-ACES_SU-AS000708_51_2218,CF,peak_mz,51.2218,MassBank record-derived,positive,Organooxygen compounds; Carbonyl compounds; Ketones,medium,1,observed,Pirenperone; LC-ESI-QFT; MS2; Ramp 20%-70% (nominal); 30000; [M+H]+,peak_mz:51.2200,extended,True,medium,medium,keep
CF:massbank_MSBNK-ACES_SU-AS000708_53_407,CF,peak_mz,53.407,MassBank record-derived,positive,Organooxygen compounds; Carbonyl compounds; Ketones,medium,1,observed,Pirenperone; LC-ESI-QFT; MS2; Ramp 20%-70% (nominal); 30000; [M+H]+,peak_mz:53.4050,extended,True,medium,medium,keep
CF:massbank_MSBNK-ACES_SU-AS000708_55_9674,CF,peak_mz,55.9674,MassBank record-derived,positive,Organooxygen compounds; Carbonyl compounds; Ketones,medium,1,observed,Pirenperone; LC-ESI-QFT; MS2; Ramp 20%-70% (nominal); 30000; [M+H]+,peak_mz:55.9650,extended,True,medium,medium,keep
CF:massbank_MSBNK-ACES_SU-AS000709_50_8263,CF,peak_mz,50.8263,MassBank record-derived,positive,Organooxygen compounds; Carbonyl compounds; Ketones,medium,1,observed,Spiperone; LC-ESI-QFT; MS2; Ramp 20%-70% (nominal); 30000; [M+H]+,peak_mz:50.8250,extended,True,medium,medium,keep
CF:massbank_MSBNK-ACES_SU-AS000709_61_3122,CF,peak_mz,61.3122,MassBank record-derived,positive,Organooxygen compounds; Carbonyl compounds; Ketones,medium,1,observed,Spiperone; LC-ESI-QFT; MS2; Ramp 20%-70% (nominal); 30000; [M+H]+,peak_mz:61.3100,extended,True,medium,medium,keep
CF:massbank_MSBNK-ACES_SU-AS000710_51_4609,CF,peak_mz,51.4609,MassBank record-derived,positive,Diazinanes; Piperazines; N-arylpiperazines,medium,1,observed,Ziprasidone; LC-ESI-QFT; MS2; Ramp 20%-70% (nominal); 30000; [M+H]+,peak_mz:51.4600,extended,True,medium,medium,keep
CF:massbank_MSBNK-ACES_SU-AS000710_55_4355,CF,peak_mz,55.4355,MassBank record-derived,positive,Diazinanes; Piperazines; N-arylpiperazines,medium,1,observed,Ziprasidone; LC-ESI-QFT; MS2; Ramp 20%-70% (nominal); 30000; [M+H]+,peak_mz:55.4350,extended,True,medium,medium,keep
CF:massbank_MSBNK-ACES_SU-AS000710_58_424,CF,peak_mz,58.424,MassBank record-derived,positive,Diazinanes; Piperazines; N-arylpiperazines,medium,1,observed,Ziprasidone; LC-ESI-QFT; MS2; Ramp 20%-70% (nominal); 30000; [M+H]+,peak_mz:58.4250,extended,True,medium,medium,keep
CF:massbank_MSBNK-ACES_SU-AS000711_55_6798,CF,peak_mz,55.6798,MassBank record-derived,positive,Indoles and derivatives; Benzoylindoles; Benzoylindoles,medium,1,observed,Acemetacin; LC-ESI-QFT; MS2; Ramp 20%-70% (nominal); 30000; [M+H]+,peak_mz:55.6800,extended,True,medium,medium,keep
CF:massbank_MSBNK-ACES_SU-AS000711_62_0401,CF,peak_mz,62.0401,MassBank record-derived,positive,Indoles and derivatives; Benzoylindoles; Benzoylindoles,medium,1,observed,Acemetacin; LC-ESI-QFT; MS2; Ramp 20%-70% (nominal); 30000; [M+H]+,peak_mz:62.0400,extended,True,medium,medium,keep
CF:massbank_MSBNK-ACES_SU-AS000711_68_3695,CF,peak_mz,68.3695,MassBank record-derived,positive,Indoles and derivatives; Benzoylindoles; Benzoylindoles,medium,1,observed,Acemetacin; LC-ESI-QFT; MS2; Ramp 20%-70% (nominal); 30000; [M+H]+,peak_mz:68.3700,extended,True,medium,medium,keep
CF:massbank_MSBNK-ACES_SU-AS000712_73_3102,CF,peak_mz,73.3102,MassBank record-derived,positive,"Carboxylic acids and derivatives; Amino acids, peptides, and analogues; Amino acids and derivatives",medium,1,observed,Folic acid; LC-ESI-QFT; MS2; Ramp 20%-70% (nominal); 30000; [M+H]+,peak_mz:73.3100,extended,True,medium,medium,keep
CF:massbank_MSBNK-ACES_SU-AS000712_78_5188,CF,peak_mz,78.5188,MassBank record-derived,positive,"Carboxylic acids and derivatives; Amino acids, peptides, and analogues; Amino acids and derivatives",medium,1,observed,Folic acid; LC-ESI-QFT; MS2; Ramp 20%-70% (nominal); 30000; [M+H]+,peak_mz:78.5200,extended,True,medium,medium,keep
CF:massbank_MSBNK-ACES_SU-AS000713_50_9404,CF,peak_mz,50.9404,MassBank record-derived,positive,"Carboxylic acids and derivatives; Amino acids, peptides, and analogues; Amino acids and derivatives",medium,1,observed,Folinic acid; LC-ESI-QFT; MS2; Ramp 20%-70% (nominal); 30000; [M+H]+,peak_mz:50.9400,extended,True,medium,medium,keep
CF:massbank_MSBNK-ACES_SU-AS000713_58_2243,CF,peak_mz,58.2243,MassBank record-derived,positive,"Carboxylic acids and derivatives; Amino acids, peptides, and analogues; Amino acids and derivatives",medium,1,observed,Folinic acid; LC-ESI-QFT; MS2; Ramp 20%-70% (nominal); 30000; [M+H]+,peak_mz:58.2250,extended,True,medium,medium,keep
CF:massbank_MSBNK-ACES_SU-AS000713_76_8452,CF,peak_mz,76.8452,MassBank record-derived,positive,"Carboxylic acids and derivatives; Amino acids, peptides, and analogues; Amino acids and derivatives",medium,1,observed,Folinic acid; LC-ESI-QFT; MS2; Ramp 20%-70% (nominal); 30000; [M+H]+,peak_mz:76.8450,extended,True,medium,medium,keep
CF:massbank_MSBNK-ACES_SU-AS000714_50_8104,CF,peak_mz,50.8104,MassBank record-derived,positive,Organooxygen compounds; Carbohydrates and carbohydrate conjugates; Aminosaccharides,medium,1,observed,Erythromycin; LC-ESI-QFT; MS2; Ramp 20%-70% (nominal); 30000; [M+H]+,peak_mz:50.8100,extended,True,medium,medium,keep
CF:massbank_MSBNK-ACES_SU-AS000716_56_9645,CF,peak_mz,56.9645,MassBank record-derived,positive,Phenols; 1-hydroxy-2-unsubstituted benzenoids; 1-hydroxy-2-unsubstituted benzenoids,medium,1,observed,Synephrine; LC-ESI-QFT; MS2; Ramp 20%-70% (nominal); 30000; [M+H]+,peak_mz:56.9650,extended,True,medium,medium,keep
CF:massbank_MSBNK-ACES_SU-AS000717_62_0058,CF,peak_mz,62.0058,MassBank record-derived,positive,Benzene and substituted derivatives; Xylenes; m-Xylenes,medium,1,observed,Xylazine; LC-ESI-QFT; MS2; Ramp 20%-70% (nominal); 30000; [M+H]+,peak_mz:62.0050,extended,True,medium,medium,keep
CF:massbank_MSBNK-ACES_SU-AS000717_65_6185,CF,peak_mz,65.6185,MassBank record-derived,positive,Benzene and substituted derivatives; Xylenes; m-Xylenes,medium,1,observed,Xylazine; LC-ESI-QFT; MS2; Ramp 20%-70% (nominal); 30000; [M+H]+,peak_mz:65.6200,extended,True,medium,medium,keep
CF:massbank_MSBNK-ACES_SU-AS000718_51_876,CF,peak_mz,51.876,MassBank record-derived,positive,Pyrazolopyridines; None; Pyrazolopyridines,medium,1,observed,Ibudilast; LC-ESI-QFT; MS2; Ramp 20%-70% (nominal); 30000; [M+H]+,peak_mz:51.8750,extended,True,medium,medium,keep
CF:massbank_MSBNK-ACES_SU-AS000718_57_2046,CF,peak_mz,57.2046,MassBank record-derived,positive,Pyrazolopyridines; None; Pyrazolopyridines,medium,1,observed,Ibudilast; LC-ESI-QFT; MS2; Ramp 20%-70% (nominal); 30000; [M+H]+,peak_mz:57.2050,extended,True,medium,medium,keep
CF:massbank_MSBNK-ACES_SU-AS000719_80_0513,CF,peak_mz,80.0513,MassBank record-derived,positive,Indoles and derivatives; Indoles; 3-alkylindoles,medium,1,observed,Melatonin; LC-ESI-QFT; MS2; Ramp 20%-70% (nominal); 30000; [M+H]+,peak_mz:80.0500,extended,True,medium,medium,keep
CF:massbank_MSBNK-ACES_SU-AS000719_86_06,CF,peak_mz,86.06,MassBank record-derived,positive,Indoles and derivatives; Indoles; 3-alkylindoles,medium,1,observed,Melatonin; LC-ESI-QFT; MS2; Ramp 20%-70% (nominal); 30000; [M+H]+,peak_mz:86.0600,extended,True,medium,medium,keep
CF:massbank_MSBNK-ACES_SU-AS000720_54_9534,CF,peak_mz,54.9534,MassBank record-derived,positive,Benzene and substituted derivatives; Benzoic acids and derivatives; Benzoic acid esters,medium,1,observed,Procaine; LC-ESI-QFT; MS2; Ramp 20%-70% (nominal); 30000; [M+H]+,peak_mz:54.9550,extended,True,medium,medium,keep
CF:massbank_MSBNK-ACES_SU-AS000720_61_058,CF,peak_mz,61.058,MassBank record-derived,positive,Benzene and substituted derivatives; Benzoic acids and derivatives; Benzoic acid esters,medium,1,observed,Procaine; LC-ESI-QFT; MS2; Ramp 20%-70% (nominal); 30000; [M+H]+,peak_mz:61.0600,extended,True,medium,medium,keep
CF:massbank_MSBNK-ACES_SU-AS000721_50_5389,CF,peak_mz,50.5389,MassBank record-derived,positive,Benzene and substituted derivatives; Benzoic acids and derivatives; Aminobenzoic acids and derivatives,medium,1,observed,Mefenamic acid; LC-ESI-QFT; MS2; Ramp 20%-70% (nominal); 30000; [M+H]+,peak_mz:50.5400,extended,True,medium,medium,keep
CF:massbank_MSBNK-ACES_SU-AS000721_55_1564,CF,peak_mz,55.1564,MassBank record-derived,positive,Benzene and substituted derivatives; Benzoic acids and derivatives; Aminobenzoic acids and derivatives,medium,1,observed,Mefenamic acid; LC-ESI-QFT; MS2; Ramp 20%-70% (nominal); 30000; [M+H]+,peak_mz:55.1550,extended,True,medium,medium,keep
CF:massbank_MSBNK-ACES_SU-AS000721_64_7777,CF,peak_mz,64.7777,MassBank record-derived,positive,Benzene and substituted derivatives; Benzoic acids and derivatives; Aminobenzoic acids and derivatives,medium,1,observed,Mefenamic acid; LC-ESI-QFT; MS2; Ramp 20%-70% (nominal); 30000; [M+H]+,peak_mz:64.7800,extended,True,medium,medium,keep
CF:massbank_MSBNK-ACES_SU-AS000722_118_0653,CF,peak_mz,118.0653,MassBank record-derived,positive,Quinolines and derivatives; Quinoline carboxylic acids; Quinoline carboxylic acids,medium,1,observed,Oxolinic acid; LC-ESI-QFT; MS2; Ramp 20%-70% (nominal); 30000; [M+H]+,peak_mz:118.0650,extended,True,medium,medium,keep
CF:massbank_MSBNK-ACES_SU-AS000722_130_0647,CF,peak_mz,130.0647,MassBank record-derived,positive,Quinolines and derivatives; Quinoline carboxylic acids; Quinoline carboxylic acids,medium,1,observed,Oxolinic acid; LC-ESI-QFT; MS2; Ramp 20%-70% (nominal); 30000; [M+H]+,peak_mz:130.0650,extended,True,medium,medium,keep
CF:massbank_MSBNK-ACES_SU-AS000722_146_0602,CF,peak_mz,146.0602,MassBank record-derived,positive,Quinolines and derivatives; Quinoline carboxylic acids; Quinoline carboxylic acids,medium,1,observed,Oxolinic acid; LC-ESI-QFT; MS2; Ramp 20%-70% (nominal); 30000; [M+H]+,peak_mz:146.0600,extended,True,medium,medium,keep
CF:massbank_MSBNK-ACES_SU-AS000724_55_0178,CF,peak_mz,55.0178,MassBank record-derived,positive,Purine nucleosides; None; Purine nucleosides,medium,1,observed,N6-methyladenosine; LC-ESI-QFT; MS2; Ramp 20%-70% (nominal); 30000; [M+H]+,peak_mz:55.0200,extended,True,medium,medium,keep
CF:massbank_MSBNK-ACES_SU-AS000724_57_0447,CF,peak_mz,57.0447,MassBank record-derived,positive,Purine nucleosides; None; Purine nucleosides,medium,1,observed,N6-methyladenosine; LC-ESI-QFT; MS2; Ramp 20%-70% (nominal); 30000; [M+H]+,peak_mz:57.0450,extended,True,medium,medium,keep
CF:massbank_MSBNK-ACES_SU-AS000725_55_827,CF,peak_mz,55.827,MassBank record-derived,positive,Tropane alkaloids; None; Tropane alkaloids,medium,1,observed,Hyoscyamine; LC-ESI-QFT; MS2; Ramp 20%-70% (nominal); 30000; [M+H]+,peak_mz:55.8250,extended,True,medium,medium,keep
CF:massbank_MSBNK-ACES_SU-AS000726_63_3534,CF,peak_mz,63.3534,MassBank record-derived,positive,Diazanaphthalenes; Benzodiazines; Quinoxalines,medium,1,observed,Sulfaquinoxaline; LC-ESI-QFT; MS2; Ramp 20%-70% (nominal); 30000; [M+H]+,peak_mz:63.3550,extended,True,medium,medium,keep
CF:massbank_MSBNK-ACES_SU-AS000726_65_2582,CF,peak_mz,65.2582,MassBank record-derived,positive,Diazanaphthalenes; Benzodiazines; Quinoxalines,medium,1,observed,Sulfaquinoxaline; LC-ESI-QFT; MS2; Ramp 20%-70% (nominal); 30000; [M+H]+,peak_mz:65.2600,extended,True,medium,medium,keep
CF:massbank_MSBNK-ACES_SU-AS000727_100_1119,CF,peak_mz,100.1119,MassBank record-derived,positive,Benzene and substituted derivatives; Benzoic acids and derivatives; Benzoic acid esters,medium,1,observed,Benoxinate; LC-ESI-QFT; MS2; Ramp 20%-70% (nominal); 30000; [M+H]+,peak_mz:100.1100,extended,True,medium,medium,keep
CF:massbank_MSBNK-ACES_SU-AS000728_69_5104,CF,peak_mz,69.5104,MassBank record-derived,positive,Benzene and substituted derivatives; Benzenesulfonamides; Aminobenzenesulfonamides,medium,1,observed,Sulfadoxine; LC-ESI-QFT; MS2; Ramp 20%-70% (nominal); 30000; [M+H]+,peak_mz:69.5100,extended,True,medium,medium,keep
CF:massbank_MSBNK-ACES_SU-AS000729_53_0175,CF,peak_mz,53.0175,MassBank record-derived,positive,Steroids and steroid derivatives; Androstane steroids; Androgens and derivatives,medium,1,observed,Ethisterone; LC-ESI-QFT; MS2; Ramp 20%-70% (nominal); 30000; [M+H]+,peak_mz:53.0200,extended,True,medium,medium,keep
CF:massbank_MSBNK-ACES_SU-AS000730_52_0558,CF,peak_mz,52.0558,MassBank record-derived,positive,Benzoxazepines; Dibenzoxazepines; Dibenzoxazepines,medium,1,observed,Amoxapine; LC-ESI-QFT; MS2; Ramp 20%-70% (nominal); 30000; [M+H]+,peak_mz:52.0550,extended,True,medium,medium,keep
CF:massbank_MSBNK-ACES_SU-AS000730_53_6567,CF,peak_mz,53.6567,MassBank record-derived,positive,Benzoxazepines; Dibenzoxazepines; Dibenzoxazepines,medium,1,observed,Amoxapine; LC-ESI-QFT; MS2; Ramp 20%-70% (nominal); 30000; [M+H]+,peak_mz:53.6550,extended,True,medium,medium,keep
CF:massbank_MSBNK-ACES_SU-AS000730_58_5034,CF,peak_mz,58.5034,MassBank record-derived,positive,Benzoxazepines; Dibenzoxazepines; Dibenzoxazepines,medium,1,observed,Amoxapine; LC-ESI-QFT; MS2; Ramp 20%-70% (nominal); 30000; [M+H]+,peak_mz:58.5050,extended,True,medium,medium,keep
CF:massbank_MSBNK-ACES_SU-AS000731_51_8995,CF,peak_mz,51.8995,MassBank record-derived,positive,Benzene and substituted derivatives; None; Benzene and substituted derivatives,medium,1,observed,Drofenine; LC-ESI-QFT; MS2; Ramp 20%-70% (nominal); 30000; [M+H]+,peak_mz:51.9000,extended,True,medium,medium,keep
CF:massbank_MSBNK-ACES_SU-AS000732_60_0442,CF,peak_mz,60.0442,MassBank record-derived,positive,"Carboxylic acids and derivatives; Amino acids, peptides, and analogues; Amino acids and derivatives",medium,1,observed,Etifenin; LC-ESI-QFT; MS2; Ramp 20%-70% (nominal); 30000; [M+H]+,peak_mz:60.0450,extended,True,medium,medium,keep
CF:massbank_MSBNK-ACES_SU-AS000732_61_4054,CF,peak_mz,61.4054,MassBank record-derived,positive,"Carboxylic acids and derivatives; Amino acids, peptides, and analogues; Amino acids and derivatives",medium,1,observed,Etifenin; LC-ESI-QFT; MS2; Ramp 20%-70% (nominal); 30000; [M+H]+,peak_mz:61.4050,extended,True,medium,medium,keep
CF:massbank_MSBNK-ACES_SU-AS000733_64_6215,CF,peak_mz,64.6215,MassBank record-derived,positive,Benzene and substituted derivatives; Benzenesulfonamides; Benzenesulfonamides,medium,1,observed,Gliclazide; LC-ESI-QFT; MS2; Ramp 20%-70% (nominal); 30000; [M+H]+,peak_mz:64.6200,extended,True,medium,medium,keep
CF:massbank_MSBNK-ACES_SU-AS000733_66_0384,CF,peak_mz,66.0384,MassBank record-derived,positive,Benzene and substituted derivatives; Benzenesulfonamides; Benzenesulfonamides,medium,1,observed,Gliclazide; LC-ESI-QFT; MS2; Ramp 20%-70% (nominal); 30000; [M+H]+,peak_mz:66.0400,extended,True,medium,medium,keep
CF:massbank_MSBNK-ACES_SU-AS000734_53_334,CF,peak_mz,53.334,MassBank record-derived,positive,Indoles and derivatives; Indolecarboxylic acids and derivatives; Indolecarboxylic acids and derivatives,medium,1,observed,Dolasetron; LC-ESI-QFT; MS2; Ramp 20%-70% (nominal); 30000; [M+H]+,peak_mz:53.3350,extended,True,medium,medium,keep
CF:massbank_MSBNK-ACES_SU-AS000734_58_982,CF,peak_mz,58.982,MassBank record-derived,positive,Indoles and derivatives; Indolecarboxylic acids and derivatives; Indolecarboxylic acids and derivatives,medium,1,observed,Dolasetron; LC-ESI-QFT; MS2; Ramp 20%-70% (nominal); 30000; [M+H]+,peak_mz:58.9800,extended,True,medium,medium,keep
CF:massbank_MSBNK-ACES_SU-AS000736_56_4526,CF,peak_mz,56.4526,MassBank record-derived,positive,Benzene and substituted derivatives; Phenoxyacetic acid derivatives; Phenoxyacetic acid derivatives,medium,1,observed,Bezafibrate; LC-ESI-QFT; MS2; Ramp 20%-70% (nominal); 30000; [M+H]+,peak_mz:56.4550,extended,True,medium,medium,keep
CF:massbank_MSBNK-ACES_SU-AS000737_50_0164,CF,peak_mz,50.0164,MassBank record-derived,positive,Quinolines and derivatives; Quinoline carboxylic acids; Quinoline carboxylic acids,medium,1,observed,Ofloxacin; LC-ESI-QFT; MS2; Ramp 20%-70% (nominal); 30000; [M+H]+,peak_mz:50.0150,extended,True,medium,medium,keep
CF:massbank_MSBNK-ACES_SU-AS000737_51_5852,CF,peak_mz,51.5852,MassBank record-derived,positive,Quinolines and derivatives; Quinoline carboxylic acids; Quinoline carboxylic acids,medium,1,observed,Ofloxacin; LC-ESI-QFT; MS2; Ramp 20%-70% (nominal); 30000; [M+H]+,peak_mz:51.5850,extended,True,medium,medium,keep
CF:massbank_MSBNK-ACES_SU-AS000738_51_0983,CF,peak_mz,51.0983,MassBank record-derived,positive,Diazinanes; Piperazines; Phenylpiperazines,medium,1,observed,Trazodone; LC-ESI-QFT; MS2; Ramp 20%-70% (nominal); 30000; [M+H]+,peak_mz:51.1000,extended,True,medium,medium,keep
CF:massbank_MSBNK-ACES_SU-AS000738_71_024,CF,peak_mz,71.024,MassBank record-derived,positive,Diazinanes; Piperazines; Phenylpiperazines,medium,1,observed,Trazodone; LC-ESI-QFT; MS2; Ramp 20%-70% (nominal); 30000; [M+H]+,peak_mz:71.0250,extended,True,medium,medium,keep
CF:massbank_MSBNK-ACES_SU-AS000739_52_277,CF,peak_mz,52.277,MassBank record-derived,positive,Diazanaphthalenes; Benzodiazines; Phthalazines,medium,1,observed,Azelastine; LC-ESI-QFT; MS2; Ramp 20%-70% (nominal); 30000; [M+NH4]+,peak_mz:52.2750,extended,True,medium,medium,keep
CF:massbank_MSBNK-ACES_SU-AS000739_53_0504,CF,peak_mz,53.0504,MassBank record-derived,positive,Diazanaphthalenes; Benzodiazines; Phthalazines,medium,1,observed,Azelastine; LC-ESI-QFT; MS2; Ramp 20%-70% (nominal); 30000; [M+NH4]+,peak_mz:53.0500,extended,True,medium,medium,keep
CF:massbank_MSBNK-ACES_SU-AS000741_51_4148,CF,peak_mz,51.4148,MassBank record-derived,positive,Benzene and substituted derivatives; Diphenylmethanes; Diphenylmethanes,medium,1,observed,Cetirizine; LC-ESI-QFT; MS2; Ramp 20%-70% (nominal); 30000; [M+H]+,peak_mz:51.4150,extended,True,medium,medium,keep
CF:massbank_MSBNK-ACES_SU-AS000741_58_3148,CF,peak_mz,58.3148,MassBank record-derived,positive,Benzene and substituted derivatives; Diphenylmethanes; Diphenylmethanes,medium,1,observed,Cetirizine; LC-ESI-QFT; MS2; Ramp 20%-70% (nominal); 30000; [M+H]+,peak_mz:58.3150,extended,True,medium,medium,keep
CF:massbank_MSBNK-ACES_SU-AS000741_63_7469,CF,peak_mz,63.7469,MassBank record-derived,positive,Benzene and substituted derivatives; Diphenylmethanes; Diphenylmethanes,medium,1,observed,Cetirizine; LC-ESI-QFT; MS2; Ramp 20%-70% (nominal); 30000; [M+H]+,peak_mz:63.7450,extended,True,medium,medium,keep
CF:massbank_MSBNK-ACES_SU-AS000742_64_1388,CF,peak_mz,64.1388,MassBank record-derived,positive,Lactones; Delta valerolactones; Delta valerolactones,medium,1,observed,Mevastatin; LC-ESI-QFT; MS2; Ramp 20%-70% (nominal); 30000; [M+H]+,peak_mz:64.1400,extended,True,medium,medium,keep
CF:massbank_MSBNK-ACES_SU-AS000743_54_8376,CF,peak_mz,54.8376,MassBank record-derived,positive,"Steroids and steroid derivatives; Pregnane steroids; Gluco/mineralocorticoids, progestogins and derivatives",medium,1,observed,Cyproterone acetate; LC-ESI-QFT; MS2; Ramp 20%-70% (nominal); 30000; [M+H]+,peak_mz:54.8400,extended,True,medium,medium,keep
CF:massbank_MSBNK-ACES_SU-AS000743_72_555,CF,peak_mz,72.555,MassBank record-derived,positive,"Steroids and steroid derivatives; Pregnane steroids; Gluco/mineralocorticoids, progestogins and derivatives",medium,1,observed,Cyproterone acetate; LC-ESI-QFT; MS2; Ramp 20%-70% (nominal); 30000; [M+H]+,peak_mz:72.5550,extended,True,medium,medium,keep
CF:massbank_MSBNK-ACES_SU-AS000744_65_8706,CF,peak_mz,65.8706,MassBank record-derived,positive,Benzothiazines; Phenothiazines; Phenothiazines,medium,1,observed,Moricizine; LC-ESI-QFT; MS2; Ramp 20%-70% (nominal); 30000; [M+H]+,peak_mz:65.8700,extended,True,medium,medium,keep
CF:massbank_MSBNK-ACES_SU-AS000745_93_0332,CF,peak_mz,93.0332,MassBank record-derived,positive,Benzene and substituted derivatives; Trifluoromethylbenzenes; Trifluoromethylbenzenes,medium,1,observed,Bicalutamide; LC-ESI-QFT; MS2; Ramp 20%-70% (nominal); 30000; [M+H]+,peak_mz:93.0350,extended,True,medium,medium,keep
CF:massbank_MSBNK-ACES_SU-AS000746_53_9214,CF,peak_mz,53.9214,MassBank record-derived,positive,Phenol ethers; Aminophenyl ethers; Aminophenyl ethers,medium,1,observed,Cisapride; LC-ESI-QFT; MS2; Ramp 20%-70% (nominal); 30000; [M+H]+,peak_mz:53.9200,extended,True,medium,medium,keep
CF:massbank_MSBNK-ACES_SU-AS000746_62_5869,CF,peak_mz,62.5869,MassBank record-derived,positive,Phenol ethers; Aminophenyl ethers; Aminophenyl ethers,medium,1,observed,Cisapride; LC-ESI-QFT; MS2; Ramp 20%-70% (nominal); 30000; [M+H]+,peak_mz:62.5850,extended,True,medium,medium,keep
CF:massbank_MSBNK-ACES_SU-AS000746_67_1037,CF,peak_mz,67.1037,MassBank record-derived,positive,Phenol ethers; Aminophenyl ethers; Aminophenyl ethers,medium,1,observed,Cisapride; LC-ESI-QFT; MS2; Ramp 20%-70% (nominal); 30000; [M+H]+,peak_mz:67.1050,extended,True,medium,medium,keep
CF:massbank_MSBNK-ACES_SU-AS000747_56_9851,CF,peak_mz,56.9851,MassBank record-derived,positive,"Steroids and steroid derivatives; Pregnane steroids; Gluco/mineralocorticoids, progestogins and derivatives",medium,1,observed,Beclomethasone dipropionate; LC-ESI-QFT; MS2; Ramp 20%-70% (nominal); 30000; [M+H]+,peak_mz:56.9850,extended,True,medium,medium,keep
CF:massbank_MSBNK-ACES_SU-AS000747_61_1776,CF,peak_mz,61.1776,MassBank record-derived,positive,"Steroids and steroid derivatives; Pregnane steroids; Gluco/mineralocorticoids, progestogins and derivatives",medium,1,observed,Beclomethasone dipropionate; LC-ESI-QFT; MS2; Ramp 20%-70% (nominal); 30000; [M+H]+,peak_mz:61.1800,extended,True,medium,medium,keep
NL:massbank_MSBNK-ACES_SU-AS000748,NL,mass_diff,1.005,MassBank record-derived,positive,Lignan lactones; Podophyllotoxins; Podophyllotoxins,medium,1,observed,Etoposide; LC-ESI-QFT; MS2; Ramp 20%-70% (nominal); 30000; [M+H-H2O]+,mass_diff:1.0050,extended,True,medium,medium,keep
CF:massbank_MSBNK-ACES_SU-AS000748_55_7474,CF,peak_mz,55.7474,MassBank record-derived,positive,Lignan lactones; Podophyllotoxins; Podophyllotoxins,medium,1,observed,Etoposide; LC-ESI-QFT; MS2; Ramp 20%-70% (nominal); 30000; [M+H-H2O]+,peak_mz:55.7450,extended,True,medium,medium,keep
CF:massbank_MSBNK-ACES_SU-AS000748_59_7246,CF,peak_mz,59.7246,MassBank record-derived,positive,Lignan lactones; Podophyllotoxins; Podophyllotoxins,medium,1,observed,Etoposide; LC-ESI-QFT; MS2; Ramp 20%-70% (nominal); 30000; [M+H-H2O]+,peak_mz:59.7250,extended,True,medium,medium,keep
NL:massbank_MSBNK-ACES_SU-AS000749,NL,mass_diff,18.0326,MassBank record-derived,positive,Lignan lactones; Podophyllotoxins; Podophyllotoxins,medium,1,observed,Etoposide; LC-ESI-QFT; MS2; Ramp 20%-70% (nominal); 30000; [M+H]+,mass_diff:18.0350,extended,True,medium,medium,keep
CF:massbank_MSBNK-ACES_SU-AS000749_52_6448,CF,peak_mz,52.6448,MassBank record-derived,positive,Lignan lactones; Podophyllotoxins; Podophyllotoxins,medium,1,observed,Etoposide; LC-ESI-QFT; MS2; Ramp 20%-70% (nominal); 30000; [M+H]+,peak_mz:52.6450,extended,True,medium,medium,keep
CF:massbank_MSBNK-ACES_SU-AS000749_57_4576,CF,peak_mz,57.4576,MassBank record-derived,positive,Lignan lactones; Podophyllotoxins; Podophyllotoxins,medium,1,observed,Etoposide; LC-ESI-QFT; MS2; Ramp 20%-70% (nominal); 30000; [M+H]+,peak_mz:57.4600,extended,True,medium,medium,keep
CF:massbank_MSBNK-ACES_SU-AS000749_62_0357,CF,peak_mz,62.0357,MassBank record-derived,positive,Lignan lactones; Podophyllotoxins; Podophyllotoxins,medium,1,observed,Etoposide; LC-ESI-QFT; MS2; Ramp 20%-70% (nominal); 30000; [M+H]+,peak_mz:62.0350,extended,True,medium,medium,keep
CF:massbank_MSBNK-ACES_SU-AS000750_52_3169,CF,peak_mz,52.3169,MassBank record-derived,positive,Yohimbine alkaloids; None; Yohimbine alkaloids,medium,1,observed,Reserpine; LC-ESI-QFT; MS2; Ramp 20%-70% (nominal); 30000; [M+H-H2O]+,peak_mz:52.3150,extended,True,medium,medium,keep
CF:massbank_MSBNK-ACES_SU-AS000750_67_9631,CF,peak_mz,67.9631,MassBank record-derived,positive,Yohimbine alkaloids; None; Yohimbine alkaloids,medium,1,observed,Reserpine; LC-ESI-QFT; MS2; Ramp 20%-70% (nominal); 30000; [M+H-H2O]+,peak_mz:67.9650,extended,True,medium,medium,keep
NL:massbank_MSBNK-ACES_SU-AS000751,NL,mass_diff,1.0043,MassBank record-derived,positive,"Carboxylic acids and derivatives; Amino acids, peptides, and analogues; Peptides",medium,1,observed,Cefoperazone; LC-ESI-QFT; MS2; Ramp 20%-70% (nominal); 30000; [M+H]+,mass_diff:1.0050,extended,True,medium,medium,keep
CF:massbank_MSBNK-ACES_SU-AS000751_69_8612,CF,peak_mz,69.8612,MassBank record-derived,positive,"Carboxylic acids and derivatives; Amino acids, peptides, and analogues; Peptides",medium,1,observed,Cefoperazone; LC-ESI-QFT; MS2; Ramp 20%-70% (nominal); 30000; [M+H]+,peak_mz:69.8600,extended,True,medium,medium,keep
CF:massbank_MSBNK-ACES_SU-AS000751_70_0287,CF,peak_mz,70.0287,MassBank record-derived,positive,"Carboxylic acids and derivatives; Amino acids, peptides, and analogues; Peptides",medium,1,observed,Cefoperazone; LC-ESI-QFT; MS2; Ramp 20%-70% (nominal); 30000; [M+H]+,peak_mz:70.0300,extended,True,medium,medium,keep
CF:massbank_MSBNK-ACES_SU-AS000752_56_9835,CF,peak_mz,56.9835,MassBank record-derived,positive,Organooxygen compounds; Carbohydrates and carbohydrate conjugates; Aminosaccharides,medium,1,observed,Clarithromycin; LC-ESI-QFT; MS2; Ramp 20%-70% (nominal); 30000; [M+H]+,peak_mz:56.9850,extended,True,medium,medium,keep
CF:massbank_MSBNK-ACES_SU-AS000753_59_63,CF,peak_mz,59.63,MassBank record-derived,positive,Organooxygen compounds; Carbohydrates and carbohydrate conjugates; Aminosaccharides,medium,1,observed,Metrizamide; LC-ESI-QFT; MS2; Ramp 20%-70% (nominal); 30000; [M+H]+,peak_mz:59.6300,extended,True,medium,medium,keep
CF:massbank_MSBNK-ACES_SU-AS000755_52_822,CF,peak_mz,52.822,MassBank record-derived,positive,Benzene and substituted derivatives; Phenethylamines; Amphetamines and derivatives,medium,1,observed,Phentermine; LC-ESI-QFT; MS2; Ramp 20%-70% (nominal); 30000; [M+H]+,peak_mz:52.8200,extended,True,medium,medium,keep
CF:massbank_MSBNK-ACES_SU-AS000755_53_749,CF,peak_mz,53.749,MassBank record-derived,positive,Benzene and substituted derivatives; Phenethylamines; Amphetamines and derivatives,medium,1,observed,Phentermine; LC-ESI-QFT; MS2; Ramp 20%-70% (nominal); 30000; [M+H]+,peak_mz:53.7500,extended,True,medium,medium,keep
CF:massbank_MSBNK-ACES_SU-AS000757_51_7298,CF,peak_mz,51.7298,MassBank record-derived,positive,Organonitrogen compounds; Amines; Primary amines,medium,1,observed,Memantine; LC-ESI-QFT; MS2; Ramp 20%-70% (nominal); 30000; [M+H]+,peak_mz:51.7300,extended,True,medium,medium,keep
CF:massbank_MSBNK-ACES_SU-AS000757_55_3444,CF,peak_mz,55.3444,MassBank record-derived,positive,Organonitrogen compounds; Amines; Primary amines,medium,1,observed,Memantine; LC-ESI-QFT; MS2; Ramp 20%-70% (nominal); 30000; [M+H]+,peak_mz:55.3450,extended,True,medium,medium,keep
CF:massbank_MSBNK-ACES_SU-AS000757_63_588,CF,peak_mz,63.588,MassBank record-derived,positive,Organonitrogen compounds; Amines; Primary amines,medium,1,observed,Memantine; LC-ESI-QFT; MS2; Ramp 20%-70% (nominal); 30000; [M+H]+,peak_mz:63.5900,extended,True,medium,medium,keep
CF:massbank_MSBNK-ACES_SU-AS000758_52_9895,CF,peak_mz,52.9895,MassBank record-derived,positive,Carboxylic acids and derivatives; Carboxylic acid derivatives; Carboxylic acid amides,medium,1,observed,Dacarbazine; LC-ESI-QFT; MS2; Ramp 20%-70% (nominal); 30000; [M+H]+,peak_mz:52.9900,extended,True,medium,medium,keep
CF:massbank_MSBNK-ACES_SU-AS000759_56_3757,CF,peak_mz,56.3757,MassBank record-derived,positive,Naphthalenes; None; Naphthalenes,medium,1,observed,(R)-Naproxen; LC-ESI-QFT; MS2; Ramp 20%-70% (nominal); 30000; [M+H]+,peak_mz:56.3750,extended,True,medium,medium,keep
CF:massbank_MSBNK-ACES_SU-AS000759_72_302,CF,peak_mz,72.302,MassBank record-derived,positive,Naphthalenes; None; Naphthalenes,medium,1,observed,(R)-Naproxen; LC-ESI-QFT; MS2; Ramp 20%-70% (nominal); 30000; [M+H]+,peak_mz:72.3000,extended,True,medium,medium,keep
CF:massbank_MSBNK-ACES_SU-AS000759_79_2924,CF,peak_mz,79.2924,MassBank record-derived,positive,Naphthalenes; None; Naphthalenes,medium,1,observed,(R)-Naproxen; LC-ESI-QFT; MS2; Ramp 20%-70% (nominal); 30000; [M+H]+,peak_mz:79.2900,extended,True,medium,medium,keep
CF:massbank_MSBNK-ACES_SU-AS000761_50_7606,CF,peak_mz,50.7606,MassBank record-derived,positive,Benzene and substituted derivatives; Diphenylmethanes; Diphenylmethanes,medium,1,observed,Diphenhydramine; LC-ESI-QFT; MS2; Ramp 20%-70% (nominal); 30000; [M+H]+,peak_mz:50.7600,extended,True,medium,medium,keep
CF:massbank_MSBNK-ACES_SU-AS000761_56_687,CF,peak_mz,56.687,MassBank record-derived,positive,Benzene and substituted derivatives; Diphenylmethanes; Diphenylmethanes,medium,1,observed,Diphenhydramine; LC-ESI-QFT; MS2; Ramp 20%-70% (nominal); 30000; [M+H]+,peak_mz:56.6850,extended,True,medium,medium,keep
CF:massbank_MSBNK-ACES_SU-AS000761_72_8079,CF,peak_mz,72.8079,MassBank record-derived,positive,Benzene and substituted derivatives; Diphenylmethanes; Diphenylmethanes,medium,1,observed,Diphenhydramine; LC-ESI-QFT; MS2; Ramp 20%-70% (nominal); 30000; [M+H]+,peak_mz:72.8100,extended,True,medium,medium,keep
CF:massbank_MSBNK-ACES_SU-AS000763_56_7188,CF,peak_mz,56.7188,MassBank record-derived,positive,Phenol ethers; Anisoles; Anisoles,medium,1,observed,Tramadol; LC-ESI-QFT; MS2; Ramp 20%-70% (nominal); 30000; [M+H]+,peak_mz:56.7200,extended,True,medium,medium,keep
CF:massbank_MSBNK-ACES_SU-AS000764_50_3812,CF,peak_mz,50.3812,MassBank record-derived,positive,Diazines; Pyrimidines and pyrimidine derivatives; Thiamines,medium,1,observed,Thiamine; LC-ESI-QFT; MS2; Ramp 20%-70% (nominal); 30000; [M]+,peak_mz:50.3800,extended,True,medium,medium,keep
CF:massbank_MSBNK-ACES_SU-AS000765_52_4134,CF,peak_mz,52.4134,MassBank record-derived,positive,Benzimidazoles; 2-benzimidazolylcarbamic acid esters; 2-benzimidazolylcarbamic acid esters,medium,1,observed,Methiazole; LC-ESI-QFT; MS2; Ramp 20%-70% (nominal); 30000; [M+H]+,peak_mz:52.4150,extended,True,medium,medium,keep
CF:massbank_MSBNK-ACES_SU-AS000765_55_616,CF,peak_mz,55.616,MassBank record-derived,positive,Benzimidazoles; 2-benzimidazolylcarbamic acid esters; 2-benzimidazolylcarbamic acid esters,medium,1,observed,Methiazole; LC-ESI-QFT; MS2; Ramp 20%-70% (nominal); 30000; [M+H]+,peak_mz:55.6150,extended,True,medium,medium,keep
CF:massbank_MSBNK-ACES_SU-AS000765_84_6052,CF,peak_mz,84.6052,MassBank record-derived,positive,Benzimidazoles; 2-benzimidazolylcarbamic acid esters; 2-benzimidazolylcarbamic acid esters,medium,1,observed,Methiazole; LC-ESI-QFT; MS2; Ramp 20%-70% (nominal); 30000; [M+H]+,peak_mz:84.6050,extended,True,medium,medium,keep
CF:massbank_MSBNK-ACES_SU-AS000766_58_8666,CF,peak_mz,58.8666,MassBank record-derived,positive,Piperazinoazepines; None; Piperazinoazepines,medium,1,observed,Mirtazapine; LC-ESI-QFT; MS2; Ramp 20%-70% (nominal); 30000; [M+H]+,peak_mz:58.8650,extended,True,medium,medium,keep
CF:massbank_MSBNK-ACES_SU-AS000767_54_7899,CF,peak_mz,54.7899,MassBank record-derived,positive,Benzene and substituted derivatives; Benzenesulfonamides; Aminobenzenesulfonamides,medium,1,observed,Sulfamethazine; LC-ESI-QFT; MS2; Ramp 20%-70% (nominal); 30000; [M+H]+,peak_mz:54.7900,extended,True,medium,medium,keep
CF:massbank_MSBNK-ACES_SU-AS000767_65_3364,CF,peak_mz,65.3364,MassBank record-derived,positive,Benzene and substituted derivatives; Benzenesulfonamides; Aminobenzenesulfonamides,medium,1,observed,Sulfamethazine; LC-ESI-QFT; MS2; Ramp 20%-70% (nominal); 30000; [M+H]+,peak_mz:65.3350,extended,True,medium,medium,keep
CF:massbank_MSBNK-ACES_SU-AS000768_57_3513,CF,peak_mz,57.3513,MassBank record-derived,positive,Benzoxepines; Dibenzoxepines; Dibenzoxepines,medium,1,observed,Asenapine; LC-ESI-QFT; MS2; Ramp 20%-70% (nominal); 30000; [M+H]+,peak_mz:57.3500,extended,True,medium,medium,keep
CF:massbank_MSBNK-ACES_SU-AS000768_58_0498,CF,peak_mz,58.0498,MassBank record-derived,positive,Benzoxepines; Dibenzoxepines; Dibenzoxepines,medium,1,observed,Asenapine; LC-ESI-QFT; MS2; Ramp 20%-70% (nominal); 30000; [M+H]+,peak_mz:58.0500,extended,True,medium,medium,keep
CF:massbank_MSBNK-ACES_SU-AS000768_66_834,CF,peak_mz,66.834,MassBank record-derived,positive,Benzoxepines; Dibenzoxepines; Dibenzoxepines,medium,1,observed,Asenapine; LC-ESI-QFT; MS2; Ramp 20%-70% (nominal); 30000; [M+H]+,peak_mz:66.8350,extended,True,medium,medium,keep
CF:massbank_MSBNK-ACES_SU-AS000769_60_8569,CF,peak_mz,60.8569,MassBank record-derived,positive,Benzene and substituted derivatives; Benzylethers; Benzylethers,medium,1,observed,Enilconazole; LC-ESI-QFT; MS2; Ramp 20%-70% (nominal); 30000; [M+H]+,peak_mz:60.8550,extended,True,medium,medium,keep
CF:massbank_MSBNK-ACES_SU-AS000769_67_0414,CF,peak_mz,67.0414,MassBank record-derived,positive,Benzene and substituted derivatives; Benzylethers; Benzylethers,medium,1,observed,Enilconazole; LC-ESI-QFT; MS2; Ramp 20%-70% (nominal); 30000; [M+H]+,peak_mz:67.0400,extended,True,medium,medium,keep
CF:massbank_MSBNK-ACES_SU-AS000769_68_5101,CF,peak_mz,68.5101,MassBank record-derived,positive,Benzene and substituted derivatives; Benzylethers; Benzylethers,medium,1,observed,Enilconazole; LC-ESI-QFT; MS2; Ramp 20%-70% (nominal); 30000; [M+H]+,peak_mz:68.5100,extended,True,medium,medium,keep
CF:massbank_MSBNK-ACES_SU-AS000770_54_9208,CF,peak_mz,54.9208,MassBank record-derived,positive,Hydroxy acids and derivatives; Beta hydroxy acids and derivatives; Beta hydroxy acids and derivatives,medium,1,observed,Scopolamine; LC-ESI-QFT; MS2; Ramp 20%-70% (nominal); 30000; [M+H]+,peak_mz:54.9200,extended,True,medium,medium,keep
CF:massbank_MSBNK-ACES_SU-AS000770_65_444,CF,peak_mz,65.444,MassBank record-derived,positive,Hydroxy acids and derivatives; Beta hydroxy acids and derivatives; Beta hydroxy acids and derivatives,medium,1,observed,Scopolamine; LC-ESI-QFT; MS2; Ramp 20%-70% (nominal); 30000; [M+H]+,peak_mz:65.4450,extended,True,medium,medium,keep
CF:massbank_MSBNK-ACES_SU-AS000771_52_8329,CF,peak_mz,52.8329,MassBank record-derived,positive,Benzene and substituted derivatives; Halobenzenes; Fluorobenzenes,medium,1,observed,Fluconazole; LC-ESI-QFT; MS2; Ramp 20%-70% (nominal); 30000; [M+H]+,peak_mz:52.8350,extended,True,medium,medium,keep
CF:massbank_MSBNK-ACES_SU-AS000771_54_002,CF,peak_mz,54.002,MassBank record-derived,positive,Benzene and substituted derivatives; Halobenzenes; Fluorobenzenes,medium,1,observed,Fluconazole; LC-ESI-QFT; MS2; Ramp 20%-70% (nominal); 30000; [M+H]+,peak_mz:54.0000,extended,True,medium,medium,keep
CF:massbank_MSBNK-ACES_SU-AS000773_52_306,CF,peak_mz,52.306,MassBank record-derived,positive,Stilbenes; None; Stilbenes,medium,1,observed,Rofecoxib; LC-ESI-QFT; MS2; Ramp 20%-70% (nominal); 30000; [M+H]+,peak_mz:52.3050,extended,True,medium,medium,keep
CF:massbank_MSBNK-ACES_SU-AS000773_52_8365,CF,peak_mz,52.8365,MassBank record-derived,positive,Stilbenes; None; Stilbenes,medium,1,observed,Rofecoxib; LC-ESI-QFT; MS2; Ramp 20%-70% (nominal); 30000; [M+H]+,peak_mz:52.8350,extended,True,medium,medium,keep
CF:massbank_MSBNK-ACES_SU-AS000773_64_2045,CF,peak_mz,64.2045,MassBank record-derived,positive,Stilbenes; None; Stilbenes,medium,1,observed,Rofecoxib; LC-ESI-QFT; MS2; Ramp 20%-70% (nominal); 30000; [M+H]+,peak_mz:64.2050,extended,True,medium,medium,keep
CF:massbank_MSBNK-ACES_SU-AS000774_60_4297,CF,peak_mz,60.4297,MassBank record-derived,positive,Benzodiazepines; Dibenzodiazepines; Dibenzodiazepines,medium,1,observed,Clozapine; LC-ESI-QFT; MS2; Ramp 20%-70% (nominal); 30000; [M+H]+,peak_mz:60.4300,extended,True,medium,medium,keep
CF:massbank_MSBNK-ACES_SU-AS000774_65_4796,CF,peak_mz,65.4796,MassBank record-derived,positive,Benzodiazepines; Dibenzodiazepines; Dibenzodiazepines,medium,1,observed,Clozapine; LC-ESI-QFT; MS2; Ramp 20%-70% (nominal); 30000; [M+H]+,peak_mz:65.4800,extended,True,medium,medium,keep
CF:massbank_MSBNK-ACES_SU-AS000775_52_319,CF,peak_mz,52.319,MassBank record-derived,positive,Benzene and substituted derivatives; Benzoic acids and derivatives; Hydroxybenzoic acid derivatives,medium,1,observed,Labetalol; LC-ESI-QFT; MS2; Ramp 20%-70% (nominal); 30000; [M+H]+,peak_mz:52.3200,extended,True,medium,medium,keep
CF:massbank_MSBNK-ACES_SU-AS000775_55_7522,CF,peak_mz,55.7522,MassBank record-derived,positive,Benzene and substituted derivatives; Benzoic acids and derivatives; Hydroxybenzoic acid derivatives,medium,1,observed,Labetalol; LC-ESI-QFT; MS2; Ramp 20%-70% (nominal); 30000; [M+H]+,peak_mz:55.7500,extended,True,medium,medium,keep
CF:massbank_MSBNK-ACES_SU-AS000776_51_4704,CF,peak_mz,51.4704,MassBank record-derived,positive,Quinolines and derivatives; Quinoline carboxylic acids; Quinoline carboxylic acids,medium,1,observed,Ciprofloxacin; LC-ESI-QFT; MS2; Ramp 20%-70% (nominal); 30000; [M+H]+,peak_mz:51.4700,extended,True,medium,medium,keep
CF:massbank_MSBNK-ACES_SU-AS000776_51_7198,CF,peak_mz,51.7198,MassBank record-derived,positive,Quinolines and derivatives; Quinoline carboxylic acids; Quinoline carboxylic acids,medium,1,observed,Ciprofloxacin; LC-ESI-QFT; MS2; Ramp 20%-70% (nominal); 30000; [M+H]+,peak_mz:51.7200,extended,True,medium,medium,keep
CF:massbank_MSBNK-ACES_SU-AS000777_56_7703,CF,peak_mz,56.7703,MassBank record-derived,positive,"Carboxylic acids and derivatives; Amino acids, peptides, and analogues; Amino acids and derivatives",medium,1,observed,Proglumide; LC-ESI-QFT; MS2; Ramp 20%-70% (nominal); 30000; [M+H]+,peak_mz:56.7700,extended,True,medium,medium,keep
CF:massbank_MSBNK-ACES_SU-AS000777_60_0807,CF,peak_mz,60.0807,MassBank record-derived,positive,"Carboxylic acids and derivatives; Amino acids, peptides, and analogues; Amino acids and derivatives",medium,1,observed,Proglumide; LC-ESI-QFT; MS2; Ramp 20%-70% (nominal); 30000; [M+H]+,peak_mz:60.0800,extended,True,medium,medium,keep
CF:massbank_MSBNK-ACES_SU-AS000778_79_7905,CF,peak_mz,79.7905,MassBank record-derived,positive,Isoquinolines and derivatives; Benzylisoquinolines; Benzylisoquinolines,medium,1,observed,Papaverine; LC-ESI-QFT; MS2; Ramp 20%-70% (nominal); 30000; [M+H]+,peak_mz:79.7900,extended,True,medium,medium,keep
CF:massbank_MSBNK-ACES_SU-AS000778_95_0495,CF,peak_mz,95.0495,MassBank record-derived,positive,Isoquinolines and derivatives; Benzylisoquinolines; Benzylisoquinolines,medium,1,observed,Papaverine; LC-ESI-QFT; MS2; Ramp 20%-70% (nominal); 30000; [M+H]+,peak_mz:95.0500,extended,True,medium,medium,keep
CF:massbank_MSBNK-ACES_SU-AS000778_98_1075,CF,peak_mz,98.1075,MassBank record-derived,positive,Isoquinolines and derivatives; Benzylisoquinolines; Benzylisoquinolines,medium,1,observed,Papaverine; LC-ESI-QFT; MS2; Ramp 20%-70% (nominal); 30000; [M+H]+,peak_mz:98.1100,extended,True,medium,medium,keep
CF:massbank_MSBNK-ACES_SU-AS000780_57_432,CF,peak_mz,57.432,MassBank record-derived,positive,Phenol ethers; None; Phenol ethers,medium,1,observed,Pioglitazone; LC-ESI-QFT; MS2; Ramp 20%-70% (nominal); 30000; [M+H]+,peak_mz:57.4300,extended,True,medium,medium,keep
CF:massbank_MSBNK-ACES_SU-AS000780_59_4092,CF,peak_mz,59.4092,MassBank record-derived,positive,Phenol ethers; None; Phenol ethers,medium,1,observed,Pioglitazone; LC-ESI-QFT; MS2; Ramp 20%-70% (nominal); 30000; [M+H]+,peak_mz:59.4100,extended,True,medium,medium,keep
CF:massbank_MSBNK-ACES_SU-AS000780_65_0889,CF,peak_mz,65.0889,MassBank record-derived,positive,Phenol ethers; None; Phenol ethers,medium,1,observed,Pioglitazone; LC-ESI-QFT; MS2; Ramp 20%-70% (nominal); 30000; [M+H]+,peak_mz:65.0900,extended,True,medium,medium,keep
CF:massbank_MSBNK-ACES_SU-AS000781_50_49,CF,peak_mz,50.49,MassBank record-derived,positive,Thiochromenes; None; Thiochromenes,medium,1,observed,Hycanthone; LC-ESI-QFT; MS2; Ramp 20%-70% (nominal); 30000; [M+H]+,peak_mz:50.4900,extended,True,medium,medium,keep
CF:massbank_MSBNK-ACES_SU-AS000781_52_8635,CF,peak_mz,52.8635,MassBank record-derived,positive,Thiochromenes; None; Thiochromenes,medium,1,observed,Hycanthone; LC-ESI-QFT; MS2; Ramp 20%-70% (nominal); 30000; [M+H]+,peak_mz:52.8650,extended,True,medium,medium,keep
CF:massbank_MSBNK-ACES_SU-AS000781_54_2477,CF,peak_mz,54.2477,MassBank record-derived,positive,Thiochromenes; None; Thiochromenes,medium,1,observed,Hycanthone; LC-ESI-QFT; MS2; Ramp 20%-70% (nominal); 30000; [M+H]+,peak_mz:54.2500,extended,True,medium,medium,keep
CF:massbank_MSBNK-ACES_SU-AS000783_55_6407,CF,peak_mz,55.6407,MassBank record-derived,positive,Benzimidazoles; Sulfinylbenzimidazoles; Sulfinylbenzimidazoles,medium,1,observed,Lansoprazole; LC-ESI-QFT; MS2; Ramp 20%-70% (nominal); 30000; [M+H]+,peak_mz:55.6400,extended,True,medium,medium,keep
CF:massbank_MSBNK-ACES_SU-AS000783_58_6439,CF,peak_mz,58.6439,MassBank record-derived,positive,Benzimidazoles; Sulfinylbenzimidazoles; Sulfinylbenzimidazoles,medium,1,observed,Lansoprazole; LC-ESI-QFT; MS2; Ramp 20%-70% (nominal); 30000; [M+H]+,peak_mz:58.6450,extended,True,medium,medium,keep
CF:massbank_MSBNK-ACES_SU-AS000783_84_7258,CF,peak_mz,84.7258,MassBank record-derived,positive,Benzimidazoles; Sulfinylbenzimidazoles; Sulfinylbenzimidazoles,medium,1,observed,Lansoprazole; LC-ESI-QFT; MS2; Ramp 20%-70% (nominal); 30000; [M+H]+,peak_mz:84.7250,extended,True,medium,medium,keep
CF:massbank_MSBNK-ACES_SU-AS000784_57_6415,CF,peak_mz,57.6415,MassBank record-derived,positive,Organooxygen compounds; Carbonyl compounds; Ketones,medium,1,observed,Celiprolol; LC-ESI-QFT; MS2; Ramp 20%-70% (nominal); 30000; [M+H]+,peak_mz:57.6400,extended,True,medium,medium,keep
CF:massbank_MSBNK-ACES_SU-AS000786_52_1927,CF,peak_mz,52.1927,MassBank record-derived,positive,Quinolines and derivatives; Indoloquinolines; Indoloquinolines,medium,1,observed,Metergoline; LC-ESI-QFT; MS2; Ramp 20%-70% (nominal); 30000; [M+H]+,peak_mz:52.1950,extended,True,medium,medium,keep
CF:massbank_MSBNK-ACES_SU-AS000787_50_8622,CF,peak_mz,50.8622,MassBank record-derived,positive,Lactones; Delta valerolactones; Delta valerolactones,medium,1,observed,Lovastatin; LC-ESI-QFT; MS2; Ramp 20%-70% (nominal); 30000; [M+H]+,peak_mz:50.8600,extended,True,medium,medium,keep
CF:massbank_MSBNK-ACES_SU-AS000787_53_4087,CF,peak_mz,53.4087,MassBank record-derived,positive,Lactones; Delta valerolactones; Delta valerolactones,medium,1,observed,Lovastatin; LC-ESI-QFT; MS2; Ramp 20%-70% (nominal); 30000; [M+H]+,peak_mz:53.4100,extended,True,medium,medium,keep
CF:massbank_MSBNK-ACES_SU-AS000789_57_1395,CF,peak_mz,57.1395,MassBank record-derived,positive,"Carboxylic acids and derivatives; Amino acids, peptides, and analogues; Amino acids and derivatives",medium,1,observed,Amethopterin; LC-ESI-QFT; MS2; Ramp 20%-70% (nominal); 30000; [M+H]+,peak_mz:57.1400,extended,True,medium,medium,keep
CF:massbank_MSBNK-ACES_SU-AS000789_64_096,CF,peak_mz,64.096,MassBank record-derived,positive,"Carboxylic acids and derivatives; Amino acids, peptides, and analogues; Amino acids and derivatives",medium,1,observed,Amethopterin; LC-ESI-QFT; MS2; Ramp 20%-70% (nominal); 30000; [M+H]+,peak_mz:64.0950,extended,True,medium,medium,keep
CF:massbank_MSBNK-ACES_SU-AS000789_67_2849,CF,peak_mz,67.2849,MassBank record-derived,positive,"Carboxylic acids and derivatives; Amino acids, peptides, and analogues; Amino acids and derivatives",medium,1,observed,Amethopterin; LC-ESI-QFT; MS2; Ramp 20%-70% (nominal); 30000; [M+H]+,peak_mz:67.2850,extended,True,medium,medium,keep
CF:massbank_MSBNK-ACES_SU-AS000790_59_029,CF,peak_mz,59.029,MassBank record-derived,positive,"Carboxylic acids and derivatives; Amino acids, peptides, and analogues; Amino acids and derivatives",medium,1,observed,Liothyronine; LC-ESI-QFT; MS2; Ramp 20%-70% (nominal); 30000; [M+H]+,peak_mz:59.0300,extended,True,medium,medium,keep
CF:massbank_MSBNK-ACES_SU-AS000790_89_0379,CF,peak_mz,89.0379,MassBank record-derived,positive,"Carboxylic acids and derivatives; Amino acids, peptides, and analogues; Amino acids and derivatives",medium,1,observed,Liothyronine; LC-ESI-QFT; MS2; Ramp 20%-70% (nominal); 30000; [M+H]+,peak_mz:89.0400,extended,True,medium,medium,keep
CF:massbank_MSBNK-ACES_SU-AS000790_90_0458,CF,peak_mz,90.0458,MassBank record-derived,positive,"Carboxylic acids and derivatives; Amino acids, peptides, and analogues; Amino acids and derivatives",medium,1,observed,Liothyronine; LC-ESI-QFT; MS2; Ramp 20%-70% (nominal); 30000; [M+H]+,peak_mz:90.0450,extended,True,medium,medium,keep
CF:massbank_MSBNK-ACES_SU-AS000791_50_2405,CF,peak_mz,50.2405,MassBank record-derived,positive,Macrolactams; None; Macrolactams,medium,1,observed,Rifampicin; LC-ESI-QFT; MS2; Ramp 20%-70% (nominal); 30000; [M+H]+,peak_mz:50.2400,extended,True,medium,medium,keep
CF:massbank_MSBNK-ACES_SU-AS000791_52_3701,CF,peak_mz,52.3701,MassBank record-derived,positive,Macrolactams; None; Macrolactams,medium,1,observed,Rifampicin; LC-ESI-QFT; MS2; Ramp 20%-70% (nominal); 30000; [M+H]+,peak_mz:52.3700,extended,True,medium,medium,keep
NL:massbank_MSBNK-ACES_SU-AS000792,NL,mass_diff,1.0046,MassBank record-derived,positive,Organooxygen compounds; Carbohydrates and carbohydrate conjugates; Aminosaccharides,medium,1,observed,Roxithromycin; LC-ESI-QFT; MS2; Ramp 20%-70% (nominal); 30000; [M+H]+,mass_diff:1.0050,extended,True,medium,medium,keep
CF:massbank_MSBNK-ACES_SU-AS000792_50_0861,CF,peak_mz,50.0861,MassBank record-derived,positive,Organooxygen compounds; Carbohydrates and carbohydrate conjugates; Aminosaccharides,medium,1,observed,Roxithromycin; LC-ESI-QFT; MS2; Ramp 20%-70% (nominal); 30000; [M+H]+,peak_mz:50.0850,extended,True,medium,medium,keep
CF:massbank_MSBNK-ACES_SU-AS000792_53_7292,CF,peak_mz,53.7292,MassBank record-derived,positive,Organooxygen compounds; Carbohydrates and carbohydrate conjugates; Aminosaccharides,medium,1,observed,Roxithromycin; LC-ESI-QFT; MS2; Ramp 20%-70% (nominal); 30000; [M+H]+,peak_mz:53.7300,extended,True,medium,medium,keep
NL:massbank_MSBNK-ACES_SU-AS000793,NL,mass_diff,22.9876,MassBank record-derived,positive,Macrolactams; None; Macrolactams,medium,1,observed,Rifampicin; LC-ESI-QFT; MS2; Ramp 20%-70% (nominal); 30000; [M+Na]+,mass_diff:22.9900,extended,True,medium,medium,keep
CF:massbank_MSBNK-ACES_SU-AS000793_55_3785,CF,peak_mz,55.3785,MassBank record-derived,positive,Macrolactams; None; Macrolactams,medium,1,observed,Rifampicin; LC-ESI-QFT; MS2; Ramp 20%-70% (nominal); 30000; [M+Na]+,peak_mz:55.3800,extended,True,medium,medium,keep
CF:massbank_MSBNK-ACES_SU-AS000793_63_728,CF,peak_mz,63.728,MassBank record-derived,positive,Macrolactams; None; Macrolactams,medium,1,observed,Rifampicin; LC-ESI-QFT; MS2; Ramp 20%-70% (nominal); 30000; [M+Na]+,peak_mz:63.7300,extended,True,medium,medium,keep
CF:massbank_MSBNK-ACES_SU-AS000795_52_535,CF,peak_mz,52.535,MassBank record-derived,positive,"Carboxylic acids and derivatives; Amino acids, peptides, and analogues; Amino acids and derivatives",medium,1,observed,Levodopa; LC-ESI-QFT; MS2; Ramp 20%-70% (nominal); 30000; [M+H]+,peak_mz:52.5350,extended,True,medium,medium,keep
CF:massbank_MSBNK-ACES_SU-AS000796_51_4715,CF,peak_mz,51.4715,MassBank record-derived,positive,Azolidines; Imidazolidines; Imidazolidinones,medium,1,observed,Ethotoin; LC-ESI-QFT; MS2; Ramp 20%-70% (nominal); 30000; [M+H]+,peak_mz:51.4700,extended,True,medium,medium,keep
CF:massbank_MSBNK-ACES_SU-AS000796_55_9775,CF,peak_mz,55.9775,MassBank record-derived,positive,Azolidines; Imidazolidines; Imidazolidinones,medium,1,observed,Ethotoin; LC-ESI-QFT; MS2; Ramp 20%-70% (nominal); 30000; [M+H]+,peak_mz:55.9800,extended,True,medium,medium,keep
CF:massbank_MSBNK-ACES_SU-AS000797_56_4307,CF,peak_mz,56.4307,MassBank record-derived,positive,Cinnamic acids and derivatives; Cinnamic acids; Cinnamic acids,medium,1,observed,Ozagrel; LC-ESI-QFT; MS2; Ramp 20%-70% (nominal); 30000; [M+H]+,peak_mz:56.4300,extended,True,medium,medium,keep
CF:massbank_MSBNK-ACES_SU-AS000797_61_923,CF,peak_mz,61.923,MassBank record-derived,positive,Cinnamic acids and derivatives; Cinnamic acids; Cinnamic acids,medium,1,observed,Ozagrel; LC-ESI-QFT; MS2; Ramp 20%-70% (nominal); 30000; [M+H]+,peak_mz:61.9250,extended,True,medium,medium,keep
CF:massbank_MSBNK-ACES_SU-AS000798_51_7962,CF,peak_mz,51.7962,MassBank record-derived,positive,"Thiadiazines; Benzothiadiazines; 1,2,4-benzothiadiazine-1,1-dioxides",medium,1,observed,Diazoxide; LC-ESI-QFT; MS2; Ramp 20%-70% (nominal); 30000; [M+H]+,peak_mz:51.7950,extended,True,medium,medium,keep
CF:massbank_MSBNK-ACES_SU-AS000798_54_5765,CF,peak_mz,54.5765,MassBank record-derived,positive,"Thiadiazines; Benzothiadiazines; 1,2,4-benzothiadiazine-1,1-dioxides",medium,1,observed,Diazoxide; LC-ESI-QFT; MS2; Ramp 20%-70% (nominal); 30000; [M+H]+,peak_mz:54.5750,extended,True,medium,medium,keep
CF:massbank_MSBNK-ACES_SU-AS000798_60_262,CF,peak_mz,60.262,MassBank record-derived,positive,"Thiadiazines; Benzothiadiazines; 1,2,4-benzothiadiazine-1,1-dioxides",medium,1,observed,Diazoxide; LC-ESI-QFT; MS2; Ramp 20%-70% (nominal); 30000; [M+H]+,peak_mz:60.2600,extended,True,medium,medium,keep
CF:massbank_MSBNK-ACES_SU-AS000799_58_0479,CF,peak_mz,58.0479,MassBank record-derived,positive,Azoles; Thiadiazoles; Thiadiazole sulfonamides,medium,1,observed,Methazolamide; LC-ESI-QFT; MS2; Ramp 20%-70% (nominal); 30000; [M+H]+,peak_mz:58.0500,extended,True,medium,medium,keep
CF:massbank_MSBNK-ACES_SU-AS000800_68_3349,CF,peak_mz,68.3349,MassBank record-derived,positive,Pyridines and derivatives; None; Pyridines and derivatives,medium,1,observed,Pinacidil; LC-ESI-QFT; MS2; Ramp 20%-70% (nominal); 30000; [M+H]+,peak_mz:68.3350,extended,True,medium,medium,keep
CF:massbank_MSBNK-ACES_SU-AS000801_50_2223,CF,peak_mz,50.2223,MassBank record-derived,positive,Benzene and substituted derivatives; Halobenzenes; Chlorobenzenes,medium,1,observed,Chlormezanone; LC-ESI-QFT; MS2; Ramp 20%-70% (nominal); 30000; [M+H]+,peak_mz:50.2200,extended,True,medium,medium,keep
CF:massbank_MSBNK-ACES_SU-AS000802_59_2835,CF,peak_mz,59.2835,MassBank record-derived,positive,Imidazopyrimidines; Purines and purine derivatives; Xanthines,medium,1,observed,Pentoxifylline; LC-ESI-QFT; MS2; Ramp 20%-70% (nominal); 30000; [M+H]+,peak_mz:59.2850,extended,True,medium,medium,keep
CF:massbank_MSBNK-ACES_SU-AS000802_63_0567,CF,peak_mz,63.0567,MassBank record-derived,positive,Imidazopyrimidines; Purines and purine derivatives; Xanthines,medium,1,observed,Pentoxifylline; LC-ESI-QFT; MS2; Ramp 20%-70% (nominal); 30000; [M+H]+,peak_mz:63.0550,extended,True,medium,medium,keep
CF:massbank_MSBNK-ACES_SU-AS000802_67_0292,CF,peak_mz,67.0292,MassBank record-derived,positive,Imidazopyrimidines; Purines and purine derivatives; Xanthines,medium,1,observed,Pentoxifylline; LC-ESI-QFT; MS2; Ramp 20%-70% (nominal); 30000; [M+H]+,peak_mz:67.0300,extended,True,medium,medium,keep
CF:massbank_MSBNK-ACES_SU-AS000803_57_6807,CF,peak_mz,57.6807,MassBank record-derived,positive,Flavonoids; Flavones; Flavones,medium,1,observed,Luteolin; LC-ESI-QFT; MS2; Ramp 20%-70% (nominal); 30000; [M+H]+,peak_mz:57.6800,extended,True,medium,medium,keep
CF:massbank_MSBNK-ACES_SU-AS000803_62_9996,CF,peak_mz,62.9996,MassBank record-derived,positive,Flavonoids; Flavones; Flavones,medium,1,observed,Luteolin; LC-ESI-QFT; MS2; Ramp 20%-70% (nominal); 30000; [M+H]+,peak_mz:63.0000,extended,True,medium,medium,keep
CF:massbank_MSBNK-ACES_SU-AS000803_64_9967,CF,peak_mz,64.9967,MassBank record-derived,positive,Flavonoids; Flavones; Flavones,medium,1,observed,Luteolin; LC-ESI-QFT; MS2; Ramp 20%-70% (nominal); 30000; [M+H]+,peak_mz:64.9950,extended,True,medium,medium,keep
CF:massbank_MSBNK-ACES_SU-AS000804_66_0049,CF,peak_mz,66.0049,MassBank record-derived,positive,Benzene and substituted derivatives; Benzoic acids and derivatives; Aminobenzoic acids and derivatives,medium,1,observed,Meclofenamic acid; LC-ESI-QFT; MS2; Ramp 20%-70% (nominal); 30000; [M+H]+,peak_mz:66.0050,extended,True,medium,medium,keep
CF:massbank_MSBNK-ACES_SU-AS000804_67_1625,CF,peak_mz,67.1625,MassBank record-derived,positive,Benzene and substituted derivatives; Benzoic acids and derivatives; Aminobenzoic acids and derivatives,medium,1,observed,Meclofenamic acid; LC-ESI-QFT; MS2; Ramp 20%-70% (nominal); 30000; [M+H]+,peak_mz:67.1600,extended,True,medium,medium,keep
CF:massbank_MSBNK-ACES_SU-AS000804_73_7799,CF,peak_mz,73.7799,MassBank record-derived,positive,Benzene and substituted derivatives; Benzoic acids and derivatives; Aminobenzoic acids and derivatives,medium,1,observed,Meclofenamic acid; LC-ESI-QFT; MS2; Ramp 20%-70% (nominal); 30000; [M+H]+,peak_mz:73.7800,extended,True,medium,medium,keep
CF:massbank_MSBNK-ACES_SU-AS000805_59_0628,CF,peak_mz,59.0628,MassBank record-derived,positive,Diazinanes; Piperazines; N-arylpiperazines,medium,1,observed,Piribedil; LC-ESI-QFT; MS2; Ramp 20%-70% (nominal); 30000; [M+H]+,peak_mz:59.0650,extended,True,medium,medium,keep
CF:massbank_MSBNK-ACES_SU-AS000805_63_7194,CF,peak_mz,63.7194,MassBank record-derived,positive,Diazinanes; Piperazines; N-arylpiperazines,medium,1,observed,Piribedil; LC-ESI-QFT; MS2; Ramp 20%-70% (nominal); 30000; [M+H]+,peak_mz:63.7200,extended,True,medium,medium,keep
CF:massbank_MSBNK-ACES_SU-AS000808_51_0975,CF,peak_mz,51.0975,MassBank record-derived,positive,Benzene and substituted derivatives; None; Benzene and substituted derivatives,medium,1,observed,Glycopyrronium; LC-ESI-QFT; MS2; Ramp 20%-70% (nominal); 30000; [M]+,peak_mz:51.1000,extended,True,medium,medium,keep
CF:massbank_MSBNK-ACES_SU-AS000808_53_6444,CF,peak_mz,53.6444,MassBank record-derived,positive,Benzene and substituted derivatives; None; Benzene and substituted derivatives,medium,1,observed,Glycopyrronium; LC-ESI-QFT; MS2; Ramp 20%-70% (nominal); 30000; [M]+,peak_mz:53.6450,extended,True,medium,medium,keep
CF:massbank_MSBNK-ACES_SU-AS000808_57_0207,CF,peak_mz,57.0207,MassBank record-derived,positive,Benzene and substituted derivatives; None; Benzene and substituted derivatives,medium,1,observed,Glycopyrronium; LC-ESI-QFT; MS2; Ramp 20%-70% (nominal); 30000; [M]+,peak_mz:57.0200,extended,True,medium,medium,keep
CF:massbank_MSBNK-ACES_SU-AS000809_58_1063,CF,peak_mz,58.1063,MassBank record-derived,positive,Benzene and substituted derivatives; Benzenesulfonyl compounds; Benzenesulfonyl compounds,medium,1,observed,Tiapride; LC-ESI-QFT; MS2; Ramp 20%-70% (nominal); 30000; [M+H]+,peak_mz:58.1050,extended,True,medium,medium,keep
CF:massbank_MSBNK-ACES_SU-AS000809_65_4179,CF,peak_mz,65.4179,MassBank record-derived,positive,Benzene and substituted derivatives; Benzenesulfonyl compounds; Benzenesulfonyl compounds,medium,1,observed,Tiapride; LC-ESI-QFT; MS2; Ramp 20%-70% (nominal); 30000; [M+H]+,peak_mz:65.4200,extended,True,medium,medium,keep
CF:massbank_MSBNK-ACES_SU-AS000810_66_436,CF,peak_mz,66.436,MassBank record-derived,positive,"Carboxylic acids and derivatives; Amino acids, peptides, and analogues; Peptides",medium,1,observed,Benzylpenicillin; LC-ESI-QFT; MS2; Ramp 20%-70% (nominal); 30000; [M+H]+,peak_mz:66.4350,extended,True,medium,medium,keep
CF:massbank_MSBNK-ACES_SU-AS000810_67_2912,CF,peak_mz,67.2912,MassBank record-derived,positive,"Carboxylic acids and derivatives; Amino acids, peptides, and analogues; Peptides",medium,1,observed,Benzylpenicillin; LC-ESI-QFT; MS2; Ramp 20%-70% (nominal); 30000; [M+H]+,peak_mz:67.2900,extended,True,medium,medium,keep
CF:massbank_MSBNK-ACES_SU-AS000811_53_0119,CF,peak_mz,53.0119,MassBank record-derived,positive,Pyridines and derivatives; Pyridinesulfonamides; Pyridinesulfonamides,medium,1,observed,Torsemide; LC-ESI-QFT; MS2; Ramp 20%-70% (nominal); 30000; [M+H]+,peak_mz:53.0100,extended,True,medium,medium,keep
CF:massbank_MSBNK-ACES_SU-AS000811_61_5037,CF,peak_mz,61.5037,MassBank record-derived,positive,Pyridines and derivatives; Pyridinesulfonamides; Pyridinesulfonamides,medium,1,observed,Torsemide; LC-ESI-QFT; MS2; Ramp 20%-70% (nominal); 30000; [M+H]+,peak_mz:61.5050,extended,True,medium,medium,keep
CF:massbank_MSBNK-ACES_SU-AS000811_62_9312,CF,peak_mz,62.9312,MassBank record-derived,positive,Pyridines and derivatives; Pyridinesulfonamides; Pyridinesulfonamides,medium,1,observed,Torsemide; LC-ESI-QFT; MS2; Ramp 20%-70% (nominal); 30000; [M+H]+,peak_mz:62.9300,extended,True,medium,medium,keep
CF:massbank_MSBNK-ACES_SU-AS000812_53_0358,CF,peak_mz,53.0358,MassBank record-derived,positive,Benzothiazines; None; Benzothiazines,medium,1,observed,Meloxicam; LC-ESI-QFT; MS2; Ramp 20%-70% (nominal); 30000; [M+H]+,peak_mz:53.0350,extended,True,medium,medium,keep
CF:massbank_MSBNK-ACES_SU-AS000812_54_681,CF,peak_mz,54.681,MassBank record-derived,positive,Benzothiazines; None; Benzothiazines,medium,1,observed,Meloxicam; LC-ESI-QFT; MS2; Ramp 20%-70% (nominal); 30000; [M+H]+,peak_mz:54.6800,extended,True,medium,medium,keep
CF:massbank_MSBNK-ACES_SU-AS000813_50_9452,CF,peak_mz,50.9452,MassBank record-derived,positive,Benzene and substituted derivatives; Diphenylmethanes; Diphenylmethanes,medium,1,observed,Cinnarizine; LC-ESI-QFT; MS2; Ramp 20%-70% (nominal); 30000; [M+H]+,peak_mz:50.9450,extended,True,medium,medium,keep
CF:massbank_MSBNK-ACES_SU-AS000813_57_0437,CF,peak_mz,57.0437,MassBank record-derived,positive,Benzene and substituted derivatives; Diphenylmethanes; Diphenylmethanes,medium,1,observed,Cinnarizine; LC-ESI-QFT; MS2; Ramp 20%-70% (nominal); 30000; [M+H]+,peak_mz:57.0450,extended,True,medium,medium,keep
CF:massbank_MSBNK-ACES_SU-AS000813_60_7837,CF,peak_mz,60.7837,MassBank record-derived,positive,Benzene and substituted derivatives; Diphenylmethanes; Diphenylmethanes,medium,1,observed,Cinnarizine; LC-ESI-QFT; MS2; Ramp 20%-70% (nominal); 30000; [M+H]+,peak_mz:60.7850,extended,True,medium,medium,keep
CF:massbank_MSBNK-ACES_SU-AS000814_52_0094,CF,peak_mz,52.0094,MassBank record-derived,positive,Benzoxadiazoles; None; Benzoxadiazoles,medium,1,observed,Isradipine; LC-ESI-QFT; MS2; Ramp 20%-70% (nominal); 30000; [M+H]+,peak_mz:52.0100,extended,True,medium,medium,keep
CF:massbank_MSBNK-ACES_SU-AS000814_58_3806,CF,peak_mz,58.3806,MassBank record-derived,positive,Benzoxadiazoles; None; Benzoxadiazoles,medium,1,observed,Isradipine; LC-ESI-QFT; MS2; Ramp 20%-70% (nominal); 30000; [M+H]+,peak_mz:58.3800,extended,True,medium,medium,keep
CF:massbank_MSBNK-ACES_SU-AS000814_70_9472,CF,peak_mz,70.9472,MassBank record-derived,positive,Benzoxadiazoles; None; Benzoxadiazoles,medium,1,observed,Isradipine; LC-ESI-QFT; MS2; Ramp 20%-70% (nominal); 30000; [M+H]+,peak_mz:70.9450,extended,True,medium,medium,keep
CF:massbank_MSBNK-ACES_SU-AS000815_54_8532,CF,peak_mz,54.8532,MassBank record-derived,positive,Stilbenes; None; Stilbenes,medium,1,observed,Tamoxifen; LC-ESI-QFT; MS2; Ramp 20%-70% (nominal); 30000; [M+H]+,peak_mz:54.8550,extended,True,medium,medium,keep
CF:massbank_MSBNK-ACES_SU-AS000815_55_9885,CF,peak_mz,55.9885,MassBank record-derived,positive,Stilbenes; None; Stilbenes,medium,1,observed,Tamoxifen; LC-ESI-QFT; MS2; Ramp 20%-70% (nominal); 30000; [M+H]+,peak_mz:55.9900,extended,True,medium,medium,keep
CF:massbank_MSBNK-ACES_SU-AS000816_62_2577,CF,peak_mz,62.2577,MassBank record-derived,positive,Benzene and substituted derivatives; Benzylethers; Benzylethers,medium,1,observed,Tioconazole; LC-ESI-QFT; MS2; Ramp 20%-70% (nominal); 30000; [M+H]+,peak_mz:62.2600,extended,True,medium,medium,keep
CF:massbank_MSBNK-ACES_SU-AS000816_78_9406,CF,peak_mz,78.9406,MassBank record-derived,positive,Benzene and substituted derivatives; Benzylethers; Benzylethers,medium,1,observed,Tioconazole; LC-ESI-QFT; MS2; Ramp 20%-70% (nominal); 30000; [M+H]+,peak_mz:78.9400,extended,True,medium,medium,keep
CF:massbank_MSBNK-ACES_SU-AS000817_53_8013,CF,peak_mz,53.8013,MassBank record-derived,positive,Benzene and substituted derivatives; Diphenylmethanes; Diphenylmethanes,medium,1,observed,Flunarizine; LC-ESI-QFT; MS2; Ramp 20%-70% (nominal); 30000; [M+H]+,peak_mz:53.8000,extended,True,medium,medium,keep
CF:massbank_MSBNK-ACES_SU-AS000817_63_0077,CF,peak_mz,63.0077,MassBank record-derived,positive,Benzene and substituted derivatives; Diphenylmethanes; Diphenylmethanes,medium,1,observed,Flunarizine; LC-ESI-QFT; MS2; Ramp 20%-70% (nominal); 30000; [M+H]+,peak_mz:63.0100,extended,True,medium,medium,keep
CF:massbank_MSBNK-ACES_SU-AS000817_87_393,CF,peak_mz,87.393,MassBank record-derived,positive,Benzene and substituted derivatives; Diphenylmethanes; Diphenylmethanes,medium,1,observed,Flunarizine; LC-ESI-QFT; MS2; Ramp 20%-70% (nominal); 30000; [M+H]+,peak_mz:87.3950,extended,True,medium,medium,keep
CF:massbank_MSBNK-ACES_SU-AS000819_71_4836,CF,peak_mz,71.4836,MassBank record-derived,positive,Benzothiazines; Phenothiazines; Phenothiazines,medium,1,observed,Piperacetazine; LC-ESI-QFT; MS2; Ramp 20%-70% (nominal); 30000; [M+H]+,peak_mz:71.4850,extended,True,medium,medium,keep
CF:massbank_MSBNK-ACES_SU-AS000820_54_5098,CF,peak_mz,54.5098,MassBank record-derived,positive,Benzene and substituted derivatives; Benzoic acids and derivatives; Methoxybenzoic acids and derivatives,medium,1,observed,Mebeverine; LC-ESI-QFT; MS2; Ramp 20%-70% (nominal); 30000; [M+H]+,peak_mz:54.5100,extended,True,medium,medium,keep
CF:massbank_MSBNK-ACES_SU-AS000820_56_0162,CF,peak_mz,56.0162,MassBank record-derived,positive,Benzene and substituted derivatives; Benzoic acids and derivatives; Methoxybenzoic acids and derivatives,medium,1,observed,Mebeverine; LC-ESI-QFT; MS2; Ramp 20%-70% (nominal); 30000; [M+H]+,peak_mz:56.0150,extended,True,medium,medium,keep
CF:massbank_MSBNK-ACES_SU-AS000820_58_1202,CF,peak_mz,58.1202,MassBank record-derived,positive,Benzene and substituted derivatives; Benzoic acids and derivatives; Methoxybenzoic acids and derivatives,medium,1,observed,Mebeverine; LC-ESI-QFT; MS2; Ramp 20%-70% (nominal); 30000; [M+H]+,peak_mz:58.1200,extended,True,medium,medium,keep
CF:massbank_MSBNK-ACES_SU-AS000822_50_5704,CF,peak_mz,50.5704,MassBank record-derived,positive,Piperidines; Phenylpiperidines; Phenylpiperidines,medium,1,observed,Repaglinide; LC-ESI-QFT; MS2; Ramp 20%-70% (nominal); 30000; [M+H]+,peak_mz:50.5700,extended,True,medium,medium,keep
CF:massbank_MSBNK-ACES_SU-AS000823_61_8695,CF,peak_mz,61.8695,MassBank record-derived,positive,Benzopyrans; 1-benzopyrans; Chromones,medium,1,observed,Cromolyn; LC-ESI-QFT; MS2; Ramp 20%-70% (nominal); 30000; [M+H]+,peak_mz:61.8700,extended,True,medium,medium,keep
CF:massbank_MSBNK-ACES_SU-AS000823_68_9969,CF,peak_mz,68.9969,MassBank record-derived,positive,Benzopyrans; 1-benzopyrans; Chromones,medium,1,observed,Cromolyn; LC-ESI-QFT; MS2; Ramp 20%-70% (nominal); 30000; [M+H]+,peak_mz:68.9950,extended,True,medium,medium,keep
CF:massbank_MSBNK-ACES_SU-AS000824_57_2207,CF,peak_mz,57.2207,MassBank record-derived,positive,Benzene and substituted derivatives; Diphenylmethanes; Diphenylmethanes,medium,1,observed,Terfenadine; LC-ESI-QFT; MS2; Ramp 20%-70% (nominal); 30000; [M+H]+,peak_mz:57.2200,extended,True,medium,medium,keep
CF:massbank_MSBNK-ACES_SU-AS000825_57_4806,CF,peak_mz,57.4806,MassBank record-derived,positive,"Carboxylic acids and derivatives; Amino acids, peptides, and analogues; Peptides",medium,1,observed,Piperacillin; LC-ESI-QFT; MS2; Ramp 20%-70% (nominal); 30000; [M+H]+,peak_mz:57.4800,extended,True,medium,medium,keep
CF:massbank_MSBNK-ACES_SU-AS000825_68_6967,CF,peak_mz,68.6967,MassBank record-derived,positive,"Carboxylic acids and derivatives; Amino acids, peptides, and analogues; Peptides",medium,1,observed,Piperacillin; LC-ESI-QFT; MS2; Ramp 20%-70% (nominal); 30000; [M+H]+,peak_mz:68.6950,extended,True,medium,medium,keep
CF:massbank_MSBNK-ACES_SU-AS000825_70_0288,CF,peak_mz,70.0288,MassBank record-derived,positive,"Carboxylic acids and derivatives; Amino acids, peptides, and analogues; Peptides",medium,1,observed,Piperacillin; LC-ESI-QFT; MS2; Ramp 20%-70% (nominal); 30000; [M+H]+,peak_mz:70.0300,extended,True,medium,medium,keep
CF:massbank_MSBNK-ACES_SU-AS000826_53_0883,CF,peak_mz,53.0883,MassBank record-derived,positive,Anthracyclines; None; Anthracyclines,medium,1,observed,Daunorubicin; LC-ESI-QFT; MS2; Ramp 20%-70% (nominal); 30000; [M+H]+,peak_mz:53.0900,extended,True,medium,medium,keep
CF:massbank_MSBNK-ACES_SU-AS000826_55_9383,CF,peak_mz,55.9383,MassBank record-derived,positive,Anthracyclines; None; Anthracyclines,medium,1,observed,Daunorubicin; LC-ESI-QFT; MS2; Ramp 20%-70% (nominal); 30000; [M+H]+,peak_mz:55.9400,extended,True,medium,medium,keep
CF:massbank_MSBNK-ACES_SU-AS000826_56_9461,CF,peak_mz,56.9461,MassBank record-derived,positive,Anthracyclines; None; Anthracyclines,medium,1,observed,Daunorubicin; LC-ESI-QFT; MS2; Ramp 20%-70% (nominal); 30000; [M+H]+,peak_mz:56.9450,extended,True,medium,medium,keep
NL:massbank_MSBNK-ACES_SU-AS000828,NL,mass_diff,1.0048,MassBank record-derived,positive,Pyrroles; Substituted pyrroles; Phenylpyrroles,medium,1,observed,Atorvastatin; LC-ESI-QFT; MS2; Ramp 20%-70% (nominal); 30000; [M+H]+,mass_diff:1.0050,extended,True,medium,medium,keep
CF:massbank_MSBNK-ACES_SU-AS000828_71_0488,CF,peak_mz,71.0488,MassBank record-derived,positive,Pyrroles; Substituted pyrroles; Phenylpyrroles,medium,1,observed,Atorvastatin; LC-ESI-QFT; MS2; Ramp 20%-70% (nominal); 30000; [M+H]+,peak_mz:71.0500,extended,True,medium,medium,keep
CF:massbank_MSBNK-ACES_SU-AS000829_58_4476,CF,peak_mz,58.4476,MassBank record-derived,positive,Benzene and substituted derivatives; Benzenesulfonamides; Benzenesulfonamides,medium,1,observed,Zafirlukast; LC-ESI-QFT; MS2; Ramp 20%-70% (nominal); 30000; [M+NH4]+,peak_mz:58.4500,extended,True,medium,medium,keep
CF:massbank_MSBNK-ACES_SU-AS000829_85_3826,CF,peak_mz,85.3826,MassBank record-derived,positive,Benzene and substituted derivatives; Benzenesulfonamides; Benzenesulfonamides,medium,1,observed,Zafirlukast; LC-ESI-QFT; MS2; Ramp 20%-70% (nominal); 30000; [M+NH4]+,peak_mz:85.3850,extended,True,medium,medium,keep
CF:massbank_MSBNK-ACES_SU-AS000829_89_0384,CF,peak_mz,89.0384,MassBank record-derived,positive,Benzene and substituted derivatives; Benzenesulfonamides; Benzenesulfonamides,medium,1,observed,Zafirlukast; LC-ESI-QFT; MS2; Ramp 20%-70% (nominal); 30000; [M+NH4]+,peak_mz:89.0400,extended,True,medium,medium,keep
CF:massbank_MSBNK-ACES_SU-AS000830_51_0696,CF,peak_mz,51.0696,MassBank record-derived,positive,Steroids and steroid derivatives; Estrane steroids; Estrogens and derivatives,medium,1,observed,Fulvestrant; LC-ESI-QFT; MS2; Ramp 20%-70% (nominal); 30000; [M+NH4]+,peak_mz:51.0700,extended,True,medium,medium,keep
CF:massbank_MSBNK-ACES_SU-AS000831_69_5312,CF,peak_mz,69.5312,MassBank record-derived,positive,Flavonoids; Flavonoid glycosides; Flavonoid O-glycosides,medium,1,observed,Diosmin; LC-ESI-QFT; MS2; Ramp 20%-70% (nominal); 30000; [M+H]+,peak_mz:69.5300,extended,True,medium,medium,keep
CF:massbank_MSBNK-ACES_SU-AS000832_50_7004,CF,peak_mz,50.7004,MassBank record-derived,positive,Diazinanes; Piperazines; Phenylpiperazines,medium,1,observed,Itraconazole; LC-ESI-QFT; MS2; Ramp 20%-70% (nominal); 30000; [M+H]+,peak_mz:50.7000,extended,True,medium,medium,keep
CF:massbank_MSBNK-ACES_SU-AS000833_52_4111,CF,peak_mz,52.4111,MassBank record-derived,positive,Pyridines and derivatives; Pyridinecarboxylic acids and derivatives; Pyridinecarboxamides,medium,1,observed,Nicotinamide; LC-ESI-QFT; MS2; Ramp 20%-70% (nominal); 30000; [M+H]+,peak_mz:52.4100,extended,True,medium,medium,keep
CF:massbank_MSBNK-ACES_SU-AS000833_53_0385,CF,peak_mz,53.0385,MassBank record-derived,positive,Pyridines and derivatives; Pyridinecarboxylic acids and derivatives; Pyridinecarboxamides,medium,1,observed,Nicotinamide; LC-ESI-QFT; MS2; Ramp 20%-70% (nominal); 30000; [M+H]+,peak_mz:53.0400,extended,True,medium,medium,keep
CF:massbank_MSBNK-ACES_SU-AS000833_56_5793,CF,peak_mz,56.5793,MassBank record-derived,positive,Pyridines and derivatives; Pyridinecarboxylic acids and derivatives; Pyridinecarboxamides,medium,1,observed,Nicotinamide; LC-ESI-QFT; MS2; Ramp 20%-70% (nominal); 30000; [M+H]+,peak_mz:56.5800,extended,True,medium,medium,keep
CF:massbank_MSBNK-ACES_SU-AS000835_57_5741,CF,peak_mz,57.5741,MassBank record-derived,positive,Prenol lipids; Monoterpenoids; Bicyclic monoterpenoids,medium,1,observed,Mecamylamine; LC-ESI-QFT; MS2; Ramp 20%-70% (nominal); 30000; [M+H]+,peak_mz:57.5750,extended,True,medium,medium,keep
CF:massbank_MSBNK-ACES_SU-AS000837_51_7953,CF,peak_mz,51.7953,MassBank record-derived,positive,Organonitrogen compounds; Amines; Alkanolamines,medium,1,observed,Ethambutol; LC-ESI-QFT; MS2; Ramp 20%-70% (nominal); 30000; [M+H]+,peak_mz:51.7950,extended,True,medium,medium,keep
CF:massbank_MSBNK-ACES_SU-AS000837_52_4772,CF,peak_mz,52.4772,MassBank record-derived,positive,Organonitrogen compounds; Amines; Alkanolamines,medium,1,observed,Ethambutol; LC-ESI-QFT; MS2; Ramp 20%-70% (nominal); 30000; [M+H]+,peak_mz:52.4750,extended,True,medium,medium,keep
CF:massbank_MSBNK-ACES_SU-AS000839_51_023,CF,peak_mz,51.023,MassBank record-derived,positive,Benzisoxazoles; None; Benzisoxazoles,medium,1,observed,Zonisamide; LC-ESI-QFT; MS2; Ramp 20%-70% (nominal); 30000; [M+H]+,peak_mz:51.0250,extended,True,medium,medium,keep
CF:massbank_MSBNK-ACES_SU-AS000839_78_042,CF,peak_mz,78.042,MassBank record-derived,positive,Benzisoxazoles; None; Benzisoxazoles,medium,1,observed,Zonisamide; LC-ESI-QFT; MS2; Ramp 20%-70% (nominal); 30000; [M+H]+,peak_mz:78.0400,extended,True,medium,medium,keep
CF:massbank_MSBNK-ACES_SU-AS000840_63_1018,CF,peak_mz,63.1018,MassBank record-derived,positive,Imidazopyrimidines; Purines and purine derivatives; 6-aminopurines,medium,1,observed,6-Furfurylaminopurine; LC-ESI-QFT; MS2; Ramp 20%-70% (nominal); 30000; [M+H]+,peak_mz:63.1000,extended,True,medium,medium,keep
CF:massbank_MSBNK-ACES_SU-AS000841_62_901,CF,peak_mz,62.901,MassBank record-derived,positive,Diazanaphthalenes; Benzodiazines; Phthalazines,medium,1,observed,Todralazine; LC-ESI-QFT; MS2; Ramp 20%-70% (nominal); 30000; [M+H]+,peak_mz:62.9000,extended,True,medium,medium,keep
CF:massbank_MSBNK-ACES_SU-AS000841_90_0417,CF,peak_mz,90.0417,MassBank record-derived,positive,Diazanaphthalenes; Benzodiazines; Phthalazines,medium,1,observed,Todralazine; LC-ESI-QFT; MS2; Ramp 20%-70% (nominal); 30000; [M+H]+,peak_mz:90.0400,extended,True,medium,medium,keep
CF:massbank_MSBNK-ACES_SU-AS000842_51_0582,CF,peak_mz,51.0582,MassBank record-derived,positive,Benzene and substituted derivatives; Benzenesulfonamides; Aminobenzenesulfonamides,medium,1,observed,Sulfapyridine; LC-ESI-QFT; MS2; Ramp 20%-70% (nominal); 30000; [M+H]+,peak_mz:51.0600,extended,True,medium,medium,keep
CF:massbank_MSBNK-ACES_SU-AS000842_58_8514,CF,peak_mz,58.8514,MassBank record-derived,positive,Benzene and substituted derivatives; Benzenesulfonamides; Aminobenzenesulfonamides,medium,1,observed,Sulfapyridine; LC-ESI-QFT; MS2; Ramp 20%-70% (nominal); 30000; [M+H]+,peak_mz:58.8500,extended,True,medium,medium,keep
CF:massbank_MSBNK-ACES_SU-AS000843_55_8648,CF,peak_mz,55.8648,MassBank record-derived,positive,Organic phosphonic acids and derivatives; Phosphonic acid diesters; Dialkyl alkylphosphonates,medium,1,observed,Trichlorfon; LC-ESI-QFT; MS2; Ramp 20%-70% (nominal); 30000; [M+H]+,peak_mz:55.8650,extended,True,medium,medium,keep
CF:massbank_MSBNK-ACES_SU-AS000843_62_427,CF,peak_mz,62.427,MassBank record-derived,positive,Organic phosphonic acids and derivatives; Phosphonic acid diesters; Dialkyl alkylphosphonates,medium,1,observed,Trichlorfon; LC-ESI-QFT; MS2; Ramp 20%-70% (nominal); 30000; [M+H]+,peak_mz:62.4250,extended,True,medium,medium,keep
CF:massbank_MSBNK-ACES_SU-AS000843_62_9993,CF,peak_mz,62.9993,MassBank record-derived,positive,Organic phosphonic acids and derivatives; Phosphonic acid diesters; Dialkyl alkylphosphonates,medium,1,observed,Trichlorfon; LC-ESI-QFT; MS2; Ramp 20%-70% (nominal); 30000; [M+H]+,peak_mz:63.0000,extended,True,medium,medium,keep
CF:massbank_MSBNK-ACES_SU-AS000844_60_2197,CF,peak_mz,60.2197,MassBank record-derived,positive,Quinolines and derivatives; Aminoquinolines and derivatives; Aminoquinolines and derivatives,medium,1,observed,Primaquine; LC-ESI-QFT; MS2; Ramp 20%-70% (nominal); 30000; [M+H]+,peak_mz:60.2200,extended,True,medium,medium,keep
CF:massbank_MSBNK-ACES_SU-AS000844_76_3423,CF,peak_mz,76.3423,MassBank record-derived,positive,Quinolines and derivatives; Aminoquinolines and derivatives; Aminoquinolines and derivatives,medium,1,observed,Primaquine; LC-ESI-QFT; MS2; Ramp 20%-70% (nominal); 30000; [M+H]+,peak_mz:76.3400,extended,True,medium,medium,keep
CF:massbank_MSBNK-ACES_SU-AS000845_51_4219,CF,peak_mz,51.4219,MassBank record-derived,positive,Organooxygen compounds; Carbonyl compounds; Ketones,medium,1,observed,Tiaprofenic acid; LC-ESI-QFT; MS2; Ramp 20%-70% (nominal); 30000; [M+H]+,peak_mz:51.4200,extended,True,medium,medium,keep
CF:massbank_MSBNK-ACES_SU-AS000845_52_6045,CF,peak_mz,52.6045,MassBank record-derived,positive,Organooxygen compounds; Carbonyl compounds; Ketones,medium,1,observed,Tiaprofenic acid; LC-ESI-QFT; MS2; Ramp 20%-70% (nominal); 30000; [M+H]+,peak_mz:52.6050,extended,True,medium,medium,keep
CF:massbank_MSBNK-ACES_SU-AS000845_55_0035,CF,peak_mz,55.0035,MassBank record-derived,positive,Organooxygen compounds; Carbonyl compounds; Ketones,medium,1,observed,Tiaprofenic acid; LC-ESI-QFT; MS2; Ramp 20%-70% (nominal); 30000; [M+H]+,peak_mz:55.0050,extended,True,medium,medium,keep
CF:massbank_MSBNK-ACES_SU-AS000846_50_3709,CF,peak_mz,50.3709,MassBank record-derived,positive,Quinolines and derivatives; Quinoline carboxylic acids; Quinoline carboxylic acids,medium,1,observed,Flumequine; LC-ESI-QFT; MS2; Ramp 20%-70% (nominal); 30000; [M+H]+,peak_mz:50.3700,extended,True,medium,medium,keep
CF:massbank_MSBNK-ACES_SU-AS000846_51_1495,CF,peak_mz,51.1495,MassBank record-derived,positive,Quinolines and derivatives; Quinoline carboxylic acids; Quinoline carboxylic acids,medium,1,observed,Flumequine; LC-ESI-QFT; MS2; Ramp 20%-70% (nominal); 30000; [M+H]+,peak_mz:51.1500,extended,True,medium,medium,keep
CF:massbank_MSBNK-ACES_SU-AS000846_52_7916,CF,peak_mz,52.7916,MassBank record-derived,positive,Quinolines and derivatives; Quinoline carboxylic acids; Quinoline carboxylic acids,medium,1,observed,Flumequine; LC-ESI-QFT; MS2; Ramp 20%-70% (nominal); 30000; [M+H]+,peak_mz:52.7900,extended,True,medium,medium,keep
CF:massbank_MSBNK-ACES_SU-AS000847_60_7553,CF,peak_mz,60.7553,MassBank record-derived,positive,Thienopyridines; None; Thienopyridines,medium,1,observed,Ticlopidine; LC-ESI-QFT; MS2; Ramp 20%-70% (nominal); 30000; [M+H]+,peak_mz:60.7550,extended,True,medium,medium,keep
CF:massbank_MSBNK-ACES_SU-AS000847_72_7572,CF,peak_mz,72.7572,MassBank record-derived,positive,Thienopyridines; None; Thienopyridines,medium,1,observed,Ticlopidine; LC-ESI-QFT; MS2; Ramp 20%-70% (nominal); 30000; [M+H]+,peak_mz:72.7550,extended,True,medium,medium,keep
CF:massbank_MSBNK-ACES_SU-AS000848_66_1112,CF,peak_mz,66.1112,MassBank record-derived,positive,Benzene and substituted derivatives; Phenylacetamides; Phenylacetamides,medium,1,observed,(S)-(+)-Atenolol; LC-ESI-QFT; MS2; Ramp 20%-70% (nominal); 30000; [M+H]+,peak_mz:66.1100,extended,True,medium,medium,keep
CF:massbank_MSBNK-ACES_SU-AS000849_74_4443,CF,peak_mz,74.4443,MassBank record-derived,positive,Phenol ethers; Aminophenyl ethers; Aminophenyl ethers,medium,1,observed,Metoclopramide; LC-ESI-QFT; MS2; Ramp 20%-70% (nominal); 30000; [M+H]+,peak_mz:74.4450,extended,True,medium,medium,keep
CF:massbank_MSBNK-ACES_SU-AS000849_79_021,CF,peak_mz,79.021,MassBank record-derived,positive,Phenol ethers; Aminophenyl ethers; Aminophenyl ethers,medium,1,observed,Metoclopramide; LC-ESI-QFT; MS2; Ramp 20%-70% (nominal); 30000; [M+H]+,peak_mz:79.0200,extended,True,medium,medium,keep
CF:massbank_MSBNK-ACES_SU-AS000849_93_0569,CF,peak_mz,93.0569,MassBank record-derived,positive,Phenol ethers; Aminophenyl ethers; Aminophenyl ethers,medium,1,observed,Metoclopramide; LC-ESI-QFT; MS2; Ramp 20%-70% (nominal); 30000; [M+H]+,peak_mz:93.0550,extended,True,medium,medium,keep
CF:massbank_MSBNK-ACES_SU-AS000850_52_0103,CF,peak_mz,52.0103,MassBank record-derived,positive,Diazines; Pyrimidines and pyrimidine derivatives; Phenylpyrimidines,medium,1,observed,Zaleplon; LC-ESI-QFT; MS2; Ramp 20%-70% (nominal); 30000; [M+H]+,peak_mz:52.0100,extended,True,medium,medium,keep
CF:massbank_MSBNK-ACES_SU-AS000851_52_3203,CF,peak_mz,52.3203,MassBank record-derived,positive,Coumarins and derivatives; Hydroxycoumarins; 4-hydroxycoumarins,medium,1,observed,Warfarin; LC-ESI-QFT; MS2; Ramp 20%-70% (nominal); 30000; [M+H]+,peak_mz:52.3200,extended,True,medium,medium,keep
CF:massbank_MSBNK-ACES_SU-AS000851_65_5429,CF,peak_mz,65.5429,MassBank record-derived,positive,Coumarins and derivatives; Hydroxycoumarins; 4-hydroxycoumarins,medium,1,observed,Warfarin; LC-ESI-QFT; MS2; Ramp 20%-70% (nominal); 30000; [M+H]+,peak_mz:65.5450,extended,True,medium,medium,keep
CF:massbank_MSBNK-ACES_SU-AS000851_73_748,CF,peak_mz,73.748,MassBank record-derived,positive,Coumarins and derivatives; Hydroxycoumarins; 4-hydroxycoumarins,medium,1,observed,Warfarin; LC-ESI-QFT; MS2; Ramp 20%-70% (nominal); 30000; [M+H]+,peak_mz:73.7500,extended,True,medium,medium,keep
CF:massbank_MSBNK-ACES_SU-AS000853_87_3004,CF,peak_mz,87.3004,MassBank record-derived,positive,Tetralins; None; Tetralins,medium,1,observed,Liranaftate; LC-ESI-QFT; MS2; Ramp 20%-70% (nominal); 30000; [M+H]+,peak_mz:87.3000,extended,True,medium,medium,keep
CF:massbank_MSBNK-ACES_SU-AS000853_92_0575,CF,peak_mz,92.0575,MassBank record-derived,positive,Tetralins; None; Tetralins,medium,1,observed,Liranaftate; LC-ESI-QFT; MS2; Ramp 20%-70% (nominal); 30000; [M+H]+,peak_mz:92.0600,extended,True,medium,medium,keep
CF:massbank_MSBNK-ACES_SU-AS000855_64_6349,CF,peak_mz,64.6349,MassBank record-derived,positive,Quinolines and derivatives; Quinolones and derivatives; Quinolones and derivatives,medium,1,observed,Dibucaine; LC-ESI-QFT; MS2; Ramp 20%-70% (nominal); 30000; [M+H]+,peak_mz:64.6350,extended,True,medium,medium,keep
CF:massbank_MSBNK-ACES_SU-AS000857_84_8618,CF,peak_mz,84.8618,MassBank record-derived,positive,Benzene and substituted derivatives; Diphenylmethanes; Diphenylmethanes,medium,1,observed,Bisacodyl; LC-ESI-QFT; MS2; Ramp 20%-70% (nominal); 30000; [M+H]+,peak_mz:84.8600,extended,True,medium,medium,keep
CF:massbank_MSBNK-ACES_SU-AS000857_156_0802,CF,peak_mz,156.0802,MassBank record-derived,positive,Benzene and substituted derivatives; Diphenylmethanes; Diphenylmethanes,medium,1,observed,Bisacodyl; LC-ESI-QFT; MS2; Ramp 20%-70% (nominal); 30000; [M+H]+,peak_mz:156.0800,extended,True,medium,medium,keep
CF:massbank_MSBNK-ACES_SU-AS000858_51_4788,CF,peak_mz,51.4788,MassBank record-derived,positive,Diazanaphthalenes; Benzodiazines; Quinazolines,medium,1,observed,Metolazone; LC-ESI-QFT; MS2; Ramp 20%-70% (nominal); 30000; [M+H]+,peak_mz:51.4800,extended,True,medium,medium,keep
CF:massbank_MSBNK-ACES_SU-AS000858_68_3773,CF,peak_mz,68.3773,MassBank record-derived,positive,Diazanaphthalenes; Benzodiazines; Quinazolines,medium,1,observed,Metolazone; LC-ESI-QFT; MS2; Ramp 20%-70% (nominal); 30000; [M+H]+,peak_mz:68.3750,extended,True,medium,medium,keep
CF:massbank_MSBNK-ACES_SU-AS000858_79_98,CF,peak_mz,79.98,MassBank record-derived,positive,Diazanaphthalenes; Benzodiazines; Quinazolines,medium,1,observed,Metolazone; LC-ESI-QFT; MS2; Ramp 20%-70% (nominal); 30000; [M+H]+,peak_mz:79.9800,extended,True,medium,medium,keep
CF:massbank_MSBNK-ACES_SU-AS000859_52_9044,CF,peak_mz,52.9044,MassBank record-derived,positive,Benzene and substituted derivatives; Diphenylmethanes; Diphenylmethanes,medium,1,observed,Hydroxyzine; LC-ESI-QFT; MS2; Ramp 20%-70% (nominal); 30000; [M+H]+,peak_mz:52.9050,extended,True,medium,medium,keep
CF:massbank_MSBNK-ACES_SU-AS000859_55_1674,CF,peak_mz,55.1674,MassBank record-derived,positive,Benzene and substituted derivatives; Diphenylmethanes; Diphenylmethanes,medium,1,observed,Hydroxyzine; LC-ESI-QFT; MS2; Ramp 20%-70% (nominal); 30000; [M+H]+,peak_mz:55.1650,extended,True,medium,medium,keep
CF:massbank_MSBNK-ACES_SU-AS000859_68_4048,CF,peak_mz,68.4048,MassBank record-derived,positive,Benzene and substituted derivatives; Diphenylmethanes; Diphenylmethanes,medium,1,observed,Hydroxyzine; LC-ESI-QFT; MS2; Ramp 20%-70% (nominal); 30000; [M+H]+,peak_mz:68.4050,extended,True,medium,medium,keep
CF:massbank_MSBNK-ACES_SU-AS000860_58_0357,CF,peak_mz,58.0357,MassBank record-derived,positive,Diazinanes; Piperazines; N-arylpiperazines,medium,1,observed,Prazosin; LC-ESI-QFT; MS2; Ramp 20%-70% (nominal); 30000; [M+H]+,peak_mz:58.0350,extended,True,medium,medium,keep
CF:massbank_MSBNK-ACES_SU-AS000860_71_2758,CF,peak_mz,71.2758,MassBank record-derived,positive,Diazinanes; Piperazines; N-arylpiperazines,medium,1,observed,Prazosin; LC-ESI-QFT; MS2; Ramp 20%-70% (nominal); 30000; [M+H]+,peak_mz:71.2750,extended,True,medium,medium,keep
CF:massbank_MSBNK-ACES_SU-AS000861_51_3092,CF,peak_mz,51.3092,MassBank record-derived,positive,Diazanaphthalenes; Benzodiazines; Quinazolines,medium,1,observed,Alfuzosin; LC-ESI-QFT; MS2; Ramp 20%-70% (nominal); 30000; [M+H]+,peak_mz:51.3100,extended,True,medium,medium,keep
CF:massbank_MSBNK-ACES_SU-AS000861_53_0076,CF,peak_mz,53.0076,MassBank record-derived,positive,Diazanaphthalenes; Benzodiazines; Quinazolines,medium,1,observed,Alfuzosin; LC-ESI-QFT; MS2; Ramp 20%-70% (nominal); 30000; [M+H]+,peak_mz:53.0100,extended,True,medium,medium,keep
CF:massbank_MSBNK-ACES_SU-AS000863_68_2191,CF,peak_mz,68.2191,MassBank record-derived,positive,"Carboxylic acids and derivatives; Amino acids, peptides, and analogues; Peptides",medium,1,observed,Oxacillin; LC-ESI-QFT; MS2; Ramp 20%-70% (nominal); 30000; [M+H]+,peak_mz:68.2200,extended,True,medium,medium,keep
CF:massbank_MSBNK-ACES_SU-AS000864_62_0797,CF,peak_mz,62.0797,MassBank record-derived,positive,"Carboxylic acids and derivatives; Amino acids, peptides, and analogues; Peptides",medium,1,observed,Lisinopril; LC-ESI-QFT; MS2; Ramp 20%-70% (nominal); 30000; [M+H]+,peak_mz:62.0800,extended,True,medium,medium,keep
CF:massbank_MSBNK-ACES_SU-AS000865_54_4908,CF,peak_mz,54.4908,MassBank record-derived,positive,Pyridines and derivatives; Hydropyridines; Dihydropyridines,medium,1,observed,Amlodipine; LC-ESI-QFT; MS2; Ramp 20%-70% (nominal); 30000; [M+H]+,peak_mz:54.4900,extended,True,medium,medium,keep
CF:massbank_MSBNK-ACES_SU-AS000865_59_2389,CF,peak_mz,59.2389,MassBank record-derived,positive,Pyridines and derivatives; Hydropyridines; Dihydropyridines,medium,1,observed,Amlodipine; LC-ESI-QFT; MS2; Ramp 20%-70% (nominal); 30000; [M+H]+,peak_mz:59.2400,extended,True,medium,medium,keep
CF:massbank_MSBNK-ACES_SU-AS000866_56_4139,CF,peak_mz,56.4139,MassBank record-derived,positive,"Carboxylic acids and derivatives; Amino acids, peptides, and analogues; Peptides",medium,1,observed,Quinapril; LC-ESI-QFT; MS2; Ramp 20%-70% (nominal); 30000; [M+H]+,peak_mz:56.4150,extended,True,medium,medium,keep
CF:massbank_MSBNK-ACES_SU-AS000866_65_9422,CF,peak_mz,65.9422,MassBank record-derived,positive,"Carboxylic acids and derivatives; Amino acids, peptides, and analogues; Peptides",medium,1,observed,Quinapril; LC-ESI-QFT; MS2; Ramp 20%-70% (nominal); 30000; [M+H]+,peak_mz:65.9400,extended,True,medium,medium,keep
CF:massbank_MSBNK-ACES_SU-AS000867_51_5574,CF,peak_mz,51.5574,MassBank record-derived,positive,Benzene and substituted derivatives; Benzenesulfonamides; Benzenesulfonamides,medium,1,observed,Glipizide; LC-ESI-QFT; MS2; Ramp 20%-70% (nominal); 30000; [M+H]+,peak_mz:51.5550,extended,True,medium,medium,keep
CF:massbank_MSBNK-ACES_SU-AS000867_58_283,CF,peak_mz,58.283,MassBank record-derived,positive,Benzene and substituted derivatives; Benzenesulfonamides; Benzenesulfonamides,medium,1,observed,Glipizide; LC-ESI-QFT; MS2; Ramp 20%-70% (nominal); 30000; [M+H]+,peak_mz:58.2850,extended,True,medium,medium,keep
CF:massbank_MSBNK-ACES_SU-AS000868_50_9385,CF,peak_mz,50.9385,MassBank record-derived,positive,Diazanaphthalenes; Benzodiazines; Quinazolines,medium,1,observed,Gefitinib; LC-ESI-QFT; MS2; Ramp 20%-70% (nominal); 30000; [M+H]+,peak_mz:50.9400,extended,True,medium,medium,keep
CF:massbank_MSBNK-ACES_SU-AS000868_65_008,CF,peak_mz,65.008,MassBank record-derived,positive,Diazanaphthalenes; Benzodiazines; Quinazolines,medium,1,observed,Gefitinib; LC-ESI-QFT; MS2; Ramp 20%-70% (nominal); 30000; [M+H]+,peak_mz:65.0100,extended,True,medium,medium,keep
CF:massbank_MSBNK-ACES_SU-AS000869_61_669,CF,peak_mz,61.669,MassBank record-derived,positive,"Steroids and steroid derivatives; Pregnane steroids; Gluco/mineralocorticoids, progestogins and derivatives",medium,1,observed,Prednicarbate; LC-ESI-QFT; MS2; Ramp 20%-70% (nominal); 30000; [M+H]+,peak_mz:61.6700,extended,True,medium,medium,keep
CF:massbank_MSBNK-ACES_SU-AS000870_68_0368,CF,peak_mz,68.0368,MassBank record-derived,positive,Diazinanes; Piperazines; Phenylpiperazines,medium,1,observed,Ketoconazole; LC-ESI-QFT; MS2; Ramp 20%-70% (nominal); 30000; [M+2H]+,peak_mz:68.0350,extended,True,medium,medium,keep
CF:massbank_MSBNK-ACES_SU-AS000871_59_5767,CF,peak_mz,59.5767,MassBank record-derived,positive,Phenol ethers; None; Phenol ethers,medium,1,observed,Mexiletine; LC-ESI-QFT; MS2; Ramp 20%-70% (nominal); 30000; [M+H]+,peak_mz:59.5750,extended,True,medium,medium,keep
CF:massbank_MSBNK-ACES_SU-AS000872_51_0228,CF,peak_mz,51.0228,MassBank record-derived,positive,Furans; Nitrofurans; Nitrofurans,medium,1,observed,Nitrofural; LC-ESI-QFT; MS2; Ramp 20%-70% (nominal); 30000; [M+H]+,peak_mz:51.0250,extended,True,medium,medium,keep
CF:massbank_MSBNK-ACES_SU-AS000872_53_0259,CF,peak_mz,53.0259,MassBank record-derived,positive,Furans; Nitrofurans; Nitrofurans,medium,1,observed,Nitrofural; LC-ESI-QFT; MS2; Ramp 20%-70% (nominal); 30000; [M+H]+,peak_mz:53.0250,extended,True,medium,medium,keep
CF:massbank_MSBNK-ACES_SU-AS000872_54_0099,CF,peak_mz,54.0099,MassBank record-derived,positive,Furans; Nitrofurans; Nitrofurans,medium,1,observed,Nitrofural; LC-ESI-QFT; MS2; Ramp 20%-70% (nominal); 30000; [M+H]+,peak_mz:54.0100,extended,True,medium,medium,keep
CF:massbank_MSBNK-ACES_SU-AS000873_65_0384,CF,peak_mz,65.0384,MassBank record-derived,positive,Phenol ethers; Anisoles; Anisoles,medium,1,observed,Guaifenesin; LC-ESI-QFT; MS2; Ramp 20%-70% (nominal); 30000; [M+H]+,peak_mz:65.0400,extended,True,medium,medium,keep
CF:massbank_MSBNK-ACES_SU-AS000874_57_4848,CF,peak_mz,57.4848,MassBank record-derived,positive,Phenols; Benzenediols; Resorcinols,medium,1,observed,Terbutaline; LC-ESI-QFT; MS2; Ramp 20%-70% (nominal); 30000; [M+H]+,peak_mz:57.4850,extended,True,medium,medium,keep
CF:massbank_MSBNK-ACES_SU-AS000874_58_0731,CF,peak_mz,58.0731,MassBank record-derived,positive,Phenols; Benzenediols; Resorcinols,medium,1,observed,Terbutaline; LC-ESI-QFT; MS2; Ramp 20%-70% (nominal); 30000; [M+H]+,peak_mz:58.0750,extended,True,medium,medium,keep
CF:massbank_MSBNK-ACES_SU-AS000875_53_7668,CF,peak_mz,53.7668,MassBank record-derived,positive,Coumarins and derivatives; Furanocoumarins; Linear furanocoumarins,medium,1,observed,Trioxsalen; LC-ESI-QFT; MS2; Ramp 20%-70% (nominal); 30000; [M+H]+,peak_mz:53.7650,extended,True,medium,medium,keep
CF:massbank_MSBNK-ACES_SU-AS000875_57_8417,CF,peak_mz,57.8417,MassBank record-derived,positive,Coumarins and derivatives; Furanocoumarins; Linear furanocoumarins,medium,1,observed,Trioxsalen; LC-ESI-QFT; MS2; Ramp 20%-70% (nominal); 30000; [M+H]+,peak_mz:57.8400,extended,True,medium,medium,keep
CF:massbank_MSBNK-ACES_SU-AS000875_60_5664,CF,peak_mz,60.5664,MassBank record-derived,positive,Coumarins and derivatives; Furanocoumarins; Linear furanocoumarins,medium,1,observed,Trioxsalen; LC-ESI-QFT; MS2; Ramp 20%-70% (nominal); 30000; [M+H]+,peak_mz:60.5650,extended,True,medium,medium,keep
CF:massbank_MSBNK-ACES_SU-AS000876_69_0446,CF,peak_mz,69.0446,MassBank record-derived,positive,Nucleoside and nucleotide analogues; 3'-thia pyrimidine nucleosides; 3'-thia pyrimidine nucleosides,medium,1,observed,Lamivudine; LC-ESI-QFT; MS2; Ramp 20%-70% (nominal); 30000; [M+H]+,peak_mz:69.0450,extended,True,medium,medium,keep
CF:massbank_MSBNK-ACES_SU-AS000876_73_0105,CF,peak_mz,73.0105,MassBank record-derived,positive,Nucleoside and nucleotide analogues; 3'-thia pyrimidine nucleosides; 3'-thia pyrimidine nucleosides,medium,1,observed,Lamivudine; LC-ESI-QFT; MS2; Ramp 20%-70% (nominal); 30000; [M+H]+,peak_mz:73.0100,extended,True,medium,medium,keep
CF:massbank_MSBNK-ACES_SU-AS000877_62_3173,CF,peak_mz,62.3173,MassBank record-derived,positive,Benzazepines; Dibenzazepines; Dibenzazepines,medium,1,observed,Carbamazepine; LC-ESI-QFT; MS2; Ramp 20%-70% (nominal); 30000; [M+H]+,peak_mz:62.3150,extended,True,medium,medium,keep
CF:massbank_MSBNK-ACES_SU-AS000877_75_9558,CF,peak_mz,75.9558,MassBank record-derived,positive,Benzazepines; Dibenzazepines; Dibenzazepines,medium,1,observed,Carbamazepine; LC-ESI-QFT; MS2; Ramp 20%-70% (nominal); 30000; [M+H]+,peak_mz:75.9550,extended,True,medium,medium,keep
CF:massbank_MSBNK-ACES_SU-AS000877_94_357,CF,peak_mz,94.357,MassBank record-derived,positive,Benzazepines; Dibenzazepines; Dibenzazepines,medium,1,observed,Carbamazepine; LC-ESI-QFT; MS2; Ramp 20%-70% (nominal); 30000; [M+H]+,peak_mz:94.3550,extended,True,medium,medium,keep
CF:massbank_MSBNK-ACES_SU-AS000878_55_4184,CF,peak_mz,55.4184,MassBank record-derived,positive,Benzene and substituted derivatives; Benzophenones; Benzophenones,medium,1,observed,Dioxybenzone; LC-ESI-QFT; MS2; Ramp 20%-70% (nominal); 30000; [M+H]+,peak_mz:55.4200,extended,True,medium,medium,keep
CF:massbank_MSBNK-ACES_SU-AS000880_52_933,CF,peak_mz,52.933,MassBank record-derived,positive,Benzopyrans; 1-benzopyrans; 1-benzopyrans,medium,1,observed,Trolox; LC-ESI-QFT; MS2; Ramp 20%-70% (nominal); 30000; [M+H]+,peak_mz:52.9350,extended,True,medium,medium,keep
CF:massbank_MSBNK-ACES_SU-AS000880_62_9819,CF,peak_mz,62.9819,MassBank record-derived,positive,Benzopyrans; 1-benzopyrans; 1-benzopyrans,medium,1,observed,Trolox; LC-ESI-QFT; MS2; Ramp 20%-70% (nominal); 30000; [M+H]+,peak_mz:62.9800,extended,True,medium,medium,keep
CF:massbank_MSBNK-ACES_SU-AS000880_65_8555,CF,peak_mz,65.8555,MassBank record-derived,positive,Benzopyrans; 1-benzopyrans; 1-benzopyrans,medium,1,observed,Trolox; LC-ESI-QFT; MS2; Ramp 20%-70% (nominal); 30000; [M+H]+,peak_mz:65.8550,extended,True,medium,medium,keep
CF:massbank_MSBNK-ACES_SU-AS000881_55_1102,CF,peak_mz,55.1102,MassBank record-derived,positive,Benzazepines; Dibenzazepines; Dibenzazepines,medium,1,observed,Oxcarbazepine; LC-ESI-QFT; MS2; Ramp 20%-70% (nominal); 30000; [M+H]+,peak_mz:55.1100,extended,True,medium,medium,keep
CF:massbank_MSBNK-ACES_SU-AS000881_60_8107,CF,peak_mz,60.8107,MassBank record-derived,positive,Benzazepines; Dibenzazepines; Dibenzazepines,medium,1,observed,Oxcarbazepine; LC-ESI-QFT; MS2; Ramp 20%-70% (nominal); 30000; [M+H]+,peak_mz:60.8100,extended,True,medium,medium,keep
CF:massbank_MSBNK-ACES_SU-AS000881_122_8847,CF,peak_mz,122.8847,MassBank record-derived,positive,Benzazepines; Dibenzazepines; Dibenzazepines,medium,1,observed,Oxcarbazepine; LC-ESI-QFT; MS2; Ramp 20%-70% (nominal); 30000; [M+H]+,peak_mz:122.8850,extended,True,medium,medium,keep
CF:massbank_MSBNK-ACES_SU-AS000882_54_4676,CF,peak_mz,54.4676,MassBank record-derived,positive,Azoles; Imidazoles; Imidazoles,medium,1,observed,Cimetidine; LC-ESI-QFT; MS2; Ramp 20%-70% (nominal); 30000; [M+H]+,peak_mz:54.4700,extended,True,medium,medium,keep
CF:massbank_MSBNK-ACES_SU-AS000884_56_5466,CF,peak_mz,56.5466,MassBank record-derived,positive,Benzene and substituted derivatives; Phenylmethylamines; Phenylmethylamines,medium,1,observed,Trimetazidine; LC-ESI-QFT; MS2; Ramp 20%-70% (nominal); 30000; [M+H]+,peak_mz:56.5450,extended,True,medium,medium,keep
CF:massbank_MSBNK-ACES_SU-AS000884_88_3461,CF,peak_mz,88.3461,MassBank record-derived,positive,Benzene and substituted derivatives; Phenylmethylamines; Phenylmethylamines,medium,1,observed,Trimetazidine; LC-ESI-QFT; MS2; Ramp 20%-70% (nominal); 30000; [M+H]+,peak_mz:88.3450,extended,True,medium,medium,keep
CF:massbank_MSBNK-ACES_SU-AS000885_53_2619,CF,peak_mz,53.2619,MassBank record-derived,positive,Benzazepines; Dibenzazepines; Dibenzazepines,medium,1,observed,Desipramine; LC-ESI-QFT; MS2; Ramp 20%-70% (nominal); 30000; [M+H]+,peak_mz:53.2600,extended,True,medium,medium,keep
CF:massbank_MSBNK-ACES_SU-AS000885_59_47,CF,peak_mz,59.47,MassBank record-derived,positive,Benzazepines; Dibenzazepines; Dibenzazepines,medium,1,observed,Desipramine; LC-ESI-QFT; MS2; Ramp 20%-70% (nominal); 30000; [M+H]+,peak_mz:59.4700,extended,True,medium,medium,keep
CF:massbank_MSBNK-ACES_SU-AS000886_57_0697,CF,peak_mz,57.0697,MassBank record-derived,positive,Benzene and substituted derivatives; Halobenzenes; Chlorobenzenes,medium,1,observed,Clenbuterol; LC-ESI-QFT; MS2; Ramp 20%-70% (nominal); 30000; [M+H]+,peak_mz:57.0700,extended,True,medium,medium,keep
CF:massbank_MSBNK-ACES_SU-AS000886_63_1111,CF,peak_mz,63.1111,MassBank record-derived,positive,Benzene and substituted derivatives; Halobenzenes; Chlorobenzenes,medium,1,observed,Clenbuterol; LC-ESI-QFT; MS2; Ramp 20%-70% (nominal); 30000; [M+H]+,peak_mz:63.1100,extended,True,medium,medium,keep
CF:massbank_MSBNK-ACES_SU-AS000886_81_6907,CF,peak_mz,81.6907,MassBank record-derived,positive,Benzene and substituted derivatives; Halobenzenes; Chlorobenzenes,medium,1,observed,Clenbuterol; LC-ESI-QFT; MS2; Ramp 20%-70% (nominal); 30000; [M+H]+,peak_mz:81.6900,extended,True,medium,medium,keep
CF:massbank_MSBNK-ACES_SU-AS000888_50_6125,CF,peak_mz,50.6125,MassBank record-derived,positive,Benzene and substituted derivatives; Phenylacetamides; Phenylacetamides,medium,1,observed,Tropicamide; LC-ESI-QFT; MS2; Ramp 20%-70% (nominal); 30000; [M+H]+,peak_mz:50.6100,extended,True,medium,medium,keep
CF:massbank_MSBNK-ACES_SU-AS000888_65_3929,CF,peak_mz,65.3929,MassBank record-derived,positive,Benzene and substituted derivatives; Phenylacetamides; Phenylacetamides,medium,1,observed,Tropicamide; LC-ESI-QFT; MS2; Ramp 20%-70% (nominal); 30000; [M+H]+,peak_mz:65.3950,extended,True,medium,medium,keep
CF:massbank_MSBNK-ACES_SU-AS000889_50_496,CF,peak_mz,50.496,MassBank record-derived,positive,Indoles and derivatives; Carbazoles; Carbazoles,medium,1,observed,Ondansetron; LC-ESI-QFT; MS2; Ramp 20%-70% (nominal); 30000; [M+H]+,peak_mz:50.4950,extended,True,medium,medium,keep
CF:massbank_MSBNK-ACES_SU-AS000889_53_7618,CF,peak_mz,53.7618,MassBank record-derived,positive,Indoles and derivatives; Carbazoles; Carbazoles,medium,1,observed,Ondansetron; LC-ESI-QFT; MS2; Ramp 20%-70% (nominal); 30000; [M+H]+,peak_mz:53.7600,extended,True,medium,medium,keep
CF:massbank_MSBNK-ACES_SU-AS000889_61_7153,CF,peak_mz,61.7153,MassBank record-derived,positive,Indoles and derivatives; Carbazoles; Carbazoles,medium,1,observed,Ondansetron; LC-ESI-QFT; MS2; Ramp 20%-70% (nominal); 30000; [M+H]+,peak_mz:61.7150,extended,True,medium,medium,keep
CF:massbank_MSBNK-ACES_SU-AS000890_61_1509,CF,peak_mz,61.1509,MassBank record-derived,positive,Steroids and steroid derivatives; Androstane steroids; Androgens and derivatives,medium,1,observed,Exemestane; LC-ESI-QFT; MS2; Ramp 20%-70% (nominal); 30000; [M+H]+,peak_mz:61.1500,extended,True,medium,medium,keep
CF:massbank_MSBNK-ACES_SU-AS000891_67_9113,CF,peak_mz,67.9113,MassBank record-derived,positive,Pyridines and derivatives; Pheniramines; Pheniramines,medium,1,observed,Brompheniramine; LC-ESI-QFT; MS2; Ramp 20%-70% (nominal); 30000; [M+H]+,peak_mz:67.9100,extended,True,medium,medium,keep
CF:massbank_MSBNK-ACES_SU-AS000891_74_7696,CF,peak_mz,74.7696,MassBank record-derived,positive,Pyridines and derivatives; Pheniramines; Pheniramines,medium,1,observed,Brompheniramine; LC-ESI-QFT; MS2; Ramp 20%-70% (nominal); 30000; [M+H]+,peak_mz:74.7700,extended,True,medium,medium,keep
CF:massbank_MSBNK-ACES_SU-AS000892_52_1748,CF,peak_mz,52.1748,MassBank record-derived,positive,Piperidines; Phenylpiperidines; Phenylpiperidines,medium,1,observed,Paroxetine; LC-ESI-QFT; MS2; Ramp 20%-70% (nominal); 30000; [M+H]+,peak_mz:52.1750,extended,True,medium,medium,keep
CF:massbank_MSBNK-ACES_SU-AS000892_57_0574,CF,peak_mz,57.0574,MassBank record-derived,positive,Piperidines; Phenylpiperidines; Phenylpiperidines,medium,1,observed,Paroxetine; LC-ESI-QFT; MS2; Ramp 20%-70% (nominal); 30000; [M+H]+,peak_mz:57.0550,extended,True,medium,medium,keep
CF:massbank_MSBNK-ACES_SU-AS000893_56_5652,CF,peak_mz,56.5652,MassBank record-derived,positive,"Azoles; Thiazoles; 2,4-disubstituted thiazoles",medium,1,observed,Nizatidine; LC-ESI-QFT; MS2; Ramp 20%-70% (nominal); 30000; [M+H]+,peak_mz:56.5650,extended,True,medium,medium,keep
CF:massbank_MSBNK-ACES_SU-AS000894_57_9872,CF,peak_mz,57.9872,MassBank record-derived,positive,Benzene and substituted derivatives; Benzenesulfonamides; Benzenesulfonamides,medium,1,observed,Succinylsulfathiazole; LC-ESI-QFT; MS2; Ramp 20%-70% (nominal); 30000; [M+H]+,peak_mz:57.9850,extended,True,medium,medium,keep
CF:massbank_MSBNK-ACES_SU-AS000895_59_6109,CF,peak_mz,59.6109,MassBank record-derived,positive,Pyridines and derivatives; Hydropyridines; Dihydropyridines,medium,1,observed,Nitrendipine; LC-ESI-QFT; MS2; Ramp 20%-70% (nominal); 30000; [M+H]+,peak_mz:59.6100,extended,True,medium,medium,keep
CF:massbank_MSBNK-ACES_SU-AS000897_56_9879,CF,peak_mz,56.9879,MassBank record-derived,positive,"Steroids and steroid derivatives; Pregnane steroids; Gluco/mineralocorticoids, progestogins and derivatives",medium,1,observed,Fluorometholone; LC-ESI-QFT; MS2; Ramp 20%-70% (nominal); 30000; [M+H]+,peak_mz:56.9900,extended,True,medium,medium,keep
CF:massbank_MSBNK-ACES_SU-AS000897_58_4758,CF,peak_mz,58.4758,MassBank record-derived,positive,"Steroids and steroid derivatives; Pregnane steroids; Gluco/mineralocorticoids, progestogins and derivatives",medium,1,observed,Fluorometholone; LC-ESI-QFT; MS2; Ramp 20%-70% (nominal); 30000; [M+H]+,peak_mz:58.4750,extended,True,medium,medium,keep
CF:massbank_MSBNK-ACES_SU-AS000897_61_5927,CF,peak_mz,61.5927,MassBank record-derived,positive,"Steroids and steroid derivatives; Pregnane steroids; Gluco/mineralocorticoids, progestogins and derivatives",medium,1,observed,Fluorometholone; LC-ESI-QFT; MS2; Ramp 20%-70% (nominal); 30000; [M+H]+,peak_mz:61.5950,extended,True,medium,medium,keep
CF:massbank_MSBNK-ACES_SU-AS000898_52_3085,CF,peak_mz,52.3085,MassBank record-derived,positive,Benzothiazepines; Dibenzothiazepines; Dibenzothiazepines,medium,1,observed,Quetiapine; LC-ESI-QFT; MS2; Ramp 20%-70% (nominal); 30000; [M+H]+,peak_mz:52.3100,extended,True,medium,medium,keep
CF:massbank_MSBNK-ACES_SU-AS000898_52_5484,CF,peak_mz,52.5484,MassBank record-derived,positive,Benzothiazepines; Dibenzothiazepines; Dibenzothiazepines,medium,1,observed,Quetiapine; LC-ESI-QFT; MS2; Ramp 20%-70% (nominal); 30000; [M+H]+,peak_mz:52.5500,extended,True,medium,medium,keep
CF:massbank_MSBNK-ACES_SU-AS000898_53_9623,CF,peak_mz,53.9623,MassBank record-derived,positive,Benzothiazepines; Dibenzothiazepines; Dibenzothiazepines,medium,1,observed,Quetiapine; LC-ESI-QFT; MS2; Ramp 20%-70% (nominal); 30000; [M+H]+,peak_mz:53.9600,extended,True,medium,medium,keep
CF:massbank_MSBNK-ACES_SU-AS000899_93_3415,CF,peak_mz,93.3415,MassBank record-derived,positive,Benzodioxoles; None; Benzodioxoles,medium,1,observed,Fipexide; LC-ESI-QFT; MS2; Ramp 20%-70% (nominal); 30000; [M+H]+,peak_mz:93.3400,extended,True,medium,medium,keep
CF:massbank_MSBNK-ACES_SU-AS000900_62_4904,CF,peak_mz,62.4904,MassBank record-derived,positive,Benzene and substituted derivatives; Phenyl sulfoxides; Phenyl sulfoxides,medium,1,observed,Sulfinpyrazone; LC-ESI-QFT; MS2; Ramp 20%-70% (nominal); 30000; [M+H]+,peak_mz:62.4900,extended,True,medium,medium,keep
CF:massbank_MSBNK-ACES_SU-AS000900_63_8668,CF,peak_mz,63.8668,MassBank record-derived,positive,Benzene and substituted derivatives; Phenyl sulfoxides; Phenyl sulfoxides,medium,1,observed,Sulfinpyrazone; LC-ESI-QFT; MS2; Ramp 20%-70% (nominal); 30000; [M+H]+,peak_mz:63.8650,extended,True,medium,medium,keep
CF:massbank_MSBNK-ACES_SU-AS000901_62_2362,CF,peak_mz,62.2362,MassBank record-derived,positive,Lignan lactones; Podophyllotoxins; Podophyllotoxins,medium,1,observed,Podophyllotoxin; LC-ESI-QFT; MS2; Ramp 20%-70% (nominal); 30000; [M+H]+,peak_mz:62.2350,extended,True,medium,medium,keep
CF:massbank_MSBNK-ACES_SU-AS000901_69_2191,CF,peak_mz,69.2191,MassBank record-derived,positive,Lignan lactones; Podophyllotoxins; Podophyllotoxins,medium,1,observed,Podophyllotoxin; LC-ESI-QFT; MS2; Ramp 20%-70% (nominal); 30000; [M+H]+,peak_mz:69.2200,extended,True,medium,medium,keep
CF:massbank_MSBNK-ACES_SU-AS000902_60_8147,CF,peak_mz,60.8147,MassBank record-derived,positive,Steroids and steroid derivatives; Hydroxysteroids; 21-hydroxysteroids,medium,1,observed,Budesonide; LC-ESI-QFT; MS2; Ramp 20%-70% (nominal); 30000; [M+H]+,peak_mz:60.8150,extended,True,medium,medium,keep
CF:massbank_MSBNK-ACES_SU-AS000902_61_0285,CF,peak_mz,61.0285,MassBank record-derived,positive,Steroids and steroid derivatives; Hydroxysteroids; 21-hydroxysteroids,medium,1,observed,Budesonide; LC-ESI-QFT; MS2; Ramp 20%-70% (nominal); 30000; [M+H]+,peak_mz:61.0300,extended,True,medium,medium,keep
CF:massbank_MSBNK-ACES_SU-AS000903_50_0419,CF,peak_mz,50.0419,MassBank record-derived,positive,Tetracyclines; None; Tetracyclines,medium,1,observed,Minocycline; LC-ESI-QFT; MS2; Ramp 20%-70% (nominal); 30000; [M+H]+,peak_mz:50.0400,extended,True,medium,medium,keep
CF:massbank_MSBNK-ACES_SU-AS000903_52_6173,CF,peak_mz,52.6173,MassBank record-derived,positive,Tetracyclines; None; Tetracyclines,medium,1,observed,Minocycline; LC-ESI-QFT; MS2; Ramp 20%-70% (nominal); 30000; [M+H]+,peak_mz:52.6150,extended,True,medium,medium,keep
CF:massbank_MSBNK-ACES_SU-AS000904_52_4252,CF,peak_mz,52.4252,MassBank record-derived,positive,Tetracyclines; None; Tetracyclines,medium,1,observed,Oxytetracycline; LC-ESI-QFT; MS2; Ramp 20%-70% (nominal); 30000; [M+H]+,peak_mz:52.4250,extended,True,medium,medium,keep
CF:massbank_MSBNK-ACES_SU-AS000905_61_1027,CF,peak_mz,61.1027,MassBank record-derived,positive,Camptothecins; None; Camptothecins,medium,1,observed,Irinotecan; LC-ESI-QFT; MS2; Ramp 20%-70% (nominal); 30000; [M+H]+,peak_mz:61.1050,extended,True,medium,medium,keep
NL:massbank_MSBNK-ACES_SU-AS000906,NL,mass_diff,22.9881,MassBank record-derived,positive,Prenol lipids; Diterpenoids; Taxanes and derivatives,medium,1,observed,Docetaxel; LC-ESI-QFT; MS2; Ramp 20%-70% (nominal); 30000; [M+Na]+,mass_diff:22.9900,extended,True,medium,medium,keep
CF:massbank_MSBNK-ACES_SU-AS000906_50_2148,CF,peak_mz,50.2148,MassBank record-derived,positive,Prenol lipids; Diterpenoids; Taxanes and derivatives,medium,1,observed,Docetaxel; LC-ESI-QFT; MS2; Ramp 20%-70% (nominal); 30000; [M+Na]+,peak_mz:50.2150,extended,True,medium,medium,keep
CF:massbank_MSBNK-ACES_SU-AS000906_69_1397,CF,peak_mz,69.1397,MassBank record-derived,positive,Prenol lipids; Diterpenoids; Taxanes and derivatives,medium,1,observed,Docetaxel; LC-ESI-QFT; MS2; Ramp 20%-70% (nominal); 30000; [M+Na]+,peak_mz:69.1400,extended,True,medium,medium,keep
CF:massbank_MSBNK-ACES_SU-AS000907_53_7969,CF,peak_mz,53.7969,MassBank record-derived,positive,Prenol lipids; Diterpenoids; Taxanes and derivatives,medium,1,observed,Paclitaxel; LC-ESI-QFT; MS2; Ramp 20%-70% (nominal); 30000; [M+H]+,peak_mz:53.7950,extended,True,medium,medium,keep
CF:massbank_MSBNK-ACES_SU-AS000907_60_2533,CF,peak_mz,60.2533,MassBank record-derived,positive,Prenol lipids; Diterpenoids; Taxanes and derivatives,medium,1,observed,Paclitaxel; LC-ESI-QFT; MS2; Ramp 20%-70% (nominal); 30000; [M+H]+,peak_mz:60.2550,extended,True,medium,medium,keep
CF:massbank_MSBNK-ACES_SU-AS000907_63_5236,CF,peak_mz,63.5236,MassBank record-derived,positive,Prenol lipids; Diterpenoids; Taxanes and derivatives,medium,1,observed,Paclitaxel; LC-ESI-QFT; MS2; Ramp 20%-70% (nominal); 30000; [M+H]+,peak_mz:63.5250,extended,True,medium,medium,keep
NL:massbank_MSBNK-ACES_SU-AS000908,NL,mass_diff,22.9883,MassBank record-derived,positive,Prenol lipids; Diterpenoids; Taxanes and derivatives,medium,1,observed,Paclitaxel; LC-ESI-QFT; MS2; Ramp 20%-70% (nominal); 30000; [M+Na]+,mass_diff:22.9900,extended,True,medium,medium,keep
NL:massbank_MSBNK-ACES_SU-AS000909,NL,mass_diff,1.0029,MassBank record-derived,positive,Organooxygen compounds; Carbohydrates and carbohydrate conjugates; Aminosaccharides,medium,1,observed,Tylosin; LC-ESI-QFT; MS2; Ramp 20%-70% (nominal); 30000; [M+H]+,mass_diff:1.0050,extended,True,medium,medium,keep
CF:massbank_MSBNK-ACES_SU-AS000909_53_1152,CF,peak_mz,53.1152,MassBank record-derived,positive,Organooxygen compounds; Carbohydrates and carbohydrate conjugates; Aminosaccharides,medium,1,observed,Tylosin; LC-ESI-QFT; MS2; Ramp 20%-70% (nominal); 30000; [M+H]+,peak_mz:53.1150,extended,True,medium,medium,keep
CF:massbank_MSBNK-ACES_SU-AS000911_50_0697,CF,peak_mz,50.0697,MassBank record-derived,positive,Benzene and substituted derivatives; Benzoic acids and derivatives; Benzoic acid esters,medium,1,observed,Benzocaine; LC-ESI-QFT; MS2; Ramp 20%-70% (nominal); 30000; [M+H]+,peak_mz:50.0700,extended,True,medium,medium,keep
CF:massbank_MSBNK-ACES_SU-AS000911_55_0635,CF,peak_mz,55.0635,MassBank record-derived,positive,Benzene and substituted derivatives; Benzoic acids and derivatives; Benzoic acid esters,medium,1,observed,Benzocaine; LC-ESI-QFT; MS2; Ramp 20%-70% (nominal); 30000; [M+H]+,peak_mz:55.0650,extended,True,medium,medium,keep
CF:massbank_MSBNK-ACES_SU-AS000911_57_9308,CF,peak_mz,57.9308,MassBank record-derived,positive,Benzene and substituted derivatives; Benzoic acids and derivatives; Benzoic acid esters,medium,1,observed,Benzocaine; LC-ESI-QFT; MS2; Ramp 20%-70% (nominal); 30000; [M+H]+,peak_mz:57.9300,extended,True,medium,medium,keep
CF:massbank_MSBNK-ACES_SU-AS000912_50_6153,CF,peak_mz,50.6153,MassBank record-derived,positive,Benzoxazoles; None; Benzoxazoles,medium,1,observed,Zoxazolamine; LC-ESI-QFT; MS2; Ramp 20%-70% (nominal); 30000; [M+H]+,peak_mz:50.6150,extended,True,medium,medium,keep
CF:massbank_MSBNK-ACES_SU-AS000912_67_5967,CF,peak_mz,67.5967,MassBank record-derived,positive,Benzoxazoles; None; Benzoxazoles,medium,1,observed,Zoxazolamine; LC-ESI-QFT; MS2; Ramp 20%-70% (nominal); 30000; [M+H]+,peak_mz:67.5950,extended,True,medium,medium,keep
CF:massbank_MSBNK-ACES_SU-AS000912_83_229,CF,peak_mz,83.229,MassBank record-derived,positive,Benzoxazoles; None; Benzoxazoles,medium,1,observed,Zoxazolamine; LC-ESI-QFT; MS2; Ramp 20%-70% (nominal); 30000; [M+H]+,peak_mz:83.2300,extended,True,medium,medium,keep
CF:massbank_MSBNK-ACES_SU-AS000913_65_4491,CF,peak_mz,65.4491,MassBank record-derived,positive,Imidazopyrimidines; Purines and purine derivatives; Xanthines,medium,1,observed,Caffeine; LC-ESI-QFT; MS2; Ramp 20%-70% (nominal); 30000; [M+H]+,peak_mz:65.4500,extended,True,medium,medium,keep
CF:massbank_MSBNK-ACES_SU-AS000914_104_0493,CF,peak_mz,104.0493,MassBank record-derived,positive,Pyridines and derivatives; Bipyridines and oligopyridines; Bipyridines and oligopyridines,medium,1,observed,Milrinone; LC-ESI-QFT; MS2; Ramp 20%-70% (nominal); 30000; [M+H]+,peak_mz:104.0500,extended,True,medium,medium,keep
CF:massbank_MSBNK-ACES_SU-AS000914_116_0494,CF,peak_mz,116.0494,MassBank record-derived,positive,Pyridines and derivatives; Bipyridines and oligopyridines; Bipyridines and oligopyridines,medium,1,observed,Milrinone; LC-ESI-QFT; MS2; Ramp 20%-70% (nominal); 30000; [M+H]+,peak_mz:116.0500,extended,True,medium,medium,keep
CF:massbank_MSBNK-ACES_SU-AS000915_50_7854,CF,peak_mz,50.7854,MassBank record-derived,positive,Benzene and substituted derivatives; Halobenzenes; Chlorobenzenes,medium,1,observed,Clonidine; LC-ESI-QFT; MS2; Ramp 20%-70% (nominal); 30000; [M+H]+,peak_mz:50.7850,extended,True,medium,medium,keep
CF:massbank_MSBNK-ACES_SU-AS000917_60_0557,CF,peak_mz,60.0557,MassBank record-derived,positive,Diazines; Pyrimidines and pyrimidine derivatives; Aminopyrimidines and derivatives,medium,1,observed,Pyrimethamine; LC-ESI-QFT; MS2; Ramp 20%-70% (nominal); 30000; [M+H]+,peak_mz:60.0550,extended,True,medium,medium,keep
CF:massbank_MSBNK-ACES_SU-AS000917_92_1211,CF,peak_mz,92.1211,MassBank record-derived,positive,Diazines; Pyrimidines and pyrimidine derivatives; Aminopyrimidines and derivatives,medium,1,observed,Pyrimethamine; LC-ESI-QFT; MS2; Ramp 20%-70% (nominal); 30000; [M+H]+,peak_mz:92.1200,extended,True,medium,medium,keep
CF:massbank_MSBNK-ACES_SU-AS000918_74_1143,CF,peak_mz,74.1143,MassBank record-derived,positive,Organooxygen compounds; Carbonyl compounds; Ketones,medium,1,observed,Ketorolac; LC-ESI-QFT; MS2; Ramp 20%-70% (nominal); 30000; [M+H]+,peak_mz:74.1150,extended,True,medium,medium,keep
CF:massbank_MSBNK-ACES_SU-AS000918_74_81,CF,peak_mz,74.81,MassBank record-derived,positive,Organooxygen compounds; Carbonyl compounds; Ketones,medium,1,observed,Ketorolac; LC-ESI-QFT; MS2; Ramp 20%-70% (nominal); 30000; [M+H]+,peak_mz:74.8100,extended,True,medium,medium,keep
CF:massbank_MSBNK-ACES_SU-AS000920_57_0528,CF,peak_mz,57.0528,MassBank record-derived,positive,Phenol ethers; None; Phenol ethers,medium,1,observed,Oxprenolol; LC-ESI-QFT; MS2; Ramp 20%-70% (nominal); 30000; [M+H]+,peak_mz:57.0550,extended,True,medium,medium,keep
CF:massbank_MSBNK-ACES_SU-AS000921_50_6623,CF,peak_mz,50.6623,MassBank record-derived,positive,Indanes; None; Indanes,medium,1,observed,Indatraline; LC-ESI-QFT; MS2; Ramp 20%-70% (nominal); 30000; [M+H]+,peak_mz:50.6600,extended,True,medium,medium,keep
CF:massbank_MSBNK-ACES_SU-AS000921_59_9182,CF,peak_mz,59.9182,MassBank record-derived,positive,Indanes; None; Indanes,medium,1,observed,Indatraline; LC-ESI-QFT; MS2; Ramp 20%-70% (nominal); 30000; [M+H]+,peak_mz:59.9200,extended,True,medium,medium,keep
CF:massbank_MSBNK-ACES_SU-AS000921_63_7738,CF,peak_mz,63.7738,MassBank record-derived,positive,Indanes; None; Indanes,medium,1,observed,Indatraline; LC-ESI-QFT; MS2; Ramp 20%-70% (nominal); 30000; [M+H]+,peak_mz:63.7750,extended,True,medium,medium,keep
CF:massbank_MSBNK-ACES_SU-AS000922_56_4363,CF,peak_mz,56.4363,MassBank record-derived,positive,Phenol ethers; None; Phenol ethers,medium,1,observed,Esmolol; LC-ESI-QFT; MS2; Ramp 20%-70% (nominal); 30000; [M+H]+,peak_mz:56.4350,extended,True,medium,medium,keep
CF:massbank_MSBNK-ACES_SU-AS000923_50_4151,CF,peak_mz,50.4151,MassBank record-derived,positive,Naphthalenes; None; Naphthalenes,medium,1,observed,Tolnaftate; LC-ESI-QFT; MS2; Ramp 20%-70% (nominal); 30000; [M+H]+,peak_mz:50.4150,extended,True,medium,medium,keep
CF:massbank_MSBNK-ACES_SU-AS000923_54_8189,CF,peak_mz,54.8189,MassBank record-derived,positive,Naphthalenes; None; Naphthalenes,medium,1,observed,Tolnaftate; LC-ESI-QFT; MS2; Ramp 20%-70% (nominal); 30000; [M+H]+,peak_mz:54.8200,extended,True,medium,medium,keep
CF:massbank_MSBNK-ACES_SU-AS000924_78_0342,CF,peak_mz,78.0342,MassBank record-derived,positive,Benzene and substituted derivatives; Diphenylmethanes; Diphenylmethanes,medium,1,observed,Bifonazole; LC-ESI-QFT; MS2; Ramp 20%-70% (nominal); 30000; [M+H]+,peak_mz:78.0350,extended,True,medium,medium,keep
CF:massbank_MSBNK-ACES_SU-AS000924_85_646,CF,peak_mz,85.646,MassBank record-derived,positive,Benzene and substituted derivatives; Diphenylmethanes; Diphenylmethanes,medium,1,observed,Bifonazole; LC-ESI-QFT; MS2; Ramp 20%-70% (nominal); 30000; [M+H]+,peak_mz:85.6450,extended,True,medium,medium,keep
CF:massbank_MSBNK-ACES_SU-AS000925_54_9558,CF,peak_mz,54.9558,MassBank record-derived,positive,Benzene and substituted derivatives; Phenylbutylamines; Phenylbutylamines,medium,1,observed,Escitalopram; LC-ESI-QFT; MS2; Ramp 20%-70% (nominal); 30000; [M+H]+,peak_mz:54.9550,extended,True,medium,medium,keep
CF:massbank_MSBNK-ACES_SU-AS000925_56_9389,CF,peak_mz,56.9389,MassBank record-derived,positive,Benzene and substituted derivatives; Phenylbutylamines; Phenylbutylamines,medium,1,observed,Escitalopram; LC-ESI-QFT; MS2; Ramp 20%-70% (nominal); 30000; [M+H]+,peak_mz:56.9400,extended,True,medium,medium,keep
CF:massbank_MSBNK-ACES_SU-AS000926_51_2594,CF,peak_mz,51.2594,MassBank record-derived,positive,Coumarins and derivatives; Hydroxycoumarins; 4-hydroxycoumarins,medium,1,observed,Dicumarol; LC-ESI-QFT; MS2; Ramp 20%-70% (nominal); 30000; [M+H]+,peak_mz:51.2600,extended,True,medium,medium,keep
CF:massbank_MSBNK-ACES_SU-AS000926_51_4168,CF,peak_mz,51.4168,MassBank record-derived,positive,Coumarins and derivatives; Hydroxycoumarins; 4-hydroxycoumarins,medium,1,observed,Dicumarol; LC-ESI-QFT; MS2; Ramp 20%-70% (nominal); 30000; [M+H]+,peak_mz:51.4150,extended,True,medium,medium,keep
CF:massbank_MSBNK-ACES_SU-AS000926_60_4969,CF,peak_mz,60.4969,MassBank record-derived,positive,Coumarins and derivatives; Hydroxycoumarins; 4-hydroxycoumarins,medium,1,observed,Dicumarol; LC-ESI-QFT; MS2; Ramp 20%-70% (nominal); 30000; [M+H]+,peak_mz:60.4950,extended,True,medium,medium,keep
CF:massbank_MSBNK-ACES_SU-AS000927_58_146,CF,peak_mz,58.146,MassBank record-derived,positive,Benzene and substituted derivatives; Phenylpropanes; Phenylpropanes,medium,1,observed,Suloctidil; LC-ESI-QFT; MS2; Ramp 20%-70% (nominal); 30000; [M+H]+,peak_mz:58.1450,extended,True,medium,medium,keep
CF:massbank_MSBNK-ACES_SU-AS000928_52_0227,CF,peak_mz,52.0227,MassBank record-derived,positive,Pyridines and derivatives; Hydropyridines; Dihydropyridines,medium,1,observed,Nifedipine; LC-ESI-QFT; MS2; Ramp 20%-70% (nominal); 30000; [M+H]+,peak_mz:52.0250,extended,True,medium,medium,keep
CF:massbank_MSBNK-ACES_SU-AS000928_52_5062,CF,peak_mz,52.5062,MassBank record-derived,positive,Pyridines and derivatives; Hydropyridines; Dihydropyridines,medium,1,observed,Nifedipine; LC-ESI-QFT; MS2; Ramp 20%-70% (nominal); 30000; [M+H]+,peak_mz:52.5050,extended,True,medium,medium,keep
CF:massbank_MSBNK-ACES_SU-AS000928_62_5361,CF,peak_mz,62.5361,MassBank record-derived,positive,Pyridines and derivatives; Hydropyridines; Dihydropyridines,medium,1,observed,Nifedipine; LC-ESI-QFT; MS2; Ramp 20%-70% (nominal); 30000; [M+H]+,peak_mz:62.5350,extended,True,medium,medium,keep
CF:massbank_MSBNK-ACES_SU-AS000929_78_9848,CF,peak_mz,78.9848,MassBank record-derived,positive,Benzene and substituted derivatives; Benzenesulfonyl compounds; Benzenesulfonyl compounds,medium,1,observed,Thiamphenicol; LC-ESI-QFT; MS2; Ramp 20%-70% (nominal); 30000; [M+H]+,peak_mz:78.9850,extended,True,medium,medium,keep
CF:massbank_MSBNK-ACES_SU-AS000929_82_9449,CF,peak_mz,82.9449,MassBank record-derived,positive,Benzene and substituted derivatives; Benzenesulfonyl compounds; Benzenesulfonyl compounds,medium,1,observed,Thiamphenicol; LC-ESI-QFT; MS2; Ramp 20%-70% (nominal); 30000; [M+H]+,peak_mz:82.9450,extended,True,medium,medium,keep
CF:massbank_MSBNK-ACES_SU-AS000932_55_2083,CF,peak_mz,55.2083,MassBank record-derived,positive,Benzothiazines; Phenothiazines; Phenothiazines,medium,1,observed,Thioridazine; LC-ESI-QFT; MS2; Ramp 20%-70% (nominal); 30000; [M+H]+,peak_mz:55.2100,extended,True,medium,medium,keep
CF:massbank_MSBNK-ACES_SU-AS000933_53_5658,CF,peak_mz,53.5658,MassBank record-derived,positive,Benzene and substituted derivatives; Benzylethers; Benzylethers,medium,1,observed,Econazole; LC-ESI-QFT; MS2; Ramp 20%-70% (nominal); 30000; [M+H]+,peak_mz:53.5650,extended,True,medium,medium,keep
CF:massbank_MSBNK-ACES_SU-AS000933_61_3892,CF,peak_mz,61.3892,MassBank record-derived,positive,Benzene and substituted derivatives; Benzylethers; Benzylethers,medium,1,observed,Econazole; LC-ESI-QFT; MS2; Ramp 20%-70% (nominal); 30000; [M+H]+,peak_mz:61.3900,extended,True,medium,medium,keep
CF:massbank_MSBNK-ACES_SU-AS000933_66_7276,CF,peak_mz,66.7276,MassBank record-derived,positive,Benzene and substituted derivatives; Benzylethers; Benzylethers,medium,1,observed,Econazole; LC-ESI-QFT; MS2; Ramp 20%-70% (nominal); 30000; [M+H]+,peak_mz:66.7300,extended,True,medium,medium,keep
CF:massbank_MSBNK-ACES_SU-AS000934_56_96,CF,peak_mz,56.96,MassBank record-derived,positive,Flavonoids; Flavones; Flavones,medium,1,observed,Flavoxate; LC-ESI-QFT; MS2; Ramp 20%-70% (nominal); 30000; [M+H]+,peak_mz:56.9600,extended,True,medium,medium,keep
CF:massbank_MSBNK-ACES_SU-AS000935_60_4283,CF,peak_mz,60.4283,MassBank record-derived,positive,Benzothiazines; Phenothiazines; Phenothiazines,medium,1,observed,Thiethylperazine; LC-ESI-QFT; MS2; Ramp 20%-70% (nominal); 30000; [M+H]+,peak_mz:60.4300,extended,True,medium,medium,keep
CF:massbank_MSBNK-ACES_SU-AS000935_63_0101,CF,peak_mz,63.0101,MassBank record-derived,positive,Benzothiazines; Phenothiazines; Phenothiazines,medium,1,observed,Thiethylperazine; LC-ESI-QFT; MS2; Ramp 20%-70% (nominal); 30000; [M+H]+,peak_mz:63.0100,extended,True,medium,medium,keep
CF:massbank_MSBNK-ACES_SU-AS000936_60_1225,CF,peak_mz,60.1225,MassBank record-derived,positive,Pyridines and derivatives; Hydropyridines; Dihydropyridines,medium,1,observed,Nimodipine; LC-ESI-QFT; MS2; Ramp 20%-70% (nominal); 30000; [M+H]+,peak_mz:60.1200,extended,True,medium,medium,keep
CF:massbank_MSBNK-ACES_SU-AS000936_64_6119,CF,peak_mz,64.6119,MassBank record-derived,positive,Pyridines and derivatives; Hydropyridines; Dihydropyridines,medium,1,observed,Nimodipine; LC-ESI-QFT; MS2; Ramp 20%-70% (nominal); 30000; [M+H]+,peak_mz:64.6100,extended,True,medium,medium,keep
CF:massbank_MSBNK-ACES_SU-AS000937_56_3476,CF,peak_mz,56.3476,MassBank record-derived,positive,Organooxygen compounds; Carbonyl compounds; Ketones,medium,1,observed,Bromperidol; LC-ESI-QFT; MS2; Ramp 20%-70% (nominal); 30000; [M+H]+,peak_mz:56.3500,extended,True,medium,medium,keep
CF:massbank_MSBNK-ACES_SU-AS000937_59_2732,CF,peak_mz,59.2732,MassBank record-derived,positive,Organooxygen compounds; Carbonyl compounds; Ketones,medium,1,observed,Bromperidol; LC-ESI-QFT; MS2; Ramp 20%-70% (nominal); 30000; [M+H]+,peak_mz:59.2750,extended,True,medium,medium,keep
CF:massbank_MSBNK-ACES_SU-AS000937_94_2498,CF,peak_mz,94.2498,MassBank record-derived,positive,Organooxygen compounds; Carbonyl compounds; Ketones,medium,1,observed,Bromperidol; LC-ESI-QFT; MS2; Ramp 20%-70% (nominal); 30000; [M+H]+,peak_mz:94.2500,extended,True,medium,medium,keep
CF:massbank_MSBNK-ACES_SU-AS000938_51_2925,CF,peak_mz,51.2925,MassBank record-derived,positive,Steroids and steroid derivatives; Oxosteroids; Oxosteroids,medium,1,observed,Mifepristone; LC-ESI-QFT; MS2; Ramp 20%-70% (nominal); 30000; [M+H]+,peak_mz:51.2900,extended,True,medium,medium,keep
CF:massbank_MSBNK-ACES_SU-AS000938_60_0615,CF,peak_mz,60.0615,MassBank record-derived,positive,Steroids and steroid derivatives; Oxosteroids; Oxosteroids,medium,1,observed,Mifepristone; LC-ESI-QFT; MS2; Ramp 20%-70% (nominal); 30000; [M+H]+,peak_mz:60.0600,extended,True,medium,medium,keep
CF:massbank_MSBNK-ACES_SU-AS000939_57_6526,CF,peak_mz,57.6526,MassBank record-derived,positive,Lactams; Beta lactams; Cephems,medium,1,observed,Cefazolin; LC-ESI-QFT; MS2; Ramp 20%-70% (nominal); 30000; [M+H]+,peak_mz:57.6550,extended,True,medium,medium,keep
CF:massbank_MSBNK-ACES_SU-AS000940_56_2105,CF,peak_mz,56.2105,MassBank record-derived,positive,Benzene and substituted derivatives; Phenylbutylamines; Phenylbutylamines,medium,1,observed,Verapamil; LC-ESI-QFT; MS2; Ramp 20%-70% (nominal); 30000; [M+H]+,peak_mz:56.2100,extended,True,medium,medium,keep
CF:massbank_MSBNK-ACES_SU-AS000940_63_4677,CF,peak_mz,63.4677,MassBank record-derived,positive,Benzene and substituted derivatives; Phenylbutylamines; Phenylbutylamines,medium,1,observed,Verapamil; LC-ESI-QFT; MS2; Ramp 20%-70% (nominal); 30000; [M+H]+,peak_mz:63.4700,extended,True,medium,medium,keep
CF:massbank_MSBNK-ACES_SU-AS000941_65_1779,CF,peak_mz,65.1779,MassBank record-derived,positive,Benzene and substituted derivatives; Diphenylmethanes; Diphenylmethanes,medium,1,observed,Pimozide; LC-ESI-QFT; MS2; Ramp 20%-70% (nominal); 30000; [M+H]+,peak_mz:65.1800,extended,True,medium,medium,keep
CF:massbank_MSBNK-ACES_SU-AS000943_59_049,CF,peak_mz,59.049,MassBank record-derived,positive,Benzene and substituted derivatives; Diphenylmethanes; Diphenylmethanes,medium,1,observed,Fexofenadine; LC-ESI-QFT; MS2; Ramp 20%-70% (nominal); 30000; [M+H]+,peak_mz:59.0500,extended,True,medium,medium,keep
CF:massbank_MSBNK-ACES_SU-AS000943_61_2233,CF,peak_mz,61.2233,MassBank record-derived,positive,Benzene and substituted derivatives; Diphenylmethanes; Diphenylmethanes,medium,1,observed,Fexofenadine; LC-ESI-QFT; MS2; Ramp 20%-70% (nominal); 30000; [M+H]+,peak_mz:61.2250,extended,True,medium,medium,keep
CF:massbank_MSBNK-ACES_SU-AS000945_51_4769,CF,peak_mz,51.4769,MassBank record-derived,positive,Anthracyclines; None; Anthracyclines,medium,1,observed,Doxorubicin; LC-ESI-QFT; MS2; Ramp 20%-70% (nominal); 30000; [M+H]+,peak_mz:51.4750,extended,True,medium,medium,keep
CF:massbank_MSBNK-ACES_SU-AS000946_59_5861,CF,peak_mz,59.5861,MassBank record-derived,positive,Diazinanes; Piperazines; Pyridinylpiperazines,medium,1,observed,Quipazine; LC-ESI-QFT; MS2; Ramp 20%-70% (nominal); 30000; [M+H]+,peak_mz:59.5850,extended,True,medium,medium,keep
CF:massbank_MSBNK-ACES_SU-AS000946_63_4044,CF,peak_mz,63.4044,MassBank record-derived,positive,Diazinanes; Piperazines; Pyridinylpiperazines,medium,1,observed,Quipazine; LC-ESI-QFT; MS2; Ramp 20%-70% (nominal); 30000; [M+H]+,peak_mz:63.4050,extended,True,medium,medium,keep
CF:massbank_MSBNK-ACES_SU-AS000947_68_0369,CF,peak_mz,68.0369,MassBank record-derived,positive,Azoles; Thiazoles; Nitrothiazoles,medium,1,observed,Niridazole; LC-ESI-QFT; MS2; Ramp 20%-70% (nominal); 30000; [M+H]+,peak_mz:68.0350,extended,True,medium,medium,keep
CF:massbank_MSBNK-ACES_SU-AS000948_51_4206,CF,peak_mz,51.4206,MassBank record-derived,positive,Benzene and substituted derivatives; Phenethylamines; Amphetamines and derivatives,medium,1,observed,Methyldopate; LC-ESI-QFT; MS2; Ramp 20%-70% (nominal); 30000; [M+H]+,peak_mz:51.4200,extended,True,medium,medium,keep
CF:massbank_MSBNK-ACES_SU-AS000948_55_1736,CF,peak_mz,55.1736,MassBank record-derived,positive,Benzene and substituted derivatives; Phenethylamines; Amphetamines and derivatives,medium,1,observed,Methyldopate; LC-ESI-QFT; MS2; Ramp 20%-70% (nominal); 30000; [M+H]+,peak_mz:55.1750,extended,True,medium,medium,keep
CF:massbank_MSBNK-ACES_SU-AS000949_52_1328,CF,peak_mz,52.1328,MassBank record-derived,positive,Benzene and substituted derivatives; Phenylmethylamines; Phenylmethylamines,medium,1,observed,Bretylium; LC-ESI-QFT; MS2; Ramp 20%-70% (nominal); 30000; [M]+,peak_mz:52.1350,extended,True,medium,medium,keep
CF:massbank_MSBNK-ACES_SU-AS000949_53_9034,CF,peak_mz,53.9034,MassBank record-derived,positive,Benzene and substituted derivatives; Phenylmethylamines; Phenylmethylamines,medium,1,observed,Bretylium; LC-ESI-QFT; MS2; Ramp 20%-70% (nominal); 30000; [M]+,peak_mz:53.9050,extended,True,medium,medium,keep
CF:massbank_MSBNK-ACES_SU-AS000949_55_727,CF,peak_mz,55.727,MassBank record-derived,positive,Benzene and substituted derivatives; Phenylmethylamines; Phenylmethylamines,medium,1,observed,Bretylium; LC-ESI-QFT; MS2; Ramp 20%-70% (nominal); 30000; [M]+,peak_mz:55.7250,extended,True,medium,medium,keep
CF:massbank_MSBNK-ACES_SU-AS000950_51_1043,CF,peak_mz,51.1043,MassBank record-derived,positive,Benzene and substituted derivatives; Styrenes; Styrenes,medium,1,observed,Triprolidine; LC-ESI-QFT; MS2; Ramp 20%-70% (nominal); 30000; [M+H]+,peak_mz:51.1050,extended,True,medium,medium,keep
CF:massbank_MSBNK-ACES_SU-AS000950_69_0363,CF,peak_mz,69.0363,MassBank record-derived,positive,Benzene and substituted derivatives; Styrenes; Styrenes,medium,1,observed,Triprolidine; LC-ESI-QFT; MS2; Ramp 20%-70% (nominal); 30000; [M+H]+,peak_mz:69.0350,extended,True,medium,medium,keep
CF:massbank_MSBNK-ACES_SU-AS000950_79_163,CF,peak_mz,79.163,MassBank record-derived,positive,Benzene and substituted derivatives; Styrenes; Styrenes,medium,1,observed,Triprolidine; LC-ESI-QFT; MS2; Ramp 20%-70% (nominal); 30000; [M+H]+,peak_mz:79.1650,extended,True,medium,medium,keep
CF:massbank_MSBNK-ACES_SU-AS000951_54_6616,CF,peak_mz,54.6616,MassBank record-derived,positive,Benzene and substituted derivatives; Benzoic acids and derivatives; Benzoic acid esters,medium,1,observed,Proparacaine; LC-ESI-QFT; MS2; Ramp 20%-70% (nominal); 30000; [M+H]+,peak_mz:54.6600,extended,True,medium,medium,keep
CF:massbank_MSBNK-ACES_SU-AS000951_56_1435,CF,peak_mz,56.1435,MassBank record-derived,positive,Benzene and substituted derivatives; Benzoic acids and derivatives; Benzoic acid esters,medium,1,observed,Proparacaine; LC-ESI-QFT; MS2; Ramp 20%-70% (nominal); 30000; [M+H]+,peak_mz:56.1450,extended,True,medium,medium,keep
CF:massbank_MSBNK-ACES_SU-AS000951_64_0677,CF,peak_mz,64.0677,MassBank record-derived,positive,Benzene and substituted derivatives; Benzoic acids and derivatives; Benzoic acid esters,medium,1,observed,Proparacaine; LC-ESI-QFT; MS2; Ramp 20%-70% (nominal); 30000; [M+H]+,peak_mz:64.0700,extended,True,medium,medium,keep
CF:massbank_MSBNK-ACES_SU-AS000952_51_319,CF,peak_mz,51.319,MassBank record-derived,positive,"Carboxylic acids and derivatives; Amino acids, peptides, and analogues; Amino acids and derivatives",medium,1,observed,Tazobactam; LC-ESI-QFT; MS2; Ramp 20%-70% (nominal); 30000; [M+H]+,peak_mz:51.3200,extended,True,medium,medium,keep
CF:massbank_MSBNK-ACES_SU-AS000953_52_0685,CF,peak_mz,52.0685,MassBank record-derived,positive,Azoles; Pyrazoles; Phenylpyrazoles,medium,1,observed,Sulfaphenazole; LC-ESI-QFT; MS2; Ramp 20%-70% (nominal); 30000; [M+H]+,peak_mz:52.0700,extended,True,medium,medium,keep
CF:massbank_MSBNK-ACES_SU-AS000953_56_0349,CF,peak_mz,56.0349,MassBank record-derived,positive,Azoles; Pyrazoles; Phenylpyrazoles,medium,1,observed,Sulfaphenazole; LC-ESI-QFT; MS2; Ramp 20%-70% (nominal); 30000; [M+H]+,peak_mz:56.0350,extended,True,medium,medium,keep
CF:massbank_MSBNK-ACES_SU-AS000954_50_1722,CF,peak_mz,50.1722,MassBank record-derived,positive,Benzene and substituted derivatives; Nitrobenzenes; Nitrobenzenes,medium,1,observed,Nitrocaramiphen; LC-ESI-QFT; MS2; Ramp 20%-70% (nominal); 30000; [M+H]+,peak_mz:50.1700,extended,True,medium,medium,keep
CF:massbank_MSBNK-ACES_SU-AS000954_51_0198,CF,peak_mz,51.0198,MassBank record-derived,positive,Benzene and substituted derivatives; Nitrobenzenes; Nitrobenzenes,medium,1,observed,Nitrocaramiphen; LC-ESI-QFT; MS2; Ramp 20%-70% (nominal); 30000; [M+H]+,peak_mz:51.0200,extended,True,medium,medium,keep
CF:massbank_MSBNK-ACES_SU-AS000954_53_6513,CF,peak_mz,53.6513,MassBank record-derived,positive,Benzene and substituted derivatives; Nitrobenzenes; Nitrobenzenes,medium,1,observed,Nitrocaramiphen; LC-ESI-QFT; MS2; Ramp 20%-70% (nominal); 30000; [M+H]+,peak_mz:53.6500,extended,True,medium,medium,keep
CF:massbank_MSBNK-ACES_SU-AS000955_54_6064,CF,peak_mz,54.6064,MassBank record-derived,positive,Stilbenes; None; Stilbenes,medium,1,observed,Levopropoxyphene; LC-ESI-QFT; MS2; Ramp 20%-70% (nominal); 30000; [M+H]+,peak_mz:54.6050,extended,True,medium,medium,keep
CF:massbank_MSBNK-ACES_SU-AS000955_58_6558,CF,peak_mz,58.6558,MassBank record-derived,positive,Stilbenes; None; Stilbenes,medium,1,observed,Levopropoxyphene; LC-ESI-QFT; MS2; Ramp 20%-70% (nominal); 30000; [M+H]+,peak_mz:58.6550,extended,True,medium,medium,keep
CF:massbank_MSBNK-ACES_SU-AS000956_63_9576,CF,peak_mz,63.9576,MassBank record-derived,positive,Benzene and substituted derivatives; Benzoic acids and derivatives; Hydroxybenzoic acid derivatives,medium,1,observed,Eticlopride; LC-ESI-QFT; MS2; Ramp 20%-70% (nominal); 30000; [M+H]+,peak_mz:63.9600,extended,True,medium,medium,keep
CF:massbank_MSBNK-ACES_SU-AS000957_50_8836,CF,peak_mz,50.8836,MassBank record-derived,positive,Coumarins and derivatives; Hydroxycoumarins; 4-hydroxycoumarins,medium,1,observed,Acenocoumarol; LC-ESI-QFT; MS2; Ramp 20%-70% (nominal); 30000; [M+H]+,peak_mz:50.8850,extended,True,medium,medium,keep
CF:massbank_MSBNK-ACES_SU-AS000957_63_3586,CF,peak_mz,63.3586,MassBank record-derived,positive,Coumarins and derivatives; Hydroxycoumarins; 4-hydroxycoumarins,medium,1,observed,Acenocoumarol; LC-ESI-QFT; MS2; Ramp 20%-70% (nominal); 30000; [M+H]+,peak_mz:63.3600,extended,True,medium,medium,keep
CF:massbank_MSBNK-ACES_SU-AS000959_56_4009,CF,peak_mz,56.4009,MassBank record-derived,positive,Azoles; Pyrazoles; Pyrazoles,medium,1,observed,Fomepizole; LC-ESI-QFT; MS2; Ramp 20%-70% (nominal); 30000; [M+H]+,peak_mz:56.4000,extended,True,medium,medium,keep
CF:massbank_MSBNK-ACES_SU-AS000960_51_4339,CF,peak_mz,51.4339,MassBank record-derived,positive,Organooxygen compounds; Ethers; Acetals,medium,1,observed,Guanadrel; LC-ESI-QFT; MS2; Ramp 20%-70% (nominal); 30000; [M+H]+,peak_mz:51.4350,extended,True,medium,medium,keep
CF:massbank_MSBNK-ACES_SU-AS000960_54_7442,CF,peak_mz,54.7442,MassBank record-derived,positive,Organooxygen compounds; Ethers; Acetals,medium,1,observed,Guanadrel; LC-ESI-QFT; MS2; Ramp 20%-70% (nominal); 30000; [M+H]+,peak_mz:54.7450,extended,True,medium,medium,keep
CF:massbank_MSBNK-ACES_SU-AS000962_51_018,CF,peak_mz,51.018,MassBank record-derived,positive,Phenol ethers; Anisoles; Anisoles,medium,1,observed,Mefexamide; LC-ESI-QFT; MS2; Ramp 20%-70% (nominal); 30000; [M+H]+,peak_mz:51.0200,extended,True,medium,medium,keep
CF:massbank_MSBNK-ACES_SU-AS000962_63_3305,CF,peak_mz,63.3305,MassBank record-derived,positive,Phenol ethers; Anisoles; Anisoles,medium,1,observed,Mefexamide; LC-ESI-QFT; MS2; Ramp 20%-70% (nominal); 30000; [M+H]+,peak_mz:63.3300,extended,True,medium,medium,keep
CF:massbank_MSBNK-ACES_SU-AS000963_64_9542,CF,peak_mz,64.9542,MassBank record-derived,positive,Benzene and substituted derivatives; Phenethylamines; Phenethylamines,medium,1,observed,Ritodrine; LC-ESI-QFT; MS2; Ramp 20%-70% (nominal); 30000; [M+H]+,peak_mz:64.9550,extended,True,medium,medium,keep
CF:massbank_MSBNK-ACES_SU-AS000963_68_7815,CF,peak_mz,68.7815,MassBank record-derived,positive,Benzene and substituted derivatives; Phenethylamines; Phenethylamines,medium,1,observed,Ritodrine; LC-ESI-QFT; MS2; Ramp 20%-70% (nominal); 30000; [M+H]+,peak_mz:68.7800,extended,True,medium,medium,keep
CF:massbank_MSBNK-ACES_SU-AS000964_53_1282,CF,peak_mz,53.1282,MassBank record-derived,positive,Oxazinanes; Morpholines; Morpholine carboxylic acids and derivatives,medium,1,observed,Xamoterol; LC-ESI-QFT; MS2; Ramp 20%-70% (nominal); 30000; [M+H]+,peak_mz:53.1300,extended,True,medium,medium,keep
CF:massbank_MSBNK-ACES_SU-AS000965_63_6721,CF,peak_mz,63.6721,MassBank record-derived,positive,Benzene and substituted derivatives; Phenylbutylamines; Phenylbutylamines,medium,1,observed,Butoconazole; LC-ESI-QFT; MS2; Ramp 20%-70% (nominal); 30000; [M+H]+,peak_mz:63.6700,extended,True,medium,medium,keep
CF:massbank_MSBNK-ACES_SU-AS000965_78_6082,CF,peak_mz,78.6082,MassBank record-derived,positive,Benzene and substituted derivatives; Phenylbutylamines; Phenylbutylamines,medium,1,observed,Butoconazole; LC-ESI-QFT; MS2; Ramp 20%-70% (nominal); 30000; [M+H]+,peak_mz:78.6100,extended,True,medium,medium,keep
NL:massbank_MSBNK-ACES_SU-AS000966,NL,mass_diff,3.0046,MassBank record-derived,positive,Organooxygen compounds; Carbonyl compounds; Ketones,medium,1,observed,Benzbromarone; LC-ESI-QFT; MS2; Ramp 20%-70% (nominal); 30000; [M+H]+,mass_diff:3.0050,extended,True,medium,medium,keep
CF:massbank_MSBNK-ACES_SU-AS000966_73_3618,CF,peak_mz,73.3618,MassBank record-derived,positive,Organooxygen compounds; Carbonyl compounds; Ketones,medium,1,observed,Benzbromarone; LC-ESI-QFT; MS2; Ramp 20%-70% (nominal); 30000; [M+H]+,peak_mz:73.3600,extended,True,medium,medium,keep
CF:massbank_MSBNK-ACES_SU-AS000966_79_4359,CF,peak_mz,79.4359,MassBank record-derived,positive,Organooxygen compounds; Carbonyl compounds; Ketones,medium,1,observed,Benzbromarone; LC-ESI-QFT; MS2; Ramp 20%-70% (nominal); 30000; [M+H]+,peak_mz:79.4350,extended,True,medium,medium,keep
CF:massbank_MSBNK-ACES_SU-AS000967_57_1657,CF,peak_mz,57.1657,MassBank record-derived,positive,"Steroids and steroid derivatives; Pregnane steroids; Gluco/mineralocorticoids, progestogins and derivatives",medium,1,observed,Diflorasone diacetate; LC-ESI-QFT; MS2; Ramp 20%-70% (nominal); 30000; [M+H]+,peak_mz:57.1650,extended,True,medium,medium,keep
CF:massbank_MSBNK-ACES_SU-AS000967_61_6911,CF,peak_mz,61.6911,MassBank record-derived,positive,"Steroids and steroid derivatives; Pregnane steroids; Gluco/mineralocorticoids, progestogins and derivatives",medium,1,observed,Diflorasone diacetate; LC-ESI-QFT; MS2; Ramp 20%-70% (nominal); 30000; [M+H]+,peak_mz:61.6900,extended,True,medium,medium,keep
CF:massbank_MSBNK-ACES_SU-AS000968_52_6228,CF,peak_mz,52.6228,MassBank record-derived,positive,Phenanthrenes and derivatives; None; Phenanthrenes and derivatives,medium,1,observed,Halofantrine; LC-ESI-QFT; MS2; Ramp 20%-70% (nominal); 30000; [M+H-H2O]+,peak_mz:52.6250,extended,True,medium,medium,keep
CF:massbank_MSBNK-ACES_SU-AS000968_55_3912,CF,peak_mz,55.3912,MassBank record-derived,positive,Phenanthrenes and derivatives; None; Phenanthrenes and derivatives,medium,1,observed,Halofantrine; LC-ESI-QFT; MS2; Ramp 20%-70% (nominal); 30000; [M+H-H2O]+,peak_mz:55.3900,extended,True,medium,medium,keep
CF:massbank_MSBNK-ACES_SU-AS000968_55_4325,CF,peak_mz,55.4325,MassBank record-derived,positive,Phenanthrenes and derivatives; None; Phenanthrenes and derivatives,medium,1,observed,Halofantrine; LC-ESI-QFT; MS2; Ramp 20%-70% (nominal); 30000; [M+H-H2O]+,peak_mz:55.4300,extended,True,medium,medium,keep
CF:massbank_MSBNK-ACES_SU-AS000969_425_1757,CF,peak_mz,425.1757,MassBank record-derived,positive,Tetrapyrroles and derivatives; Chlorins; Chlorins,medium,1,observed,Verteporfin; LC-ESI-QFT; MS2; Ramp 20%-70% (nominal); 30000; [M+H]+,peak_mz:425.1750,extended,True,medium,medium,keep
CF:massbank_MSBNK-ACES_SU-AS000969_439_1876,CF,peak_mz,439.1876,MassBank record-derived,positive,Tetrapyrroles and derivatives; Chlorins; Chlorins,medium,1,observed,Verteporfin; LC-ESI-QFT; MS2; Ramp 20%-70% (nominal); 30000; [M+H]+,peak_mz:439.1900,extended,True,medium,medium,keep
CF:massbank_MSBNK-ACES_SU-AS000969_440_1973,CF,peak_mz,440.1973,MassBank record-derived,positive,Tetrapyrroles and derivatives; Chlorins; Chlorins,medium,1,observed,Verteporfin; LC-ESI-QFT; MS2; Ramp 20%-70% (nominal); 30000; [M+H]+,peak_mz:440.1950,extended,True,medium,medium,keep
CF:massbank_MSBNK-ACES_SU-AS000970_59_0601,CF,peak_mz,59.0601,MassBank record-derived,positive,Pyridines and derivatives; Pyridinecarboxylic acids and derivatives; Pyridinecarboxylic acids and derivatives,medium,1,observed,Iproniazide; LC-ESI-QFT; MS2; Ramp 20%-70% (nominal); 30000; [M+H]+,peak_mz:59.0600,extended,True,medium,medium,keep
CF:massbank_MSBNK-ACES_SU-AS000971_54_0418,CF,peak_mz,54.0418,MassBank record-derived,positive,Benzene and substituted derivatives; Benzenesulfonamides; Benzenesulfonamides,medium,1,observed,Mafenide; LC-ESI-QFT; MS2; Ramp 20%-70% (nominal); 30000; [M+H]+,peak_mz:54.0400,extended,True,medium,medium,keep
CF:massbank_MSBNK-ACES_SU-AS000973_50_6478,CF,peak_mz,50.6478,MassBank record-derived,positive,Tetralins; None; Tetralins,medium,1,observed,Tetrahydrozoline; LC-ESI-QFT; MS2; Ramp 20%-70% (nominal); 30000; [M+H]+,peak_mz:50.6500,extended,True,medium,medium,keep
CF:massbank_MSBNK-ACES_SU-AS000973_53_1157,CF,peak_mz,53.1157,MassBank record-derived,positive,Tetralins; None; Tetralins,medium,1,observed,Tetrahydrozoline; LC-ESI-QFT; MS2; Ramp 20%-70% (nominal); 30000; [M+H]+,peak_mz:53.1150,extended,True,medium,medium,keep
CF:massbank_MSBNK-ACES_SU-AS000973_56_6819,CF,peak_mz,56.6819,MassBank record-derived,positive,Tetralins; None; Tetralins,medium,1,observed,Tetrahydrozoline; LC-ESI-QFT; MS2; Ramp 20%-70% (nominal); 30000; [M+H]+,peak_mz:56.6800,extended,True,medium,medium,keep
CF:massbank_MSBNK-ACES_SU-AS000975_51_948,CF,peak_mz,51.948,MassBank record-derived,positive,Organonitrogen compounds; Guanidines; Biguanides,medium,1,observed,Proguanil; LC-ESI-QFT; MS2; Ramp 20%-70% (nominal); 30000; [M+H]+,peak_mz:51.9500,extended,True,medium,medium,keep
CF:massbank_MSBNK-ACES_SU-AS000977_58_9948,CF,peak_mz,58.9948,MassBank record-derived,positive,Thiochromanes; None; Thiochromanes,medium,1,observed,Meticrane; LC-ESI-QFT; MS2; Ramp 20%-70% (nominal); 30000; [M+H]+,peak_mz:58.9950,extended,True,medium,medium,keep
CF:massbank_MSBNK-ACES_SU-AS000978_50_3197,CF,peak_mz,50.3197,MassBank record-derived,positive,Prenol lipids; Monoterpenoids; Aromatic monoterpenoids,medium,1,observed,Moxisylyte; LC-ESI-QFT; MS2; Ramp 20%-70% (nominal); 30000; [M+H]+,peak_mz:50.3200,extended,True,medium,medium,keep
CF:massbank_MSBNK-ACES_SU-AS000978_52_5601,CF,peak_mz,52.5601,MassBank record-derived,positive,Prenol lipids; Monoterpenoids; Aromatic monoterpenoids,medium,1,observed,Moxisylyte; LC-ESI-QFT; MS2; Ramp 20%-70% (nominal); 30000; [M+H]+,peak_mz:52.5600,extended,True,medium,medium,keep
CF:massbank_MSBNK-ACES_SU-AS000979_51_3578,CF,peak_mz,51.3578,MassBank record-derived,positive,Tetralins; None; Tetralins,medium,1,observed,(+)-Levobunolol; LC-ESI-QFT; MS2; Ramp 20%-70% (nominal); 30000; [M+H]+,peak_mz:51.3600,extended,True,medium,medium,keep
NL:massbank_MSBNK-ACES_SU-AS000980,NL,mass_diff,17.004,MassBank record-derived,positive,Benzene and substituted derivatives; Diphenylmethanes; Diphenylmethanes,medium,1,observed,Diphenidol; LC-ESI-QFT; MS2; Ramp 20%-70% (nominal); 30000; [M+H-H2O]+,mass_diff:17.0050,extended,True,medium,medium,keep
CF:massbank_MSBNK-ACES_SU-AS000980_74_6847,CF,peak_mz,74.6847,MassBank record-derived,positive,Benzene and substituted derivatives; Diphenylmethanes; Diphenylmethanes,medium,1,observed,Diphenidol; LC-ESI-QFT; MS2; Ramp 20%-70% (nominal); 30000; [M+H-H2O]+,peak_mz:74.6850,extended,True,medium,medium,keep
CF:massbank_MSBNK-ACES_SU-AS000981_67_951,CF,peak_mz,67.951,MassBank record-derived,positive,Benzene and substituted derivatives; Diphenylmethanes; Diphenylmethanes,medium,1,observed,Diphenidol; LC-ESI-QFT; MS2; Ramp 20%-70% (nominal); 30000; [M+H]+,peak_mz:67.9500,extended,True,medium,medium,keep
CF:massbank_MSBNK-ACES_SU-AS000982_62_3593,CF,peak_mz,62.3593,MassBank record-derived,positive,"Carboxylic acids and derivatives; Amino acids, peptides, and analogues; Peptides",medium,1,observed,Phenethicillin; LC-ESI-QFT; MS2; Ramp 20%-70% (nominal); 30000; [M+H]+,peak_mz:62.3600,extended,True,medium,medium,keep
CF:massbank_MSBNK-ACES_SU-AS000983_53_9742,CF,peak_mz,53.9742,MassBank record-derived,positive,Pyridines and derivatives; Hydropyridines; Dihydropyridines,medium,1,observed,Nisoldipine; LC-ESI-QFT; MS2; Ramp 20%-70% (nominal); 30000; [M+H]+,peak_mz:53.9750,extended,True,medium,medium,keep
CF:massbank_MSBNK-ACES_SU-AS000983_63_3955,CF,peak_mz,63.3955,MassBank record-derived,positive,Pyridines and derivatives; Hydropyridines; Dihydropyridines,medium,1,observed,Nisoldipine; LC-ESI-QFT; MS2; Ramp 20%-70% (nominal); 30000; [M+H]+,peak_mz:63.3950,extended,True,medium,medium,keep
CF:massbank_MSBNK-ACES_SU-AS000984_50_4984,CF,peak_mz,50.4984,MassBank record-derived,positive,"Steroids and steroid derivatives; Pregnane steroids; Gluco/mineralocorticoids, progestogins and derivatives",medium,1,observed,Halcinonide; LC-ESI-QFT; MS2; Ramp 20%-70% (nominal); 30000; [M+H]+,peak_mz:50.5000,extended,True,medium,medium,keep
CF:massbank_MSBNK-ACES_SU-AS000985_78_4641,CF,peak_mz,78.4641,MassBank record-derived,positive,Benzene and substituted derivatives; Benzoic acids and derivatives; Benzoic acids and derivatives,medium,1,observed,Benfotiamine; LC-ESI-QFT; MS2; Ramp 20%-70% (nominal); 30000; [M+H]+,peak_mz:78.4650,extended,True,medium,medium,keep
CF:massbank_MSBNK-ACES_SU-AS000986_58_1998,CF,peak_mz,58.1998,MassBank record-derived,positive,Piperidines; None; Piperidines,medium,1,observed,Pempidine; LC-ESI-QFT; MS2; Ramp 20%-70% (nominal); 30000; [M+H]+,peak_mz:58.2000,extended,True,medium,medium,keep
CF:massbank_MSBNK-ACES_SU-AS000987_56_6018,CF,peak_mz,56.6018,MassBank record-derived,positive,Phenols; Benzenediols; Catechols,medium,1,observed,(-)-Isoproterenol; LC-ESI-QFT; MS2; Ramp 20%-70% (nominal); 30000; [M+H]+,peak_mz:56.6000,extended,True,medium,medium,keep
CF:massbank_MSBNK-ACES_SU-AS000987_60_1729,CF,peak_mz,60.1729,MassBank record-derived,positive,Phenols; Benzenediols; Catechols,medium,1,observed,(-)-Isoproterenol; LC-ESI-QFT; MS2; Ramp 20%-70% (nominal); 30000; [M+H]+,peak_mz:60.1750,extended,True,medium,medium,keep
CF:massbank_MSBNK-ACES_SU-AS000988_82_4385,CF,peak_mz,82.4385,MassBank record-derived,positive,Organooxygen compounds; Carbonyl compounds; Ketones,medium,1,observed,Tolmetin; LC-ESI-QFT; MS2; Ramp 20%-70% (nominal); 30000; [M+H]+,peak_mz:82.4400,extended,True,medium,medium,keep
CF:massbank_MSBNK-ACES_SU-AS000989_64_567,CF,peak_mz,64.567,MassBank record-derived,positive,Imidazopyrimidines; Purines and purine derivatives; Xanthines,medium,1,observed,Doxofylline; LC-ESI-QFT; MS2; Ramp 20%-70% (nominal); 30000; [M+H]+,peak_mz:64.5650,extended,True,medium,medium,keep
CF:massbank_MSBNK-ACES_SU-AS000989_65_6197,CF,peak_mz,65.6197,MassBank record-derived,positive,Imidazopyrimidines; Purines and purine derivatives; Xanthines,medium,1,observed,Doxofylline; LC-ESI-QFT; MS2; Ramp 20%-70% (nominal); 30000; [M+H]+,peak_mz:65.6200,extended,True,medium,medium,keep
CF:massbank_MSBNK-ACES_SU-AS000990_55_0711,CF,peak_mz,55.0711,MassBank record-derived,positive,Tropane alkaloids; None; Tropane alkaloids,medium,1,observed,Homatropine; LC-ESI-QFT; MS2; Ramp 20%-70% (nominal); 30000; [M+H]+,peak_mz:55.0700,extended,True,medium,medium,keep
CF:massbank_MSBNK-ACES_SU-AS000991_55_9149,CF,peak_mz,55.9149,MassBank record-derived,positive,Indoles and derivatives; N-alkylindoles; N-alkylindoles,medium,1,observed,Mebhydroline; LC-ESI-QFT; MS2; Ramp 20%-70% (nominal); 30000; [M+H]+,peak_mz:55.9150,extended,True,medium,medium,keep
CF:massbank_MSBNK-ACES_SU-AS000991_58_3736,CF,peak_mz,58.3736,MassBank record-derived,positive,Indoles and derivatives; N-alkylindoles; N-alkylindoles,medium,1,observed,Mebhydroline; LC-ESI-QFT; MS2; Ramp 20%-70% (nominal); 30000; [M+H]+,peak_mz:58.3750,extended,True,medium,medium,keep
CF:massbank_MSBNK-ACES_SU-AS000991_72_5873,CF,peak_mz,72.5873,MassBank record-derived,positive,Indoles and derivatives; N-alkylindoles; N-alkylindoles,medium,1,observed,Mebhydroline; LC-ESI-QFT; MS2; Ramp 20%-70% (nominal); 30000; [M+H]+,peak_mz:72.5850,extended,True,medium,medium,keep
CF:massbank_MSBNK-ACES_SU-AS000992_71_0682,CF,peak_mz,71.0682,MassBank record-derived,positive,"Benzodiazepines; 1,4-benzodiazepines; 1,4-benzodiazepines",medium,1,observed,Pirenzepine; LC-ESI-QFT; MS2; Ramp 20%-70% (nominal); 30000; [M+H]+,peak_mz:71.0700,extended,True,medium,medium,keep
CF:massbank_MSBNK-ACES_SU-AS000992_81_2981,CF,peak_mz,81.2981,MassBank record-derived,positive,"Benzodiazepines; 1,4-benzodiazepines; 1,4-benzodiazepines",medium,1,observed,Pirenzepine; LC-ESI-QFT; MS2; Ramp 20%-70% (nominal); 30000; [M+H]+,peak_mz:81.3000,extended,True,medium,medium,keep
CF:massbank_MSBNK-ACES_SU-AS000993_51_8311,CF,peak_mz,51.8311,MassBank record-derived,positive,Benzene and substituted derivatives; Phenylbutylamines; Phenylbutylamines,medium,1,observed,Ibutilide; LC-ESI-QFT; MS2; Ramp 20%-70% (nominal); 30000; [M+H]+,peak_mz:51.8300,extended,True,medium,medium,keep
CF:massbank_MSBNK-ACES_SU-AS000993_53_8092,CF,peak_mz,53.8092,MassBank record-derived,positive,Benzene and substituted derivatives; Phenylbutylamines; Phenylbutylamines,medium,1,observed,Ibutilide; LC-ESI-QFT; MS2; Ramp 20%-70% (nominal); 30000; [M+H]+,peak_mz:53.8100,extended,True,medium,medium,keep
CF:massbank_MSBNK-ACES_SU-AS000994_90_034,CF,peak_mz,90.034,MassBank record-derived,positive,Organooxygen compounds; Carbonyl compounds; Ketones,medium,1,observed,Ketanserin; LC-ESI-QFT; MS2; Ramp 20%-70% (nominal); 30000; [M+H]+,peak_mz:90.0350,extended,True,medium,medium,keep
CF:massbank_MSBNK-ACES_SU-AS000994_136_227,CF,peak_mz,136.227,MassBank record-derived,positive,Organooxygen compounds; Carbonyl compounds; Ketones,medium,1,observed,Ketanserin; LC-ESI-QFT; MS2; Ramp 20%-70% (nominal); 30000; [M+H]+,peak_mz:136.2250,extended,True,medium,medium,keep
CF:massbank_MSBNK-ACES_SU-AS000994_145_0393,CF,peak_mz,145.0393,MassBank record-derived,positive,Organooxygen compounds; Carbonyl compounds; Ketones,medium,1,observed,Ketanserin; LC-ESI-QFT; MS2; Ramp 20%-70% (nominal); 30000; [M+H]+,peak_mz:145.0400,extended,True,medium,medium,keep
CF:massbank_MSBNK-ACES_SU-AS000996_58_3279,CF,peak_mz,58.3279,MassBank record-derived,positive,"Steroids and steroid derivatives; Pregnane steroids; Gluco/mineralocorticoids, progestogins and derivatives",medium,1,observed,Mometasone furoate; LC-ESI-QFT; MS2; Ramp 20%-70% (nominal); 30000; [M+H]+,peak_mz:58.3300,extended,True,medium,medium,keep
CF:massbank_MSBNK-ACES_SU-AS000996_60_1264,CF,peak_mz,60.1264,MassBank record-derived,positive,"Steroids and steroid derivatives; Pregnane steroids; Gluco/mineralocorticoids, progestogins and derivatives",medium,1,observed,Mometasone furoate; LC-ESI-QFT; MS2; Ramp 20%-70% (nominal); 30000; [M+H]+,peak_mz:60.1250,extended,True,medium,medium,keep
CF:massbank_MSBNK-ACES_SU-AS000996_62_5168,CF,peak_mz,62.5168,MassBank record-derived,positive,"Steroids and steroid derivatives; Pregnane steroids; Gluco/mineralocorticoids, progestogins and derivatives",medium,1,observed,Mometasone furoate; LC-ESI-QFT; MS2; Ramp 20%-70% (nominal); 30000; [M+H]+,peak_mz:62.5150,extended,True,medium,medium,keep
CF:massbank_MSBNK-ACES_SU-AS000997_63_2748,CF,peak_mz,63.2748,MassBank record-derived,positive,Ergoline and derivatives; Lysergic acids and derivatives; Lysergamides,medium,1,observed,Bromocriptine; LC-ESI-QFT; MS2; Ramp 20%-70% (nominal); 30000; [M+H]+,peak_mz:63.2750,extended,True,medium,medium,keep
CF:massbank_MSBNK-ACES_SU-AS000997_72_8475,CF,peak_mz,72.8475,MassBank record-derived,positive,Ergoline and derivatives; Lysergic acids and derivatives; Lysergamides,medium,1,observed,Bromocriptine; LC-ESI-QFT; MS2; Ramp 20%-70% (nominal); 30000; [M+H]+,peak_mz:72.8450,extended,True,medium,medium,keep
CF:massbank_MSBNK-ACES_SU-AS000998_54_8098,CF,peak_mz,54.8098,MassBank record-derived,positive,Organonitrogen compounds; Amines; Aralkylamines,medium,1,observed,Tranylcypromine; LC-ESI-QFT; MS2; Ramp 20%-70% (nominal); 30000; [M+H]+,peak_mz:54.8100,extended,True,medium,medium,keep
CF:massbank_MSBNK-ACES_SU-AS001000_52_9768,CF,peak_mz,52.9768,MassBank record-derived,positive,Organonitrogen compounds; Amines; Secondary amines,medium,1,observed,Isometheptene; LC-ESI-QFT; MS2; Ramp 20%-70% (nominal); 30000; [M+H]+,peak_mz:52.9750,extended,True,medium,medium,keep
CF:massbank_MSBNK-ACES_SU-AS001002_50_3876,CF,peak_mz,50.3876,MassBank record-derived,positive,Benzene and substituted derivatives; Styrenes; Styrenes,medium,1,observed,Oxantel; LC-ESI-QFT; MS2; Ramp 20%-70% (nominal); 30000; [M+H]+,peak_mz:50.3900,extended,True,medium,medium,keep
CF:massbank_MSBNK-ACES_SU-AS001002_58_0262,CF,peak_mz,58.0262,MassBank record-derived,positive,Benzene and substituted derivatives; Styrenes; Styrenes,medium,1,observed,Oxantel; LC-ESI-QFT; MS2; Ramp 20%-70% (nominal); 30000; [M+H]+,peak_mz:58.0250,extended,True,medium,medium,keep
CF:massbank_MSBNK-ACES_SU-AS001004_58_247,CF,peak_mz,58.247,MassBank record-derived,positive,"Pyridopyrimidines; Pyrido[2,3-d]pyrimidines; Pyrido[2,3-d]pyrimidines",medium,1,observed,Piromidic acid; LC-ESI-QFT; MS2; Ramp 20%-70% (nominal); 30000; [M+H]+,peak_mz:58.2450,extended,True,medium,medium,keep
CF:massbank_MSBNK-ACES_SU-AS001004_84_4583,CF,peak_mz,84.4583,MassBank record-derived,positive,"Pyridopyrimidines; Pyrido[2,3-d]pyrimidines; Pyrido[2,3-d]pyrimidines",medium,1,observed,Piromidic acid; LC-ESI-QFT; MS2; Ramp 20%-70% (nominal); 30000; [M+H]+,peak_mz:84.4600,extended,True,medium,medium,keep
CF:massbank_MSBNK-ACES_SU-AS001005_52_2377,CF,peak_mz,52.2377,MassBank record-derived,positive,Benzothiepins; Dibenzothiepins; Dibenzothiepins,medium,1,observed,Dosulepin; LC-ESI-QFT; MS2; Ramp 20%-70% (nominal); 30000; [M+H]+,peak_mz:52.2400,extended,True,medium,medium,keep
CF:massbank_MSBNK-ACES_SU-AS001005_64_7671,CF,peak_mz,64.7671,MassBank record-derived,positive,Benzothiepins; Dibenzothiepins; Dibenzothiepins,medium,1,observed,Dosulepin; LC-ESI-QFT; MS2; Ramp 20%-70% (nominal); 30000; [M+H]+,peak_mz:64.7650,extended,True,medium,medium,keep
CF:massbank_MSBNK-ACES_SU-AS001006_58_2206,CF,peak_mz,58.2206,MassBank record-derived,positive,Benzene and substituted derivatives; Diphenylmethanes; Diphenylmethanes,medium,1,observed,Prenylamine; LC-ESI-QFT; MS2; Ramp 20%-70% (nominal); 30000; [M+H]+,peak_mz:58.2200,extended,True,medium,medium,keep
CF:massbank_MSBNK-ACES_SU-AS001006_66_5148,CF,peak_mz,66.5148,MassBank record-derived,positive,Benzene and substituted derivatives; Diphenylmethanes; Diphenylmethanes,medium,1,observed,Prenylamine; LC-ESI-QFT; MS2; Ramp 20%-70% (nominal); 30000; [M+H]+,peak_mz:66.5150,extended,True,medium,medium,keep
CF:massbank_MSBNK-ACES_SU-AS001007_68_2813,CF,peak_mz,68.2813,MassBank record-derived,positive,Stilbenes; None; Stilbenes,medium,1,observed,Clomiphene; LC-ESI-QFT; MS2; Ramp 20%-70% (nominal); 30000; [M+H]+,peak_mz:68.2800,extended,True,medium,medium,keep
NL:massbank_MSBNK-ACES_SU-AS001009,NL,mass_diff,3.0026,MassBank record-derived,positive,Benzene and substituted derivatives; Halobenzenes; Chlorobenzenes,medium,1,observed,Oxiconazole; LC-ESI-QFT; MS2; Ramp 20%-70% (nominal); 30000; [M+H]+,mass_diff:3.0050,extended,True,medium,medium,keep
CF:massbank_MSBNK-ACES_SU-AS001009_50_7385,CF,peak_mz,50.7385,MassBank record-derived,positive,Benzene and substituted derivatives; Halobenzenes; Chlorobenzenes,medium,1,observed,Oxiconazole; LC-ESI-QFT; MS2; Ramp 20%-70% (nominal); 30000; [M+H]+,peak_mz:50.7400,extended,True,medium,medium,keep
CF:massbank_MSBNK-ACES_SU-AS001009_55_0096,CF,peak_mz,55.0096,MassBank record-derived,positive,Benzene and substituted derivatives; Halobenzenes; Chlorobenzenes,medium,1,observed,Oxiconazole; LC-ESI-QFT; MS2; Ramp 20%-70% (nominal); 30000; [M+H]+,peak_mz:55.0100,extended,True,medium,medium,keep
CF:massbank_MSBNK-ACES_SU-AS001010_85_0286,CF,peak_mz,85.0286,MassBank record-derived,positive,Organooxygen compounds; Carbohydrates and carbohydrate conjugates; Glycosyl compounds,medium,1,observed,Thiocolchicoside; LC-ESI-QFT; MS2; Ramp 20%-70% (nominal); 30000; [M+H]+,peak_mz:85.0300,extended,True,medium,medium,keep
CF:massbank_MSBNK-ACES_SU-AS001012_63_5202,CF,peak_mz,63.5202,MassBank record-derived,positive,Organonitrogen compounds; Amines; Aralkylamines,medium,1,observed,Pramipexole; LC-ESI-QFT; MS2; Ramp 20%-70% (nominal); 30000; [M+H]+,peak_mz:63.5200,extended,True,medium,medium,keep
CF:massbank_MSBNK-ACES_SU-AS001012_68_2481,CF,peak_mz,68.2481,MassBank record-derived,positive,Organonitrogen compounds; Amines; Aralkylamines,medium,1,observed,Pramipexole; LC-ESI-QFT; MS2; Ramp 20%-70% (nominal); 30000; [M+H]+,peak_mz:68.2500,extended,True,medium,medium,keep
CF:massbank_MSBNK-ACES_SU-AS001013_50_7203,CF,peak_mz,50.7203,MassBank record-derived,positive,Phenols; Benzenediols; Resorcinols,medium,1,observed,Metaproterenol; LC-ESI-QFT; MS2; Ramp 20%-70% (nominal); 30000; [M+H]+,peak_mz:50.7200,extended,True,medium,medium,keep
CF:massbank_MSBNK-ACES_SU-AS001013_52_6604,CF,peak_mz,52.6604,MassBank record-derived,positive,Phenols; Benzenediols; Resorcinols,medium,1,observed,Metaproterenol; LC-ESI-QFT; MS2; Ramp 20%-70% (nominal); 30000; [M+H]+,peak_mz:52.6600,extended,True,medium,medium,keep
CF:massbank_MSBNK-ACES_SU-AS001013_58_3932,CF,peak_mz,58.3932,MassBank record-derived,positive,Phenols; Benzenediols; Resorcinols,medium,1,observed,Metaproterenol; LC-ESI-QFT; MS2; Ramp 20%-70% (nominal); 30000; [M+H]+,peak_mz:58.3950,extended,True,medium,medium,keep
CF:massbank_MSBNK-ACES_SU-AS001014_54_3049,CF,peak_mz,54.3049,MassBank record-derived,positive,Organonitrogen compounds; Amines; Alkanolamines,medium,1,observed,Etanidazole; LC-ESI-QFT; MS2; Ramp 20%-70% (nominal); 30000; [M+H]+,peak_mz:54.3050,extended,True,medium,medium,keep
CF:massbank_MSBNK-ACES_SU-AS001015_52_3756,CF,peak_mz,52.3756,MassBank record-derived,positive,Diazines; Pyridazines and derivatives; Phenylpyridazines,medium,1,observed,Gabazine; LC-ESI-QFT; MS2; Ramp 20%-70% (nominal); 30000; [M+H]+,peak_mz:52.3750,extended,True,medium,medium,keep
CF:massbank_MSBNK-ACES_SU-AS001015_58_0591,CF,peak_mz,58.0591,MassBank record-derived,positive,Diazines; Pyridazines and derivatives; Phenylpyridazines,medium,1,observed,Gabazine; LC-ESI-QFT; MS2; Ramp 20%-70% (nominal); 30000; [M+H]+,peak_mz:58.0600,extended,True,medium,medium,keep
CF:massbank_MSBNK-ACES_SU-AS001016_56_9912,CF,peak_mz,56.9912,MassBank record-derived,positive,Benzodiazepines; Dibenzodiazepines; Dibenzodiazepines,medium,1,observed,Dibenzepine; LC-ESI-QFT; MS2; Ramp 20%-70% (nominal); 30000; [M+H]+,peak_mz:56.9900,extended,True,medium,medium,keep
CF:massbank_MSBNK-ACES_SU-AS001016_66_7622,CF,peak_mz,66.7622,MassBank record-derived,positive,Benzodiazepines; Dibenzodiazepines; Dibenzodiazepines,medium,1,observed,Dibenzepine; LC-ESI-QFT; MS2; Ramp 20%-70% (nominal); 30000; [M+H]+,peak_mz:66.7600,extended,True,medium,medium,keep
CF:massbank_MSBNK-ACES_SU-AS001017_73_0625,CF,peak_mz,73.0625,MassBank record-derived,positive,Benzimidazoles; None; Benzimidazoles,medium,1,observed,Emedastine; LC-ESI-QFT; MS2; Ramp 20%-70% (nominal); 30000; [M+H]+,peak_mz:73.0600,extended,True,medium,medium,keep
CF:massbank_MSBNK-ACES_SU-AS001018_60_7189,CF,peak_mz,60.7189,MassBank record-derived,positive,Benzene and substituted derivatives; Diphenylmethanes; Diphenylmethanes,medium,1,observed,Benztropine; LC-ESI-QFT; MS2; Ramp 20%-70% (nominal); 30000; [M+H]+,peak_mz:60.7200,extended,True,medium,medium,keep
CF:massbank_MSBNK-ACES_SU-AS001019_58_8528,CF,peak_mz,58.8528,MassBank record-derived,positive,Benzopyrazoles; Indazoles; Indazoles,medium,1,observed,Benzydamine; LC-ESI-QFT; MS2; Ramp 20%-70% (nominal); 30000; [M+H]+,peak_mz:58.8550,extended,True,medium,medium,keep
CF:massbank_MSBNK-ACES_SU-AS001020_57_8863,CF,peak_mz,57.8863,MassBank record-derived,positive,Phenol ethers; None; Phenol ethers,medium,1,observed,Reboxetine; LC-ESI-QFT; MS2; Ramp 20%-70% (nominal); 30000; [M+H]+,peak_mz:57.8850,extended,True,medium,medium,keep
CF:massbank_MSBNK-ACES_SU-AS001020_69_5163,CF,peak_mz,69.5163,MassBank record-derived,positive,Phenol ethers; None; Phenol ethers,medium,1,observed,Reboxetine; LC-ESI-QFT; MS2; Ramp 20%-70% (nominal); 30000; [M+H]+,peak_mz:69.5150,extended,True,medium,medium,keep
CF:massbank_MSBNK-ACES_SU-AS001021_53_7124,CF,peak_mz,53.7124,MassBank record-derived,positive,"Carboxylic acids and derivatives; Amino acids, peptides, and analogues; Peptides",medium,1,observed,Flucloxacillin; LC-ESI-QFT; MS2; Ramp 20%-70% (nominal); 30000; [M+H]+,peak_mz:53.7100,extended,True,medium,medium,keep
CF:massbank_MSBNK-ACES_SU-AS001021_58_2726,CF,peak_mz,58.2726,MassBank record-derived,positive,"Carboxylic acids and derivatives; Amino acids, peptides, and analogues; Peptides",medium,1,observed,Flucloxacillin; LC-ESI-QFT; MS2; Ramp 20%-70% (nominal); 30000; [M+H]+,peak_mz:58.2750,extended,True,medium,medium,keep
CF:massbank_MSBNK-ACES_SU-AS001021_62_4848,CF,peak_mz,62.4848,MassBank record-derived,positive,"Carboxylic acids and derivatives; Amino acids, peptides, and analogues; Peptides",medium,1,observed,Flucloxacillin; LC-ESI-QFT; MS2; Ramp 20%-70% (nominal); 30000; [M+H]+,peak_mz:62.4850,extended,True,medium,medium,keep
CF:massbank_MSBNK-ACES_SU-AS001022_50_2044,CF,peak_mz,50.2044,MassBank record-derived,positive,Piperidines; None; Piperidines,medium,1,observed,Perhexiline; LC-ESI-QFT; MS2; Ramp 20%-70% (nominal); 30000; [M+H]+,peak_mz:50.2050,extended,True,medium,medium,keep
CF:massbank_MSBNK-ACES_SU-AS001022_52_3344,CF,peak_mz,52.3344,MassBank record-derived,positive,Piperidines; None; Piperidines,medium,1,observed,Perhexiline; LC-ESI-QFT; MS2; Ramp 20%-70% (nominal); 30000; [M+H]+,peak_mz:52.3350,extended,True,medium,medium,keep
CF:massbank_MSBNK-ACES_SU-AS001022_53_6633,CF,peak_mz,53.6633,MassBank record-derived,positive,Piperidines; None; Piperidines,medium,1,observed,Perhexiline; LC-ESI-QFT; MS2; Ramp 20%-70% (nominal); 30000; [M+H]+,peak_mz:53.6650,extended,True,medium,medium,keep
CF:massbank_MSBNK-ACES_SU-AS001023_63_6148,CF,peak_mz,63.6148,MassBank record-derived,positive,Diazines; Pyridazines and derivatives; Phenylpyridazines,medium,1,observed,Minaprine; LC-ESI-QFT; MS2; Ramp 20%-70% (nominal); 30000; [M+H]+,peak_mz:63.6150,extended,True,medium,medium,keep
CF:massbank_MSBNK-ACES_SU-AS001023_74_61,CF,peak_mz,74.61,MassBank record-derived,positive,Diazines; Pyridazines and derivatives; Phenylpyridazines,medium,1,observed,Minaprine; LC-ESI-QFT; MS2; Ramp 20%-70% (nominal); 30000; [M+H]+,peak_mz:74.6100,extended,True,medium,medium,keep
CF:massbank_MSBNK-ACES_SU-AS001024_61_6658,CF,peak_mz,61.6658,MassBank record-derived,positive,Benzothiepins; Dibenzothiepins; Dibenzothiepins,medium,1,observed,Zotepine; LC-ESI-QFT; MS2; Ramp 20%-70% (nominal); 30000; [M+H]+,peak_mz:61.6650,extended,True,medium,medium,keep
CF:massbank_MSBNK-ACES_SU-AS001025_56_3747,CF,peak_mz,56.3747,MassBank record-derived,positive,Benzene and substituted derivatives; Methoxybenzenes; Dimethoxybenzenes,medium,1,observed,Remoxipride; LC-ESI-QFT; MS2; Ramp 20%-70% (nominal); 30000; [M+H]+,peak_mz:56.3750,extended,True,medium,medium,keep
CF:massbank_MSBNK-ACES_SU-AS001026_55_5849,CF,peak_mz,55.5849,MassBank record-derived,positive,Benzene and substituted derivatives; Phenylcarbamic acid esters; Phenylcarbamic acid esters,medium,1,observed,Diperodon; LC-ESI-QFT; MS2; Ramp 20%-70% (nominal); 30000; [M+H]+,peak_mz:55.5850,extended,True,medium,medium,keep
CF:massbank_MSBNK-ACES_SU-AS001026_55_7507,CF,peak_mz,55.7507,MassBank record-derived,positive,Benzene and substituted derivatives; Phenylcarbamic acid esters; Phenylcarbamic acid esters,medium,1,observed,Diperodon; LC-ESI-QFT; MS2; Ramp 20%-70% (nominal); 30000; [M+H]+,peak_mz:55.7500,extended,True,medium,medium,keep
CF:massbank_MSBNK-ACES_SU-AS001028_50_6017,CF,peak_mz,50.6017,MassBank record-derived,positive,"Thiadiazines; Benzothiadiazines; 1,2,4-benzothiadiazine-1,1-dioxides",medium,1,observed,Benzthiazide; LC-ESI-QFT; MS2; Ramp 20%-70% (nominal); 30000; [M+H]+,peak_mz:50.6000,extended,True,medium,medium,keep
CF:massbank_MSBNK-ACES_SU-AS001028_51_1464,CF,peak_mz,51.1464,MassBank record-derived,positive,"Thiadiazines; Benzothiadiazines; 1,2,4-benzothiadiazine-1,1-dioxides",medium,1,observed,Benzthiazide; LC-ESI-QFT; MS2; Ramp 20%-70% (nominal); 30000; [M+H]+,peak_mz:51.1450,extended,True,medium,medium,keep
CF:massbank_MSBNK-ACES_SU-AS001028_53_5803,CF,peak_mz,53.5803,MassBank record-derived,positive,"Thiadiazines; Benzothiadiazines; 1,2,4-benzothiadiazine-1,1-dioxides",medium,1,observed,Benzthiazide; LC-ESI-QFT; MS2; Ramp 20%-70% (nominal); 30000; [M+H]+,peak_mz:53.5800,extended,True,medium,medium,keep
CF:massbank_MSBNK-ACES_SU-AS001030_86_2851,CF,peak_mz,86.2851,MassBank record-derived,positive,Benzopyrans; 1-benzopyrans; Chromones,medium,1,observed,Pranlukast; LC-ESI-QFT; MS2; Ramp 20%-70% (nominal); 30000; [M+H]+,peak_mz:86.2850,extended,True,medium,medium,keep
CF:massbank_MSBNK-ACES_SU-AS001031_50_8271,CF,peak_mz,50.8271,MassBank record-derived,positive,Benzene and substituted derivatives; Benzoic acids and derivatives; Acylaminobenzoic acid and derivatives,medium,1,observed,Antimycin A; LC-ESI-QFT; MS2; Ramp 20%-70% (nominal); 30000; [M+H]+,peak_mz:50.8250,extended,True,medium,medium,keep
CF:massbank_MSBNK-ACES_SU-AS001031_58_1572,CF,peak_mz,58.1572,MassBank record-derived,positive,Benzene and substituted derivatives; Benzoic acids and derivatives; Acylaminobenzoic acid and derivatives,medium,1,observed,Antimycin A; LC-ESI-QFT; MS2; Ramp 20%-70% (nominal); 30000; [M+H]+,peak_mz:58.1550,extended,True,medium,medium,keep
CF:massbank_MSBNK-ACES_SU-AS001032_52_1737,CF,peak_mz,52.1737,MassBank record-derived,positive,"Carboxylic acids and derivatives; Amino acids, peptides, and analogues; Peptides",medium,1,observed,Thiostrepton; LC-ESI-QFT; MS2; Ramp 20%-70% (nominal); 30000; [M+2H]2+,peak_mz:52.1750,extended,True,medium,medium,keep
CF:massbank_MSBNK-ACES_SU-AS001032_63_1548,CF,peak_mz,63.1548,MassBank record-derived,positive,"Carboxylic acids and derivatives; Amino acids, peptides, and analogues; Peptides",medium,1,observed,Thiostrepton; LC-ESI-QFT; MS2; Ramp 20%-70% (nominal); 30000; [M+2H]2+,peak_mz:63.1550,extended,True,medium,medium,keep
CF:massbank_MSBNK-ACES_SU-AS001032_64_7239,CF,peak_mz,64.7239,MassBank record-derived,positive,"Carboxylic acids and derivatives; Amino acids, peptides, and analogues; Peptides",medium,1,observed,Thiostrepton; LC-ESI-QFT; MS2; Ramp 20%-70% (nominal); 30000; [M+2H]2+,peak_mz:64.7250,extended,True,medium,medium,keep
CF:massbank_MSBNK-ACES_SU-AS001033_61_9271,CF,peak_mz,61.9271,MassBank record-derived,positive,"Carboxylic acids and derivatives; Amino acids, peptides, and analogues; Amino acids and derivatives",medium,1,observed,Levetiracetam; LC-ESI-QFT; MS2; Ramp 20%-70% (nominal); 30000; [M+H]+,peak_mz:61.9250,extended,True,medium,medium,keep
NL:massbank_MSBNK-ACES_SU-AS001034,NL,mass_diff,187.07,MassBank record-derived,positive,Benzene and substituted derivatives; Benzoic acids and derivatives; Benzamides,medium,1,observed,Picotamide; LC-ESI-QFT; MS2; Ramp 20%-70% (nominal); 30000; [M+2H]2+,mass_diff:187.0700,extended,True,medium,medium,keep
CF:massbank_MSBNK-ACES_SU-AS001035_50_7811,CF,peak_mz,50.7811,MassBank record-derived,positive,Phenols; Benzenediols; Catechols,medium,1,observed,(+)-Isoproterenol; LC-ESI-QFT; MS2; Ramp 20%-70% (nominal); 30000; [M+H]+,peak_mz:50.7800,extended,True,medium,medium,keep
CF:massbank_MSBNK-ACES_SU-AS001035_54_4758,CF,peak_mz,54.4758,MassBank record-derived,positive,Phenols; Benzenediols; Catechols,medium,1,observed,(+)-Isoproterenol; LC-ESI-QFT; MS2; Ramp 20%-70% (nominal); 30000; [M+H]+,peak_mz:54.4750,extended,True,medium,medium,keep
CF:massbank_MSBNK-ACES_SU-AS001037_50_3977,CF,peak_mz,50.3977,MassBank record-derived,positive,Azaspirodecane derivatives; None; Azaspirodecane derivatives,medium,1,observed,Fenspiride; LC-ESI-QFT; MS2; Ramp 20%-70% (nominal); 30000; [M+H]+,peak_mz:50.4000,extended,True,medium,medium,keep
CF:massbank_MSBNK-ACES_SU-AS001037_53_9594,CF,peak_mz,53.9594,MassBank record-derived,positive,Azaspirodecane derivatives; None; Azaspirodecane derivatives,medium,1,observed,Fenspiride; LC-ESI-QFT; MS2; Ramp 20%-70% (nominal); 30000; [M+H]+,peak_mz:53.9600,extended,True,medium,medium,keep
CF:massbank_MSBNK-ACES_SU-AS001038_64_483,CF,peak_mz,64.483,MassBank record-derived,positive,Organonitrogen compounds; Amines; Tertiary amines,medium,1,observed,Methapyrilene; LC-ESI-QFT; MS2; Ramp 20%-70% (nominal); 30000; [M+H]+,peak_mz:64.4850,extended,True,medium,medium,keep
CF:massbank_MSBNK-ACES_SU-AS001038_69_7485,CF,peak_mz,69.7485,MassBank record-derived,positive,Organonitrogen compounds; Amines; Tertiary amines,medium,1,observed,Methapyrilene; LC-ESI-QFT; MS2; Ramp 20%-70% (nominal); 30000; [M+H]+,peak_mz:69.7500,extended,True,medium,medium,keep
CF:massbank_MSBNK-ACES_SU-AS001039_51_6484,CF,peak_mz,51.6484,MassBank record-derived,positive,Benzothiopyrans; 1-benzothiopyrans; Thioxanthenes,medium,1,observed,Metixene; LC-ESI-QFT; MS2; Ramp 20%-70% (nominal); 30000; [M+H]+,peak_mz:51.6500,extended,True,medium,medium,keep
CF:massbank_MSBNK-ACES_SU-AS001040_54_7245,CF,peak_mz,54.7245,MassBank record-derived,positive,"Azoles; Thiazoles; 2,4,5-trisubstituted thiazoles",medium,1,observed,Fentiazac; LC-ESI-QFT; MS2; Ramp 20%-70% (nominal); 30000; [M+H]+,peak_mz:54.7250,extended,True,medium,medium,keep
CF:massbank_MSBNK-ACES_SU-AS001040_58_995,CF,peak_mz,58.995,MassBank record-derived,positive,"Azoles; Thiazoles; 2,4,5-trisubstituted thiazoles",medium,1,observed,Fentiazac; LC-ESI-QFT; MS2; Ramp 20%-70% (nominal); 30000; [M+H]+,peak_mz:58.9950,extended,True,medium,medium,keep
CF:massbank_MSBNK-ACES_SU-AS001040_76_6052,CF,peak_mz,76.6052,MassBank record-derived,positive,"Azoles; Thiazoles; 2,4,5-trisubstituted thiazoles",medium,1,observed,Fentiazac; LC-ESI-QFT; MS2; Ramp 20%-70% (nominal); 30000; [M+H]+,peak_mz:76.6050,extended,True,medium,medium,keep
CF:massbank_MSBNK-ACES_SU-AS001041_52_559,CF,peak_mz,52.559,MassBank record-derived,positive,Benzene and substituted derivatives; Phenylbutylamines; Phenylbutylamines,medium,1,observed,Clofilium; LC-ESI-QFT; MS2; Ramp 20%-70% (nominal); 30000; [M]+,peak_mz:52.5600,extended,True,medium,medium,keep
CF:massbank_MSBNK-ACES_SU-AS001042_55_0008,CF,peak_mz,55.0008,MassBank record-derived,positive,Benzene and substituted derivatives; Benzoic acids and derivatives; Benzamides,medium,1,observed,Picotamide; LC-ESI-QFT; MS2; Ramp 20%-70% (nominal); 30000; [M+H]+,peak_mz:55.0000,extended,True,medium,medium,keep
CF:massbank_MSBNK-ACES_SU-AS001042_65_3342,CF,peak_mz,65.3342,MassBank record-derived,positive,Benzene and substituted derivatives; Benzoic acids and derivatives; Benzamides,medium,1,observed,Picotamide; LC-ESI-QFT; MS2; Ramp 20%-70% (nominal); 30000; [M+H]+,peak_mz:65.3350,extended,True,medium,medium,keep
CF:massbank_MSBNK-ACES_SU-AS001043_51_5516,CF,peak_mz,51.5516,MassBank record-derived,positive,Benzene and substituted derivatives; Phenylpropanes; Phenylpropanes,medium,1,observed,Methylbenzethonium; LC-ESI-QFT; MS2; Ramp 20%-70% (nominal); 30000; [M]+,peak_mz:51.5500,extended,True,medium,medium,keep
CF:massbank_MSBNK-ACES_SU-AS001043_54_5877,CF,peak_mz,54.5877,MassBank record-derived,positive,Benzene and substituted derivatives; Phenylpropanes; Phenylpropanes,medium,1,observed,Methylbenzethonium; LC-ESI-QFT; MS2; Ramp 20%-70% (nominal); 30000; [M]+,peak_mz:54.5900,extended,True,medium,medium,keep
CF:massbank_MSBNK-ACES_SU-AS001044_70_6501,CF,peak_mz,70.6501,MassBank record-derived,positive,Benzimidazoles; None; Benzimidazoles,medium,1,observed,Astemizole; LC-ESI-QFT; MS2; Ramp 20%-70% (nominal); 30000; [M+H]+,peak_mz:70.6500,extended,True,medium,medium,keep
CF:massbank_MSBNK-ACES_SU-AS001045_50_5499,CF,peak_mz,50.5499,MassBank record-derived,positive,Organooxygen compounds; Carbohydrates and carbohydrate conjugates; Glycosyl compounds,medium,1,observed,Tribenoside; LC-ESI-QFT; MS2; Ramp 20%-70% (nominal); 30000; [M+H]+,peak_mz:50.5500,extended,True,medium,medium,keep
CF:massbank_MSBNK-ACES_SU-AS001045_54_6274,CF,peak_mz,54.6274,MassBank record-derived,positive,Organooxygen compounds; Carbohydrates and carbohydrate conjugates; Glycosyl compounds,medium,1,observed,Tribenoside; LC-ESI-QFT; MS2; Ramp 20%-70% (nominal); 30000; [M+H]+,peak_mz:54.6250,extended,True,medium,medium,keep
NL:massbank_MSBNK-ACES_SU-AS001046,NL,mass_diff,18.0319,MassBank record-derived,positive,Organooxygen compounds; Carbohydrates and carbohydrate conjugates; Glycosyl compounds,medium,1,observed,Tribenoside; LC-ESI-QFT; MS2; Ramp 20%-70% (nominal); 30000; [M+NH4]+,mass_diff:18.0300,extended,True,medium,medium,keep
NL:massbank_MSBNK-ACES_SU-AS001047,NL,mass_diff,315.0556,MassBank record-derived,positive,Carboxylic acids and derivatives; Tetracarboxylic acids and derivatives; Tetracarboxylic acids and derivatives,medium,1,observed,Auranofin; LC-ESI-QFT; MS2; Ramp 20%-70% (nominal); 30000; [M+H]+,mass_diff:315.0550,extended,True,medium,medium,keep
CF:massbank_MSBNK-ACES_SU-AS001047_51_3002,CF,peak_mz,51.3002,MassBank record-derived,positive,Carboxylic acids and derivatives; Tetracarboxylic acids and derivatives; Tetracarboxylic acids and derivatives,medium,1,observed,Auranofin; LC-ESI-QFT; MS2; Ramp 20%-70% (nominal); 30000; [M+H]+,peak_mz:51.3000,extended,True,medium,medium,keep
CF:massbank_MSBNK-ACES_SU-AS001047_56_9889,CF,peak_mz,56.9889,MassBank record-derived,positive,Carboxylic acids and derivatives; Tetracarboxylic acids and derivatives; Tetracarboxylic acids and derivatives,medium,1,observed,Auranofin; LC-ESI-QFT; MS2; Ramp 20%-70% (nominal); 30000; [M+H]+,peak_mz:56.9900,extended,True,medium,medium,keep
CF:massbank_MSBNK-ACES_SU-AS001048_55_0417,CF,peak_mz,55.0417,MassBank record-derived,positive,Organonitrogen compounds; Amines; Primary amines,medium,1,observed,Betazole; LC-ESI-QFT; MS2; Ramp 20%-70% (nominal); 30000; [M+H]+,peak_mz:55.0400,extended,True,medium,medium,keep
CF:massbank_MSBNK-ACES_SU-AS001049_66_1632,CF,peak_mz,66.1632,MassBank record-derived,positive,"Benzodioxanes; Benzo-1,4-dioxanes; Benzo-1,4-dioxanes",medium,1,observed,Idazoxan; LC-ESI-QFT; MS2; Ramp 20%-70% (nominal); 30000; [M+H]+,peak_mz:66.1650,extended,True,medium,medium,keep
CF:massbank_MSBNK-ACES_SU-AS001049_89_2036,CF,peak_mz,89.2036,MassBank record-derived,positive,"Benzodioxanes; Benzo-1,4-dioxanes; Benzo-1,4-dioxanes",medium,1,observed,Idazoxan; LC-ESI-QFT; MS2; Ramp 20%-70% (nominal); 30000; [M+H]+,peak_mz:89.2050,extended,True,medium,medium,keep
CF:massbank_MSBNK-ACES_SU-AS001049_91_4761,CF,peak_mz,91.4761,MassBank record-derived,positive,"Benzodioxanes; Benzo-1,4-dioxanes; Benzo-1,4-dioxanes",medium,1,observed,Idazoxan; LC-ESI-QFT; MS2; Ramp 20%-70% (nominal); 30000; [M+H]+,peak_mz:91.4750,extended,True,medium,medium,keep
CF:massbank_MSBNK-ACES_SU-AS001050_68_0574,CF,peak_mz,68.0574,MassBank record-derived,positive,Organonitrogen compounds; Amines; Aralkylamines,medium,1,observed,Tiletamine; LC-ESI-QFT; MS2; Ramp 20%-70% (nominal); 30000; [M+H]+,peak_mz:68.0550,extended,True,medium,medium,keep
